ID_YPS,SPP,GENUS,SPECIES,FAMILY,LIANA,FOREST
CHFARAOC9,FARAOC,Faramea,occidentalis,Rubiaceae,0,Unknown
CHFORSVI6,FORSVI,Forsteronia,acouci,Apocynaceae,1,Unknown
CHPLAOVA7,PLEOVA,Pleonotoma,variabilis,Bignoniaceae,1,Unknown
CHFARAOC6,FARAOC,Faramea,occidentalis,Rubiaceae,0,Unknown
CHMAR2PA9,MAR2PA,Maripa,panamensis,Convolvulaceae,1,Unknown
CHPAR1PY7,PAR1PY,Tanaecium,pyramidatum,Bignoniaceae,1,Unknown
CHCUPASY10,CUPASY,Cupania,seemannii,Sapindaceae,0,Unknown
CHPLEOVA5,PLEOVA,Pleonotoma,variabilis,Bignoniaceae,1,Unknown
CHMAR2PA5,MAR2PA,Maripa,panamensis,Convolvulaceae,1,Unknown
CHPAR1PY3,PAR1PY,Tanaecium,pyramidatum,Bignoniaceae,1,Unknown
CHPIPECU6,PIPECU,Piper,colonense,Piperaceae,0,Unknown
CHPIPECU8,PIPECU,Piper,colonense,Piperaceae,0,Unknown
CHINGASA10,INGASA,Inga,sapindoides,Fabaceae,0,Unknown
CHDOLIDE5,DOLIDE,Doliocarpus,dentatus,Dilleniaceae,1,Unknown
CHINGASA9,INGASA,Inga,sapindoides,Fabaceae,0,Unknown
CHPLEOVA4,PLEOVA,Pleonotoma,variabilis,Bignoniaceae,1,Unknown
CHPIPECO6,PIPECO,Piper,cordulatum,Piperaceae,0,Unknown
CHPIPECU7,PIPECU,Piper,colonense,Piperaceae,0,Unknown
CHFORSVI7,FORSVI,Forsteronia,acouci,Apocynaceae,1,Unknown
CHALSEBL7,ALSEBL,Alseis,blackiana,Rubiaceae,0,Unknown
CHARDIPE7,ARDIPE,Ardisia,pellucida,Primulaceae,0,Unknown
CHALSEBL4,ALSEBL,Alseis,blackiana,Rubiaceae,0,Unknown
CHPIPECO5,PIPECO,Piper,cordulatum,Piperaceae,0,Unknown
CHPROTTE5,PROTTE,Protium,tenuifolium,Burseraceae,0,Unknown
CHINGASA3,INGASA,Inga,sapindoides,Fabaceae,0,Unknown
CHPAR1PY2,PAR1PY,Tanaecium,pyramidatum,Bignoniaceae,1,Unknown
CHPIPECU3,PIPECU,Piper,colonense,Piperaceae,0,Unknown
CHSWARS15,SWARS1,Swartzia,simplex,Fabaceae,0,Unknown
CHCALLLA7,CALLLA,Callichlamys,latifolia,Bignoniaceae,1,Unknown
CHCOCCP16,COCCP1,Coccoloba,excelsa,Polygonaceae,1,Unknown
CHGUSTSU8,GUSTSU,Gustavia,superba,Lecythidaceae,0,Unknown
CHSWARS16,SWARS1,Swartzia,simplex,Fabaceae,0,Unknown
CHPHRYCO5,PHRYCO,Bignonia,corymbosa,Bignoniaceae,1,Unknown
CHDOLIOL6,DOLIOL,Doliocarpus,olivaceus,Dilleniaceae,1,Unknown
CHINGASA4,INGASA,Inga,sapindoides,Fabaceae,0,Unknown
CHGUSTSU7,GUSTSU,Gustavia,superba,Lecythidaceae,0,Unknown
CHFORSVI5,FORSVI,Forsteronia,acouci,Apocynaceae,1,Unknown
CHGUARGU6,GUARGU,Guarea,guidonia,Meliaceae,0,Unknown
CHVIROSE6,VIROSE,Virola,sebifera,Myristicaceae,0,Unknown
CHALSEBL3,ALSEBL,Alseis,blackiana,Rubiaceae,0,Unknown
CHPROTTE7,PROTTE,Protium,tenuifolium,Burseraceae,0,Unknown
CHLACIAG7,LACIAG,Lacistema,aggregatum,Lacistemataceae,0,Unknown
CHGUARGU4,GUARGU,Guarea,guidonia,Meliaceae,0,Unknown
CHRINOSY8,RINOSY,Rinorea,silvatica,Violaceae,0,Unknown
CHLACIAG6,LACIAG,Lacistema,aggregatum,Lacistemataceae,0,Unknown
CHRINOSY3,RINOSY,Rinorea,silvatica,Violaceae,0,Unknown
CHDOLIOL7,DOLIOL,Doliocarpus,olivaceus,Dilleniaceae,1,Unknown
CHPHRYCO6,PHRYCO,Bignonia,corymbosa,Bignoniaceae,1,Unknown
CHTROPRA7,TROPRA,Trophis,racemosa,Moraceae,0,Unknown
CHDOLIMA6,DOLIMA,Doliocarpus,major,Dilleniaceae,1,Unknown
CHGUARGU5,GUARGU,Guarea,guidonia,Meliaceae,0,Unknown
CHDOLIDE8,DOLIDE,Doliocarpus,dentatus,Dilleniaceae,1,Unknown
CHFARAOC5,FARAOC,Faramea,occidentalis,Rubiaceae,0,Unknown
CHPAR1PY1,PAR1PY,Tanaecium,pyramidatum,Bignoniaceae,1,Unknown
ACINGAFA6,INGAFA,Inga,laurina,Fabaceae,0,Unknown
CHMAR2PA4,MAR2PA,Maripa,panamensis,Convolvulaceae,1,Unknown
CHANNOHA4,ANNOHA,Annona,hayesii,Annonaceae,0,Unknown
CHSOROAF7,SOROAF,Sorocea,affinis,Moraceae,0,Unknown
CHALSEBL9,ALSEBL,Alseis,blackiana,Rubiaceae,0,Unknown
CHANNOHA10,ANNOHA,Annona,hayesii,Annonaceae,0,Unknown
CHPHRYCO9,PHRYCO,Bignonia,corymbosa,Bignoniaceae,1,Unknown
CHDOLIDE6,DOLIDE,Doliocarpus,dentatus,Dilleniaceae,1,Unknown
CHANNOHA6,ANNOHA,Annona,hayesii,Annonaceae,0,Unknown
CHFARAOC4,FARAOC,Faramea,occidentalis,Rubiaceae,0,Unknown
MECAPPIN7,CAPPIN,Morisonia,indica,Capparaceae,0,Unknown
MECAPPIN5,CAPPIN,Morisonia,indica,Capparaceae,0,Unknown
MEPOSOLA8,POSOLA,Posoqueria,latifolia,Rubiaceae,0,Unknown
MECAPPIN4,CAPPIN,Morisonia,indica,Capparaceae,0,Unknown
MEMACHM25,MACHM2,Machaerium,milleflorum,Fabaceae,1,Unknown
MEOURALU10,OURALU,Ouratea,lucens,Ochnaceae,0,Unknown
MEOURALU9,OURALU,Ouratea,lucens,Ochnaceae,0,Unknown
MEMACHM24,MACHM2,Machaerium,milleflorum,Fabaceae,1,Unknown
MEOURALU5,OURALU,Ouratea,lucens,Ochnaceae,0,Unknown
MEPOSOLA6,POSOLA,Posoqueria,latifolia,Rubiaceae,0,Unknown
MEMASCNE6,MASCNE,Mascagnia,ovatifolia,Malpighiaceae,1,Unknown
MEPIT1RU10,PIT1RU,Cojoba,rufescens,Fabaceae,0,Unknown
MEMASCNE5,MASCNE,Mascagnia,ovatifolia,Malpighiaceae,1,Unknown
MESERJME6,SERJME,Serjania,mexicana,Sapindaceae,1,Unknown
MEANACEX11,ANACEX,Anacardium,excelsum,Anacardiaceae,0,Unknown
MELACIAG6,LACIAG,Lacistema,aggregatum,Lacistemataceae,0,Unknown
MEINGAVE6,INGAVE,Inga,vera,Fabaceae,0,Unknown
MEPHRYCO5,PHRYCO,Bignonia,corymbosa,Bignoniaceae,1,Unknown
MECAPPIN3,CAPPIN,Morisonia,indica,Capparaceae,0,Unknown
MEINGAVE5,INGAVE,Inga,vera,Fabaceae,0,Unknown
MEOURALU4,OURALU,Ouratea,lucens,Ochnaceae,0,Unknown
MEPHRYCO4,PHRYCO,Bignonia,corymbosa,Bignoniaceae,1,Unknown
MEPHRYCO3,PHRYCO,Bignonia,corymbosa,Bignoniaceae,1,Unknown
MEPIT1RU7,PIT1RU,Cojoba,rufescens,Fabaceae,0,Unknown
MECASTEL7,CASTEL,Castilla,elastica,Moraceae,0,Unknown
MEMASCNE4,MASCNE,Mascagnia,ovatifolia,Malpighiaceae,1,Unknown
MEPSYCHO6,PSYCHO,Psychotria,horizontalis,Rubiaceae,0,Unknown
MEPSYCHO5,PSYCHO,Psychotria,horizontalis,Rubiaceae,0,Unknown
METYNNCR6,TYNNCR,Tynanthus,croatianus,Bignoniaceae,1,Unknown
MESERJME3,SERJME,Serjania,mexicana,Sapindaceae,1,Unknown
MEINGAVE4,INGAVE,Inga,vera,Fabaceae,0,Unknown
MECAPPIN2,CAPPIN,Morisonia,indica,Capparaceae,0,Unknown
MEDOLIMA6,DOLIMA,Doliocarpus,major,Dilleniaceae,1,Unknown
MEMACHM21,MACHM2,Machaerium,milleflorum,Fabaceae,1,Unknown
MEPOSOLA5,POSOLA,Posoqueria,latifolia,Rubiaceae,0,Unknown
MEHIRTRA3,HIRTRA,Hirtella,racemosa,Chrysobalanaceae,0,Unknown
MESTIZRI5,STIZRI,Stizophyllum,riparium,Bignoniaceae,1,Unknown
MEPOSOLA11,POSOLA,Posoqueria,latifolia,Rubiaceae,0,Unknown
MECASTEL6,CASTEL,Castilla,elastica,Moraceae,0,Unknown
MEPIT1RU6,PIT1RU,Cojoba,rufescens,Fabaceae,0,Unknown
MELACIAG4,LACIAG,Lacistema,aggregatum,Lacistemataceae,0,Unknown
MEPOSOLA4,POSOLA,Posoqueria,latifolia,Rubiaceae,0,Unknown
MEHIRTRA6,HIRTRA,Hirtella,racemosa,Chrysobalanaceae,0,Unknown
MESERJME4,SERJME,Serjania,mexicana,Sapindaceae,1,Unknown
MELACIAG3,LACIAG,Lacistema,aggregatum,Lacistemataceae,0,Unknown
MEINGAVE3,INGAVE,Inga,vera,Fabaceae,0,Unknown
MEHIRTRA5,HIRTRA,Hirtella,racemosa,Chrysobalanaceae,0,Unknown
MEPIPEGR2,PIPEGR,Piper,grande,Piperaceae,0,Unknown
MESERJME2,SERJME,Serjania,mexicana,Sapindaceae,1,Unknown
MEPIPEAE6,PIPEAE,Piper,aequale,Piperaceae,0,Unknown
METYNNCR5,TYNNCR,Tynanthus,croatianus,Bignoniaceae,1,Unknown
MEPIPEGR10,PIPEGR,Piper,grande,Piperaceae,0,Unknown
METYNACR4,TYNNCR,Tynanthus,croatianus,Bignoniaceae,1,Unknown
MEPIPEGR1,PIPEGR,Piper,grande,Piperaceae,0,Unknown
MEPIPEGR6,PIPEGR,Piper,grande,Piperaceae,0,Unknown
PMSTYLST11,STYLST,Stylogyne,turbacensis,Primulaceae,0,Unknown
MEHIRTRA4,HIRTRA,Hirtella,racemosa,Chrysobalanaceae,0,Unknown
MEPICRLA10,PICRLA,Picramnia,latifolia,Picramniaceae,0,Unknown
MELACIAG5,LACIAG,Lacistema,aggregatum,Lacistemataceae,0,Unknown
MESERJME5,SERJME,Serjania,mexicana,Sapindaceae,1,Unknown
MEPICRLA5,PICRLA,Picramnia,latifolia,Picramniaceae,0,Unknown
MEPSYCHO4,PSYCHO,Psychotria,horizontalis,Rubiaceae,0,Unknown
MEPSYCHO3,PSYCHO,Psychotria,horizontalis,Rubiaceae,0,Unknown
PMSTYLST6,STYLST,Stylogyne,turbacensis,Primulaceae,0,Unknown
MEOURALU3,OURALU,Ouratea,lucens,Ochnaceae,0,Unknown
MEPIPEGR8,PIPEGR,Piper,grande,Piperaceae,0,Unknown
MELACIAG2,LACIAG,Lacistema,aggregatum,Lacistemataceae,0,Unknown
MEPICRLA6,PICRLA,Picramnia,latifolia,Picramniaceae,0,Unknown
MEALIBED6,ALIBED,Alibertia,edulis,Rubiaceae,0,Unknown
MEPIPEAE5,PIPEAE,Piper,aequale,Piperaceae,0,Unknown
MEHIRTRA2,HIRTRA,Hirtella,racemosa,Chrysobalanaceae,0,Unknown
MECALLLA7,CALLLA,Callichlamys,latifolia,Bignoniaceae,1,Unknown
MELACIAG1,LACIAG,Lacistema,aggregatum,Lacistemataceae,0,Unknown
MEMACHM22,MACHM2,Machaerium,milleflorum,Fabaceae,1,Unknown
MESTIZRI9,STIZRI,Stizophyllum,riparium,Bignoniaceae,1,Unknown
METYNNCR4,TYNNCR,Tynanthus,croatianus,Bignoniaceae,1,Unknown
MEDOLIMA5,DOLIMA,Doliocarpus,major,Dilleniaceae,1,Unknown
MECALLLA5,CALLLA,Callichlamys,latifolia,Bignoniaceae,1,Unknown
MEPERIPR9,PERIPR,Peritassa,pruinosa,Celastraceae,1,Unknown
MEPHRYCO7,PHRYCO,Bignonia,corymbosa,Bignoniaceae,1,Unknown
MEMASCNE3,MASCNE,Mascagnia,ovatifolia,Malpighiaceae,1,Unknown
MESTIZRI8,STIZRI,Stizophyllum,riparium,Bignoniaceae,1,Unknown
METET1PO9,TET1PO,Tetracera,portobellensis,Dilleniaceae,1,Unknown
MEALIBED5,ALIBED,Alibertia,edulis,Rubiaceae,0,Unknown
PMSTYLST12,STYLST,Stylogyne,turbacensis,Primulaceae,0,Unknown
MEANACEX6,ANACEX,Anacardium,excelsum,Anacardiaceae,0,Unknown
MECNESRU6,CNESRU,Cnestidium,rufescens,Connaraceae,1,Unknown
MEALIBED4,ALIBED,Alibertia,edulis,Rubiaceae,0,Unknown
MECASTEL5,CASTEL,Castilla,elastica,Moraceae,0,Unknown
MEDOLIMA3,DOLIMA,Doliocarpus,major,Dilleniaceae,1,Unknown
PMSTYLST5,STYLST,Stylogyne,turbacensis,Primulaceae,0,Unknown
MESTIZRI4,STIZRI,Stizophyllum,riparium,Bignoniaceae,1,Unknown
METET1PO5,TET1PO,Tetracera,portobellensis,Dilleniaceae,1,Unknown
MEDOLIMA4,DOLIMA,Doliocarpus,major,Dilleniaceae,1,Unknown
MEPIT1RU4,PIT1RU,Cojoba,rufescens,Fabaceae,0,Unknown
MECHR2CA6,CHR2CA,Chrysophyllum,cainito,Sapotaceae,0,Unknown
MESTIZRI3,STIZRI,Stizophyllum,riparium,Bignoniaceae,1,Unknown
MEPAR1PY6,PAR1PY,Tanaecium,pyramidatum,Bignoniaceae,1,Unknown
MEPIT1RU3,PIT1RU,Cojoba,rufescens,Fabaceae,0,Unknown
MEINGAVE2,INGAVE,Inga,vera,Fabaceae,0,Unknown
MEPSYCHO2,PSYCHO,Psychotria,horizontalis,Rubiaceae,0,Unknown
MEPAR1PY7,PAR1PY,Tanaecium,pyramidatum,Bignoniaceae,1,Unknown
MEALIBED3,ALIBED,Alibertia,edulis,Rubiaceae,0,Unknown
MECNESRU5,CNESRU,Cnestidium,rufescens,Connaraceae,1,Unknown
MESTIZRI2,STIZRI,Stizophyllum,riparium,Bignoniaceae,1,Unknown
MEPAR1PY5,PAR1PY,Tanaecium,pyramidatum,Bignoniaceae,1,Unknown
PMSTYLST3,STYLST,Stylogyne,turbacensis,Primulaceae,0,Unknown
MENECTMA7,NECTMA,Damburneya,martinicensis,Lauraceae,0,Unknown
MEPAR1PY4,PAR1PY,Tanaecium,pyramidatum,Bignoniaceae,1,Unknown
MENECTMA6,NECTMA,Damburneya,martinicensis,Lauraceae,0,Unknown
MEPERIPR5,PERIPR,Peritassa,pruinosa,Celastraceae,1,Unknown
MECALLLA4,CALLLA,Callichlamys,latifolia,Bignoniaceae,1,Unknown
MEPIT1RU2,PIT1RU,Cojoba,rufescens,Fabaceae,0,Unknown
MECHR2CA5,CHR2CA,Chrysophyllum,cainito,Sapotaceae,0,Unknown
MEPHRYCO2,PHRYCO,Bignonia,corymbosa,Bignoniaceae,1,Unknown
MEPAR1PY3,PAR1PY,Tanaecium,pyramidatum,Bignoniaceae,1,Unknown
METYNNCR3,TYNNCR,Tynanthus,croatianus,Bignoniaceae,1,Unknown
MEPERIPR4,PERIPR,Peritassa,pruinosa,Celastraceae,1,Unknown
MEINGAVE1,INGAVE,Inga,vera,Fabaceae,0,Unknown
MEPIPEAE4,PIPEAE,Piper,aequale,Piperaceae,0,Unknown
MEPHRYCO1,PHRYCO,Bignonia,corymbosa,Bignoniaceae,1,Unknown
MECHR2CA4,CHR2CA,Chrysophyllum,cainito,Sapotaceae,0,Unknown
MEPAR1PY2,PAR1PY,Tanaecium,pyramidatum,Bignoniaceae,1,Unknown
METET1PO4,TET1PO,Tetracera,portobellensis,Dilleniaceae,1,Unknown
METYNNCR2,TYNNCR,Tynanthus,croatianus,Bignoniaceae,1,Unknown
MECALLLA3,CALLLA,Callichlamys,latifolia,Bignoniaceae,1,Unknown
MECNESRU4,CNESRU,Cnestidium,rufescens,Connaraceae,1,Unknown
MEPIPEAE3,PIPEAE,Piper,aequale,Piperaceae,0,Unknown
MEANACEX4,ANACEX,Anacardium,excelsum,Anacardiaceae,0,Unknown
MECHR2CA3,CHR2CA,Chrysophyllum,cainito,Sapotaceae,0,Unknown
MECNESRU3,CNESRU,Cnestidium,rufescens,Connaraceae,1,Unknown
MENECTMA11,NECTMA,Damburneya,martinicensis,Lauraceae,0,Unknown
MEPERIPR3,PERIPR,Peritassa,pruinosa,Celastraceae,1,Unknown
MENECTMA4,NECTMA,Damburneya,martinicensis,Lauraceae,0,Unknown
MECASTEL3,CASTEL,Castilla,elastica,Moraceae,0,Unknown
MENECTMA3,NECTMA,Damburneya,martinicensis,Lauraceae,0,Unknown
MEALIBED2,ALIBED,Alibertia,edulis,Rubiaceae,0,Unknown
MECALLLA2,CALLLA,Callichlamys,latifolia,Bignoniaceae,1,Unknown
MEPSYCHO1,PSYCHO,Psychotria,horizontalis,Rubiaceae,0,Unknown
MEPIPEAE2,PIPEAE,Piper,aequale,Piperaceae,0,Unknown
MEOURALU1,OURALU,Ouratea,lucens,Ochnaceae,0,Unknown
MEPIPEGR5,PIPEGR,Piper,grande,Piperaceae,0,Unknown
MEPICRLA3,PICRLA,Picramnia,latifolia,Picramniaceae,0,Unknown
MECNESRU2,CNESRU,Cnestidium,rufescens,Connaraceae,1,Unknown
MECHR2CA2,CHR2CA,Chrysophyllum,cainito,Sapotaceae,0,Unknown
MESTIZRI1,STIZRI,Stizophyllum,riparium,Bignoniaceae,1,Unknown
MEDOLIMA2,DOLIMA,Doliocarpus,major,Dilleniaceae,1,Unknown
METET1PO3,TET1PO,Tetracera,portobellensis,Dilleniaceae,1,Unknown
MEPIPEAE1,PIPEAE,Piper,aequale,Piperaceae,0,Unknown
MEANACEX2,ANACEX,Anacardium,excelsum,Anacardiaceae,0,Unknown
MENECTMA2,NECTMA,Damburneya,martinicensis,Lauraceae,0,Unknown
METYNNCR1,TYNNCR,Tynanthus,croatianus,Bignoniaceae,1,Unknown
MEALIBED1,ALIBED,Alibertia,edulis,Rubiaceae,0,Unknown
MECAPPIN1,CAPPIN,Morisonia,indica,Capparaceae,0,Unknown
MENECTMA1,NECTMA,Damburneya,martinicensis,Lauraceae,0,Unknown
MEPICRLA2,PICRLA,Picramnia,latifolia,Picramniaceae,0,Unknown
MECNESRU1,CNESRU,Cnestidium,rufescens,Connaraceae,1,Unknown
MEPOSOLA1,POSOLA,Posoqueria,latifolia,Rubiaceae,0,Unknown
MEMASCNE2,MASCNE,Mascagnia,ovatifolia,Malpighiaceae,1,Unknown
MEHIRTRA1,HIRTRA,Hirtella,racemosa,Chrysobalanaceae,0,Unknown
MEDOLIMA1,DOLIMA,Doliocarpus,major,Dilleniaceae,1,Unknown
METET1PO2,TET1PO,Tetracera,portobellensis,Dilleniaceae,1,Unknown
MEPICRLA1,PICRLA,Picramnia,latifolia,Picramniaceae,0,Unknown
MESERJME1,SERJME,Serjania,mexicana,Sapindaceae,1,Unknown
MEPERIPR2,PERIPR,Peritassa,pruinosa,Celastraceae,1,Unknown
PMSTYLST1,STYLST,Stylogyne,turbacensis,Primulaceae,0,Unknown
MECHR2CA1,CHR2CA,Chrysophyllum,cainito,Sapotaceae,0,Unknown
MEANACEX1,ANACEX,Anacardium,excelsum,Anacardiaceae,0,Unknown
NECASTEL2,CASTEL,Castilla,elastica,Moraceae,0,Unknown
MEPERIPR1,PERIPR,Peritassa,pruinosa,Celastraceae,1,Unknown
MECALLLA1,CALLLA,Callichlamys,latifolia,Bignoniaceae,1,Unknown
METET1PO1,TET1PO,Tetracera,portobellensis,Dilleniaceae,1,Unknown
MEMASCNE1,MASCNE,Mascagnia,ovatifolia,Malpighiaceae,1,Unknown
MECASTEL1,CASTEL,Castilla,elastica,Moraceae,0,Unknown
MEMACHM29,MACHM2,Machaerium,milleflorum,Fabaceae,1,Unknown
MEMACHM210,MACHM2,Machaerium,milleflorum,Fabaceae,1,Unknown
CHANNOHA3,ANNOHA,Annona,hayesii,Annonaceae,0,Unknown
CHINGAFA5,INGAFA,Inga,laurina,Fabaceae,0,Unknown
CHCALLLA5,CALLLA,Callichlamys,latifolia,Bignoniaceae,1,Unknown
CHPROTTE6,PROTTE,Protium,tenuifolium,Burseraceae,0,Unknown
CHGUARGU3,GUARGU,Guarea,guidonia,Meliaceae,0,Unknown
CHSOROAF6,SOROAF,Sorocea,affinis,Moraceae,0,Unknown
CHDOLIDE3,DOLIDE,Doliocarpus,dentatus,Dilleniaceae,1,Unknown
CHCOVCP15,COCCP1,Coccoloba,excelsa,Polygonaceae,1,Unknown
CHVIROSE5,VIROSE,Virola,sebifera,Myristicaceae,0,Unknown
CHPIPECO4,PIPECO,Piper,cordulatum,Piperaceae,0,Unknown
CHCUPASY6,CUPASY,Cupania,seemannii,Sapindaceae,0,Unknown
CHARDIPE6,ARDIPE,Ardisia,pellucida,Primulaceae,0,Unknown
CHPLEOVA3,PLEOVA,Pleonotoma,variabilis,Bignoniaceae,1,Unknown
CHDOLIDE2,DOLIDE,Doliocarpus,dentatus,Dilleniaceae,1,Unknown
CHMAR2PA3,MAR2PA,Maripa,panamensis,Convolvulaceae,1,Unknown
CHDOLIMA5,DOLIMA,Doliocarpus,major,Dilleniaceae,1,Unknown
CHCUPASY4,CUPASY,Cupania,seemannii,Sapindaceae,0,Unknown
CHPHRYCO10,PHRYCO,Bignonia,corymbosa,Bignoniaceae,1,Unknown
CHPROTTE8,PROTTE,Protium,tenuifolium,Burseraceae,0,Unknown
CHCOCCP14,COCCP1,Coccoloba,excelsa,Polygonaceae,1,Unknown
CHFORSVI3,FORSVI,Forsteronia,acouci,Apocynaceae,1,Unknown
CHSWARS14,SWARS1,Swartzia,simplex,Fabaceae,0,Unknown
CHTROPRA5,TROPRA,Trophis,racemosa,Moraceae,0,Unknown
CHGUSTSU4,GUSTSU,Gustavia,superba,Lecythidaceae,0,Unknown
CHGUSTSU5,GUSTSU,Gustavia,superba,Lecythidaceae,0,Unknown
CHDOLIOL4,DOLIOL,Doliocarpus,olivaceus,Dilleniaceae,1,Unknown
CHPIPECU2,PIPECU,Piper,colonense,Piperaceae,0,Unknown
CHSOROAF5,SOROAF,Sorocea,affinis,Moraceae,0,Unknown
CHTROPRA4,TROPRA,Trophis,racemosa,Moraceae,0,Unknown
CHFORSVI2,FORSVI,Forsteronia,acouci,Apocynaceae,1,Unknown
CHCUPASY5,CUPASY,Cupania,seemannii,Sapindaceae,0,Unknown
CHVIROSE4,VIROSE,Virola,sebifera,Myristicaceae,0,Unknown
CHDOLIMA4,DOLIMA,Doliocarpus,major,Dilleniaceae,1,Unknown
CHTROPRA3,TROPRA,Trophis,racemosa,Moraceae,0,Unknown
CHARDIPE5,ARDIPE,Ardisia,pellucida,Primulaceae,0,Unknown
CHCALLLA3,CALLLA,Callichlamys,latifolia,Bignoniaceae,1,Unknown
CHFARAOC2,FARAOC,Faramea,occidentalis,Rubiaceae,0,Unknown
CHINGAFA4,INGAFA,Inga,laurina,Fabaceae,0,Unknown
CHARDIPE4,ARDIPE,Ardisia,pellucida,Primulaceae,0,Unknown
CHSOROAF4,SOROAF,Sorocea,affinis,Moraceae,0,Unknown
CHDOLIOL3,DOLIOL,Doliocarpus,olivaceus,Dilleniaceae,1,Unknown
CHCOCCP13,COCCP1,Coccoloba,excelsa,Polygonaceae,1,Unknown
CHPIPECO3,PIPECO,Piper,cordulatum,Piperaceae,0,Unknown
CHVIROSE3,VIROSE,Virola,sebifera,Myristicaceae,0,Unknown
CHSWARS13,SWARS1,Swartzia,simplex,Fabaceae,0,Unknown
CHALSEBL2,ALSEBL,Alseis,blackiana,Rubiaceae,0,Unknown
CHFARAOC1,FARAOC,Faramea,occidentalis,Rubiaceae,0,Unknown
CHCNESRU6,CNESRU,Cnestidium,rufescens,Connaraceae,1,Unknown
CHRINOSY2,RINOSY,Rinorea,silvatica,Violaceae,0,Unknown
CHGUARGU2,GUARGU,Guarea,guidonia,Meliaceae,0,Unknown
CHLACIAG4,LACIAG,Lacistema,aggregatum,Lacistemataceae,0,Unknown
CHANNOHA2,ANNOHA,Annona,hayesii,Annonaceae,0,Unknown
CHINGAFA3,INGAFA,Inga,laurina,Fabaceae,0,Unknown
CHGUSTSU3,GUSTSU,Gustavia,superba,Lecythidaceae,0,Unknown
CHALSEBL1,ALSEBL,Alseis,blackiana,Rubiaceae,0,Unknown
CHCUPASY3,CUPASY,Cupania,seemannii,Sapindaceae,0,Unknown
CHSWARS12,SWARS1,Swartzia,simplex,Fabaceae,0,Unknown
CHFORSVI1,FORSVI,Forsteronia,acouci,Apocynaceae,1,Unknown
CHMAR2PA2,MAR2PA,Maripa,panamensis,Convolvulaceae,1,Unknown
CHTROPRA2,TROPRA,Trophis,racemosa,Moraceae,0,Unknown
CHCNESRU5,CNESRU,Cnestidium,rufescens,Connaraceae,1,Unknown
CHLACIAG3,LACIAG,Lacistema,aggregatum,Lacistemataceae,0,Unknown
CHCOCCP12,COCCP1,Coccoloba,excelsa,Polygonaceae,1,Unknown
CHCALLA2,CALLLA,Callichlamys,latifolia,Bignoniaceae,1,Unknown
CHANNOHA1,ANNOHA,Annona,hayesii,Annonaceae,0,Unknown
CHPROTTE9,PROTTE,Protium,tenuifolium,Burseraceae,0,Unknown
CHCALLLA6,CALLLA,Callichlamys,latifolia,Bignoniaceae,1,Unknown
CHDOLIMA3,DOLIMA,Doliocarpus,major,Dilleniaceae,1,Unknown
BVPROTTE3,PROTTE,Protium,tenuifolium,Burseraceae,0,Unknown
BVSOROAF6,SOROAF,Sorocea,affinis,Moraceae,0,Unknown
BVOURALU9,OURALU,Ouratea,lucens,Ochnaceae,0,Unknown
BVMANSKE10,MANSKE,Pachyptera,kerere,Bignoniaceae,1,Unknown
BVPLEOVA8,PLEOVA,Pleonotoma,variabilis,Bignoniaceae,1,Unknown
BVTET1PO6,TET1PO,Tetracera,portobellensis,Dilleniaceae,1,Unknown
BVTET1PO9,TET1PO,Tetracera,portobellensis,Dilleniaceae,1,Unknown
BVPROTTE10,PROTTE,Protium,tenuifolium,Burseraceae,0,Unknown
BVASPICR10,ASPICR,Aspidosperma,desmanthum,Apocynaceae,0,Unknown
BVMANSKE5,MANSKE,Pachyptera,kerere,Bignoniaceae,1,Unknown
BVSOROAF10,SOROAF,Sorocea,affinis,Moraceae,0,Unknown
BVMANSKE7,MANSKE,Pachyptera,kerere,Bignoniaceae,1,Unknown
BVTET1PO4,TET1PO,Tetracera,portobellensis,Dilleniaceae,1,Unknown
BVTET1PO10,TET1PO,Tetracera,portobellensis,Dilleniaceae,1,Unknown
BVASPICR5,ASPICR,Aspidosperma,desmanthum,Apocynaceae,0,Unknown
BVASPICR6,ASPICR,Aspidosperma,desmanthum,Apocynaceae,0,Unknown
BVVIROSE8,VIROSE,Virola,sebifera,Myristicaceae,0,Unknown
BVOURALU10,OURALU,Ouratea,lucens,Ochnaceae,0,Unknown
BVPLEOVA4,PLEOVA,Pleonotoma,variabilis,Bignoniaceae,1,Unknown
BVCOU2CU10,COU2CU,Coussarea,suaveolens,Rubiaceae,0,Unknown
BVPLEOVA6,PLEOVA,Pleonotoma,variabilis,Bignoniaceae,1,Unknown
BVSOROAF8,SOROAF,Sorocea,affinis,Moraceae,0,Unknown
BVMANSKE3,MANSKE,Pachyptera,kerere,Bignoniaceae,1,Unknown
BVHEISCO8,HEISCO,Heisteria,concinna,Olacaceae,0,Unknown
BVPROTTE7,PROTTE,Protium,tenuifolium,Burseraceae,0,Unknown
BVSOROAF7,SOROAF,Sorocea,affinis,Moraceae,0,Unknown
BVVIROSE9,VIROSE,Virola,sebifera,Myristicaceae,0,Unknown
BVCONNPA8,CONNPA,Connarus,panamensis,Connaraceae,1,Unknown
BVPETRAS8,PETRAS,Petrea,volubilis,Verbenaceae,1,Unknown
BVFARAOC9,FARAOC,Faramea,occidentalis,Rubiaceae,0,Unknown
BVPLEOVA5,PLEOVA,Pleonotoma,variabilis,Bignoniaceae,1,Unknown
BVMANSKE1,MANSKE,Pachyptera,kerere,Bignoniaceae,1,Unknown
BVCONNPA9,CONNPA,Connarus,panamensis,Connaraceae,1,Unknown
BVMAYTSC9,MAYTSC,Maytenus,schippii,Celastraceae,0,Unknown
BVMAYTSC10,MAYTSC,Maytenus,schippii,Celastraceae,0,Unknown
BVTET2PA10,TET2PA,Protium,stevensonii,Burseraceae,0,Unknown
BVVOCHFE10,VOCHFE,Vochysia,ferruginea,Vochysiaceae,0,Unknown
BVPROTTE8,PROTTE,Protium,tenuifolium,Burseraceae,0,Unknown
BVHEISCO9,HEISCO,Heisteria,concinna,Olacaceae,0,Unknown
BVTET1PO3,TET1PO,Tetracera,portobellensis,Dilleniaceae,1,Unknown
BVMOURMY8,MOURMY,Mouriri,myrtilloides,Melastomataceae,0,Unknown
BVPETRAS10,PETRAS,Petrea,volubilis,Verbenaceae,1,Unknown
BVMANSKE2,MANSKE,Pachyptera,kerere,Bignoniaceae,1,Unknown
BVTET2PA9,TET2PA,Protium,stevensonii,Burseraceae,0,Unknown
BVPSYCMA9,PSYCMA,Psychotria,marginata,Rubiaceae,0,Unknown
BVVIROSE10,VIROSE,Virola,sebifera,Myristicaceae,0,Unknown
BVFARAOC10,FARAOC,Faramea,occidentalis,Rubiaceae,0,Unknown
BVPETRAS9,PETRAS,Petrea,volubilis,Verbenaceae,1,Unknown
BVSOROAF9,SOROAF,Sorocea,affinis,Moraceae,0,Unknown
BVHEISAC9,HEISAC,Heisteria,acuminata,Olacaceae,0,Unknown
BVMOURMY9,MOURMY,Mouriri,myrtilloides,Melastomataceae,0,Unknown
BVPROTTE9,PROTTE,Protium,tenuifolium,Burseraceae,0,Unknown
BVHEISAC3,HEISAC,Heisteria,acuminata,Olacaceae,0,Unknown
BVMYRCGA3,MYRCGA,Myrcia,splendens,Myrtaceae,0,Unknown
BVPHRYCO1,PHRYCO,Bignonia,corymbosa,Bignoniaceae,1,Unknown
BVMAR2PA4,MAR2PA,Maripa,panamensis,Convolvulaceae,1,Unknown
BVMOURMY3,MOURMY,Mouriri,myrtilloides,Melastomataceae,0,Unknown
BVHEISCO4,HEISCO,Heisteria,concinna,Olacaceae,0,Unknown
BVOURALU1,OURALU,Ouratea,lucens,Ochnaceae,0,Unknown
BVMATYSC3,MAYTSC,Maytenus,schippii,Celastraceae,0,Unknown
BVMAQUCO3,MAQUCO,Maquira,guianensis,Moraceae,0,Unknown
BVCONNPA1,CONNPA,Connarus,panamensis,Connaraceae,1,Unknown
BVGUATAM4,GUATAM,Guatteria,amplifolia,Annonaceae,0,Unknown
BVMAYTSC2,MAYTSC,Maytenus,schippii,Celastraceae,0,Unknown
BVMAYTSC1,MAYTSC,Maytenus,schippii,Celastraceae,0,Unknown
BVCOU2CU3,COU2CU,Coussarea,suaveolens,Rubiaceae,0,Unknown
BVCHR2AR2,CHR2AR,Chrysophyllum,argenteum,Sapotaceae,0,Unknown
BVFARAOC2,FARAOC,Faramea,occidentalis,Rubiaceae,0,Unknown
BVHEISAC4,HEISAC,Heisteria,acuminata,Olacaceae,0,Unknown
BVVIROSE3,VIROSE,Virola,sebifera,Myristicaceae,0,Unknown
BVMOURMY2,MOURMY,Mouriri,myrtilloides,Melastomataceae,0,Unknown
BVDOLIMA3,DOLIMA,Doliocarpus,major,Dilleniaceae,1,Unknown
BVMAR2PA3,MAR2PA,Maripa,panamensis,Convolvulaceae,1,Unknown
BVTET2PA3,TET2PA,Protium,stevensonii,Burseraceae,0,Unknown
BVVIROSE2,VIROSE,Virola,sebifera,Myristicaceae,0,Unknown
BVMAQUCO2,MAQUCO,Maquira,guianensis,Moraceae,0,Unknown
BVMYRCGA11,MYRCGA,Myrcia,splendens,Myrtaceae,0,Unknown
BVGUATAM3,GUATAM,Guatteria,amplifolia,Annonaceae,0,Unknown
BVPLEOVA1,PLEOVA,Pleonotoma,variabilis,Bignoniaceae,1,Unknown
BVCHR2AR1,CHR2AR,Chrysophyllum,argenteum,Sapotaceae,0,Unknown
BVCOCCMA2,COCCMA,Coccoloba,manzinellensis,Polygonaceae,0,Unknown
BVHEISCO3,HEISCO,Heisteria,concinna,Olacaceae,0,Unknown
BVGUATAM1,GUATAM,Guatteria,amplifolia,Annonaceae,0,Unknown
BVMAR2PA2,MAR2PA,Maripa,panamensis,Convolvulaceae,1,Unknown
BVCALOLO2,CALOLO,Calophyllum,longifolium,Calophyllaceae,0,Unknown
BVCOU2CU2,COU2CU,Coussarea,suaveolens,Rubiaceae,0,Unknown
BVLACIAG3,LACIAG,Lacistema,aggregatum,Lacistemataceae,0,Unknown
BVMYRCGA2,MYRCGA,Myrcia,splendens,Myrtaceae,0,Unknown
BVVIROSE1,VIROSE,Virola,sebifera,Myristicaceae,0,Unknown
BVDOLIMA2,DOLIMA,Doliocarpus,major,Dilleniaceae,1,Unknown
BVHEISAC2,HEISAC,Heisteria,acuminata,Olacaceae,0,Unknown
BVMAQUCO1,MAQUCO,Maquira,guianensis,Moraceae,0,Unknown
BVLACIAG2,LACIAG,Lacistema,aggregatum,Lacistemataceae,0,Unknown
BVCALOLO1,CALOLO,Calophyllum,longifolium,Calophyllaceae,0,Unknown
BVTET2PA2,TET2PA,Protium,stevensonii,Burseraceae,0,Unknown
BVMOURMY1,MOURMY,Mouriri,myrtilloides,Melastomataceae,0,Unknown
BVGUATAM2,GUATAM,Guatteria,amplifolia,Annonaceae,0,Unknown
BVHEISCO2,HEISCO,Heisteria,concinna,Olacaceae,0,Unknown
BVFARAOC1,FARAOC,Faramea,occidentalis,Rubiaceae,0,Unknown
BVCOU2CU1,COU2CU,Coussarea,suaveolens,Rubiaceae,0,Unknown
BVMYRCGA1,MYRCGA,Myrcia,splendens,Myrtaceae,0,Unknown
BVCOCCMA1,COCCMA,Coccoloba,manzinellensis,Polygonaceae,0,Unknown
BVDOLIMA1,DOLIMA,Doliocarpus,major,Dilleniaceae,1,Unknown
BVLACIAG1,LACIAG,Lacistema,aggregatum,Lacistemataceae,0,Unknown
BVMAR2PA1,MAR2PA,Maripa,panamensis,Convolvulaceae,1,Unknown
BVHEISAC1,HEISAC,Heisteria,acuminata,Olacaceae,0,Unknown
BVTET2PA1,TET2PA,Protium,stevensonii,Burseraceae,0,Unknown
BVHEISCO1,HEISCO,Heisteria,concinna,Olacaceae,0,Unknown
BVVOCHFE1,VOCHFE,Vochysia,ferruginea,Vochysiaceae,0,Unknown
BVCONNPA2,CONNPA,Connarus,panamensis,Connaraceae,1,Unknown
BVMAR2PA5,MAR2PA,Maripa,panamensis,Convolvulaceae,1,Unknown
BVTET2PA4,TET2PA,Protium,stevensonii,Burseraceae,0,Unknown
BVPETRAS1,PETRAS,Petrea,volubilis,Verbenaceae,1,Unknown
BVCHR2AR3,CHR2AR,Chrysophyllum,argenteum,Sapotaceae,0,Unknown
BVHEISAC5,HEISAC,Heisteria,acuminata,Olacaceae,0,Unknown
BVOURALU2,OURALU,Ouratea,lucens,Ochnaceae,0,Unknown
BVVOCHFE2,VOCHFE,Vochysia,ferruginea,Vochysiaceae,0,Unknown
BVLACIAG5,LACIAG,Lacistema,aggregatum,Lacistemataceae,0,Unknown
BVMOURMY4,MOURMY,Mouriri,myrtilloides,Melastomataceae,0,Unknown
BVCOCCMA3,COCCMA,Coccoloba,manzinellensis,Polygonaceae,0,Unknown
BVDOLIMA4,DOLIMA,Doliocarpus,major,Dilleniaceae,1,Unknown
BVPHRYCO2,PHRYCO,Bignonia,corymbosa,Bignoniaceae,1,Unknown
BVGUATAM5,GUATAM,Guatteria,amplifolia,Annonaceae,0,Unknown
BVDOLIMA5,DOLIMA,Doliocarpus,major,Dilleniaceae,1,Unknown
BVMYRCGA4,MYRCGA,Myrcia,splendens,Myrtaceae,0,Unknown
BVPSYCMA2,PSYCMA,Psychotria,marginata,Rubiaceae,0,Unknown
BVMAYTSC4,MAYTSC,Maytenus,schippii,Celastraceae,0,Unknown
BVPSYCMA1,PSYCMA,Psychotria,marginata,Rubiaceae,0,Unknown
BVLACIAG6,LACIAG,Lacistema,aggregatum,Lacistemataceae,0,Unknown
BVASPICR7,ASPICR,Aspidosperma,desmanthum,Apocynaceae,0,Unknown
BVCOCCMA4,COCCMA,Coccoloba,manzinellensis,Polygonaceae,0,Unknown
BVCHR2AR4,CHR2AR,Chrysophyllum,argenteum,Sapotaceae,0,Unknown
BVPLEOVA2,PLEOVA,Pleonotoma,variabilis,Bignoniaceae,1,Unknown
BVCOCCMA5,COCCMA,Coccoloba,manzinellensis,Polygonaceae,0,Unknown
BVCOU2CU4,COU2CU,Coussarea,suaveolens,Rubiaceae,0,Unknown
BVVOCHFE3,VOCHFE,Vochysia,ferruginea,Vochysiaceae,0,Unknown
BVVOCHFE4,VOCHFE,Vochysia,ferruginea,Vochysiaceae,0,Unknown
BVOURALU3,OURALU,Ouratea,lucens,Ochnaceae,0,Unknown
BVSOROAF1,SOROAF,Sorocea,affinis,Moraceae,0,Unknown
BVCALOLO3,CALOLO,Calophyllum,longifolium,Calophyllaceae,0,Unknown
BVPHRYCO3,PHRYCO,Bignonia,corymbosa,Bignoniaceae,1,Unknown
BVMAR2PA6,MAR2PA,Maripa,panamensis,Convolvulaceae,1,Unknown
BVPETRAS3,PETRAS,Petrea,volubilis,Verbenaceae,1,Unknown
BVTET1PO1,TET1PO,Tetracera,portobellensis,Dilleniaceae,1,Unknown
BVGUATAM6,GUATAM,Guatteria,amplifolia,Annonaceae,0,Unknown
BVPSYCMA4,PSYCMA,Psychotria,marginata,Rubiaceae,0,Unknown
BVCONNPA3,CONNPA,Connarus,panamensis,Connaraceae,1,Unknown
BVCHR2AR5,CHR2AR,Chrysophyllum,argenteum,Sapotaceae,0,Unknown
BVVOCHFE5,VOCHFE,Vochysia,ferruginea,Vochysiaceae,0,Unknown
BVFARAOC3,FARAOC,Faramea,occidentalis,Rubiaceae,0,Unknown
BVCALOLO5,CALOLO,Calophyllum,longifolium,Calophyllaceae,0,Unknown
BVPHRYCO4,PHRYCO,Bignonia,corymbosa,Bignoniaceae,1,Unknown
BVASPICR2,ASPICR,Aspidosperma,desmanthum,Apocynaceae,0,Unknown
BVMYRCGA6,MYRCGA,Myrcia,splendens,Myrtaceae,0,Unknown
BVTET2PA11,TET2PA,Protium,stevensonii,Burseraceae,0,Unknown
BVPSYCMA3,PSYCMA,Psychotria,marginata,Rubiaceae,0,Unknown
BVMAQUCO4,MAQUCO,Maquira,guianensis,Moraceae,0,Unknown
BVPROTTE1,PROTTE,Protium,tenuifolium,Burseraceae,0,Unknown
BVMYRCGA5,MYRCGA,Myrcia,splendens,Myrtaceae,0,Unknown
BVPETRAS2,PETRAS,Petrea,volubilis,Verbenaceae,1,Unknown
BVLAVIAG7,LACIAG,Lacistema,aggregatum,Lacistemataceae,0,Unknown
BVCALOLO4,CALOLO,Calophyllum,longifolium,Calophyllaceae,0,Unknown
BVCONNPA4,CONNPA,Connarus,panamensis,Connaraceae,1,Unknown
BVOURALU4,OURALU,Ouratea,lucens,Ochnaceae,0,Unknown
BVDOLIMA6,DOLIMA,Doliocarpus,major,Dilleniaceae,1,Unknown
BVPHRYCO5,PHRYCO,Bignonia,corymbosa,Bignoniaceae,1,Unknown
BVMAQUCO5,MAQUCO,Maquira,guianensis,Moraceae,0,Unknown
BVPROTTE2,PROTTE,Protium,tenuifolium,Burseraceae,0,Unknown
BVCOU2CU5,COU2CU,Coussarea,suaveolens,Rubiaceae,0,Unknown
BVMAQUCO6,MAQUCO,Maquira,guianensis,Moraceae,0,Unknown
BVFARAOC4,FARAOC,Faramea,occidentalis,Rubiaceae,0,Unknown
BVPHRYCO6,PHRYCO,Bignonia,corymbosa,Bignoniaceae,1,Unknown
BVASPICR1,ASPICR,Aspidosperma,desmanthum,Apocynaceae,0,Unknown
BVCHR2AR6,CHR2AR,Chrysophyllum,argenteum,Sapotaceae,0,Unknown
BVCALOLO6,CALOLO,Calophyllum,longifolium,Calophyllaceae,0,Unknown
BVPSYCMA5,PSYCMA,Psychotria,marginata,Rubiaceae,0,Unknown
ANMAPRGU11,MAPRGU,Maprounea,guianensis,Euphorbiaceae,0,Unknown
ANDOLIMA10,DOLIMA,Doliocarpus,major,Dilleniaceae,1,Unknown
ANMAPRGU10,MAPRGU,Maprounea,guianensis,Euphorbiaceae,0,Unknown
ANMAPRGU9,MAPRGU,Maprounea,guianensis,Euphorbiaceae,0,Unknown
ANROUPMO2,ROUPMO,Roupala,montana,Proteaceae,0,Unknown
ANLINDLA8,LINDLA,Lindackeria,laurina,Achariaceae,0,Unknown
ANLINDLA9,LINDLA,Lindackeria,laurina,Achariaceae,0,Unknown
ANLINDLA7,LINDLA,Lindackeria,laurina,Achariaceae,0,Unknown
ANALIBED4,ALIBED,Alibertia,edulis,Rubiaceae,0,Unknown
ANROUPMO10,ROUPMO,Roupala,montana,Proteaceae,0,Unknown
ANCASECO8,CASECO,Piparea,dentata,Salicaceae,0,Unknown
ANALIBED7,ALIBED,Alibertia,edulis,Rubiaceae,0,Unknown
ANCASECO9,CASECO,Piparea,dentata,Salicaceae,0,Unknown
ANALIBED8,ALIBED,Alibertia,edulis,Rubiaceae,0,Unknown
ANMICOAF8,MICOAF,Miconia,affinis,Melastomataceae,0,Unknown
ANMICOAF7,MICOAF,Miconia,affinis,Melastomataceae,0,Unknown
ANALIBED3,ALIBED,Alibertia,edulis,Rubiaceae,0,Unknown
ANROUPMO6,ROUPMO,Roupala,montana,Proteaceae,0,Unknown
ANMICOAF6,MICOAF,Miconia,affinis,Melastomataceae,0,Unknown
ANMAPRGU2,MAPRGU,Maprounea,guianensis,Euphorbiaceae,0,Unknown
ANROUPMO5,ROUPMO,Roupala,montana,Proteaceae,0,Unknown
ANCASECO4,CASECO,Piparea,dentata,Salicaceae,0,Unknown
ANROUPMO4,ROUPMO,Roupala,montana,Proteaceae,0,Unknown
ANCASECO2,CASECO,Piparea,dentata,Salicaceae,0,Unknown
ANFARAOC7,FARAOC,Faramea,occidentalis,Rubiaceae,0,Unknown
ANENTESC9,ENTESC,Robrichia,schomburgkii,Fabaceae,0,Unknown
ANSIPAGU8,SIPAGU,Siparuna,guianensis,Siparunaceae,0,Unknown
ANCASECO10,CASECO,Piparea,dentata,Salicaceae,0,Unknown
ANHIRTRA7,HIRTRA,Hirtella,racemosa,Chrysobalanaceae,0,Unknown
ANCONNPA6,CONNPA,Connarus,panamensis,Connaraceae,1,Unknown
ANABUTRA6,ABUTRA,Abuta,racemosa,Menispermaceae,1,Unknown
ANAMAICO5,AMAICO,Amaioua,glomerulata,Rubiaceae,0,Unknown
ANPIPECO7,PIPECO,Piper,cordulatum,Piperaceae,0,Unknown
ANPSYCDE6,PSYCDE,Palicourea,deflexa,Rubiaceae,0,Unknown
ANHIRTRA6,HIRTRA,Hirtella,racemosa,Chrysobalanaceae,0,Unknown
ANMICOEL6,MICOEL,Miconia,elata,Melastomataceae,0,Unknown
ANDOLIDE7,DOLIDE,Doliocarpus,dentatus,Dilleniaceae,1,Unknown
ANCONNPA5,CONNPA,Connarus,panamensis,Connaraceae,1,Unknown
ANSIPAGU6,SIPAGU,Siparuna,guianensis,Siparunaceae,0,Unknown
ANMICOEL5,MICOEL,Miconia,elata,Melastomataceae,0,Unknown
ANENTESC5,ENTESC,Robrichia,schomburgkii,Fabaceae,0,Unknown
ANCONNPA4,CONNPA,Connarus,panamensis,Connaraceae,1,Unknown
ANPSYCDE5,PSYCDE,Palicourea,deflexa,Rubiaceae,0,Unknown
ANMAR2PA6,MAR2PA,Maripa,panamensis,Convolvulaceae,1,Unknown
ANPIPECO5,PIPECO,Piper,cordulatum,Piperaceae,0,Unknown
ANSIPAGU5,SIPAGU,Siparuna,guianensis,Siparunaceae,0,Unknown
ANPIPECO6,PIPECO,Piper,cordulatum,Piperaceae,0,Unknown
ANMAPRGU4,MAPRGU,Maprounea,guianensis,Euphorbiaceae,0,Unknown
ANPSYCER6,PSYCER,Ronabea,latifolia,Rubiaceae,0,Unknown
ANMAPRGU3,MAPRGU,Maprounea,guianensis,Euphorbiaceae,0,Unknown
ANLINDLA3,LINDLA,Lindackeria,laurina,Achariaceae,0,Unknown
ANAMAICO6,AMAICO,Amaioua,glomerulata,Rubiaceae,0,Unknown
ANMAR2PA5,MAR2PA,Maripa,panamensis,Convolvulaceae,1,Unknown
ANDOLIDE1,DOLIDE,Doliocarpus,dentatus,Dilleniaceae,1,Unknown
ANDOLIMA5,DOLIMA,Doliocarpus,major,Dilleniaceae,1,Unknown
ANDOLIDE6,DOLIDE,Doliocarpus,dentatus,Dilleniaceae,1,Unknown
ANPLEOVA6,PLEOVA,Pleonotoma,variabilis,Bignoniaceae,1,Unknown
ANPSYCER5,PSYCER,Ronabea,latifolia,Rubiaceae,0,Unknown
ANPSYCPO6,PSYCPO,Palicourea,tomentosa,Rubiaceae,0,Unknown
ANPSYCDE11,PSYCDE,Palicourea,deflexa,Rubiaceae,0,Unknown
ANLACIAG7,LACIAG,Lacistema,aggregatum,Lacistemataceae,0,Unknown
ANPLEOVA5,PLEOVA,Pleonotoma,variabilis,Bignoniaceae,1,Unknown
ANPLEOVA4,PLEOVA,Pleonotoma,variabilis,Bignoniaceae,1,Unknown
ANPSYCPO5,PSYCPO,Palicourea,tomentosa,Rubiaceae,0,Unknown
ANPIPECO3,PIPECO,Piper,cordulatum,Piperaceae,0,Unknown
ANALIBED2,ALIBED,Alibertia,edulis,Rubiaceae,0,Unknown
ANPSYCER4,PSYCER,Ronabea,latifolia,Rubiaceae,0,Unknown
ANDOLIDE5,DOLIDE,Doliocarpus,dentatus,Dilleniaceae,1,Unknown
ANAMAICO4,AMAICO,Amaioua,glomerulata,Rubiaceae,0,Unknown
ANPLEOVA3,PLEOVA,Pleonotoma,variabilis,Bignoniaceae,1,Unknown
ANLINDLA2,LINDLA,Lindackeria,laurina,Achariaceae,0,Unknown
ANPLEOVA2,PLEOVA,Pleonotoma,variabilis,Bignoniaceae,1,Unknown
ANNECTCU6,NECTCU,Nectandra,cuspidata,Lauraceae,0,Unknown
ANDOLIMA4,DOLIMA,Doliocarpus,major,Dilleniaceae,1,Unknown
ANFARAOC6,FARAOC,Faramea,occidentalis,Rubiaceae,0,Unknown
ANPIPECO2,PIPECO,Piper,cordulatum,Piperaceae,0,Unknown
ANPSYCER3,PSYCER,Ronabea,latifolia,Rubiaceae,0,Unknown
ANPSYCPO4,PSYCPO,Palicourea,tomentosa,Rubiaceae,0,Unknown
ANPSYCDE4,PSYCDE,Palicourea,deflexa,Rubiaceae,0,Unknown
ANALIBED1,ALIBED,Alibertia,edulis,Rubiaceae,0,Unknown
ANROUPMO1,ROUPMO,Roupala,montana,Proteaceae,0,Unknown
ANABUTRA5,ABUTRA,Abuta,racemosa,Menispermaceae,1,Unknown
ANLACIAG6,LACIAG,Lacistema,aggregatum,Lacistemataceae,0,Unknown
ANHIRTRA4,HIRTRA,Hirtella,racemosa,Chrysobalanaceae,0,Unknown
ANNECTCU5,NECTCU,Nectandra,cuspidata,Lauraceae,0,Unknown
ANCONNPA3,CONNPA,Connarus,panamensis,Connaraceae,1,Unknown
ANFARAOC5,FARAOC,Faramea,occidentalis,Rubiaceae,0,Unknown
ANDOLIDE3,DOLIDE,Doliocarpus,dentatus,Dilleniaceae,1,Unknown
ANNECTCU4,NECTCU,Nectandra,cuspidata,Lauraceae,0,Unknown
ANFARAOC4,FARAOC,Faramea,occidentalis,Rubiaceae,0,Unknown
ANENTESC4,ENTESC,Robrichia,schomburgkii,Fabaceae,0,Unknown
ANAMAICO3,AMAICO,Amaioua,glomerulata,Rubiaceae,0,Unknown
ANABUTRA3,ABUTRA,Abuta,racemosa,Menispermaceae,1,Unknown
ANMAR2PA4,MAR2PA,Maripa,panamensis,Convolvulaceae,1,Unknown
ANLACIAG5,LACIAG,Lacistema,aggregatum,Lacistemataceae,0,Unknown
ANPSYCER2,PSYCER,Ronabea,latifolia,Rubiaceae,0,Unknown
ANPLEOVA1,PLEOVA,Pleonotoma,variabilis,Bignoniaceae,1,Unknown
ANLACIAG4,LACIAG,Lacistema,aggregatum,Lacistemataceae,0,Unknown
ANABUTRA4,ABUTRA,Abuta,racemosa,Menispermaceae,1,Unknown
ANFARAOC3,FARAOC,Faramea,occidentalis,Rubiaceae,0,Unknown
ANPSYCPO3,PSYCPO,Palicourea,tomentosa,Rubiaceae,0,Unknown
ANABUTRA2,ABUTRA,Abuta,racemosa,Menispermaceae,1,Unknown
ANHIRTRA3,HIRTRA,Hirtella,racemosa,Chrysobalanaceae,0,Unknown
ANABUTRA1,ABUTRA,Abuta,racemosa,Menispermaceae,1,Unknown
ANPSYCPO1,PSYCPO,Palicourea,tomentosa,Rubiaceae,0,Unknown
ANCONNPA2,CONNPA,Connarus,panamensis,Connaraceae,1,Unknown
ANDOLIMA3,DOLIMA,Doliocarpus,major,Dilleniaceae,1,Unknown
ANMICOAF4,MICOAF,Miconia,affinis,Melastomataceae,0,Unknown
ANPHRYCO6,PHRYCO,Bignonia,corymbosa,Bignoniaceae,1,Unknown
ANCASECO1,CASECO,Piparea,dentata,Salicaceae,0,Unknown
ANLACIAG2,LACIAG,Lacistema,aggregatum,Lacistemataceae,0,Unknown
ANMAPRGU1,MAPRGU,Maprounea,guianensis,Euphorbiaceae,0,Unknown
ANAMAICO2,AMAICO,Amaioua,glomerulata,Rubiaceae,0,Unknown
ANFARAOC2,FARAOC,Faramea,occidentalis,Rubiaceae,0,Unknown
ANOSYCDE3,PSYCDE,Palicourea,deflexa,Rubiaceae,0,Unknown
ANPSYCPO2,PSYCPO,Palicourea,tomentosa,Rubiaceae,0,Unknown
ANDOLIDE2,DOLIDE,Doliocarpus,dentatus,Dilleniaceae,1,Unknown
ANMAR2PA3,MAR2PA,Maripa,panamensis,Convolvulaceae,1,Unknown
ANPERAAR8,PERAAR,Pera,arborea,Peraceae,0,Unknown
ANMAR2PA2,MAR2PA,Maripa,panamensis,Convolvulaceae,1,Unknown
ANPHRYCO5,PHRYCO,Bignonia,corymbosa,Bignoniaceae,1,Unknown
ANMICOEL4,MICOEL,Miconia,elata,Melastomataceae,0,Unknown
ANHIRTAM6,HIRTAM,Hirtella,americana,Chrysobalanaceae,0,Unknown
ANPSYCER1,PSYCER,Ronabea,latifolia,Rubiaceae,0,Unknown
ANMICOEL3,MICOEL,Miconia,elata,Melastomataceae,0,Unknown
ANINGAFA5,INGAFA,Inga,laurina,Fabaceae,0,Unknown
ANDOLIMA2,DOLIMA,Doliocarpus,major,Dilleniaceae,1,Unknown
ANMICOAF3,MICOAF,Miconia,affinis,Melastomataceae,0,Unknown
ANAMAICO1,AMAICO,Amaioua,glomerulata,Rubiaceae,0,Unknown
ANNECTCU3,NECTCU,Nectandra,cuspidata,Lauraceae,0,Unknown
ANMICOEL2,MICOEL,Miconia,elata,Melastomataceae,0,Unknown
ANPSYCDE2,PSYCDE,Palicourea,deflexa,Rubiaceae,0,Unknown
ANINGAFA4,INGAFA,Inga,laurina,Fabaceae,0,Unknown
ANPSYCB27,PSYCB2,Palicourea,gracilenta,Rubiaceae,0,Unknown
ANMAR2PA1,MAR2PA,Maripa,panamensis,Convolvulaceae,1,Unknown
ANPERAAR6,PERAAR,Pera,arborea,Peraceae,0,Unknown
ANPIPECO1,PIPECO,Piper,cordulatum,Piperaceae,0,Unknown
ANPSYCDE1,PSYCDE,Palicourea,deflexa,Rubiaceae,0,Unknown
ANHIRTAM5,HIRTAM,Hirtella,americana,Chrysobalanaceae,0,Unknown
ANENTESC3,ENTESC,Robrichia,schomburgkii,Fabaceae,0,Unknown
ANINGAFA3,INGAFA,Inga,laurina,Fabaceae,0,Unknown
ANENTESC2,ENTESC,Robrichia,schomburgkii,Fabaceae,0,Unknown
ANMICOEL1,MICOEL,Miconia,elata,Melastomataceae,0,Unknown
ANHIRTAM4,HIRTAM,Hirtella,americana,Chrysobalanaceae,0,Unknown
ANPERAAR5,PERAAR,Pera,arborea,Peraceae,0,Unknown
ANSIPAGU4,SIPAGU,Siparuna,guianensis,Siparunaceae,0,Unknown
ANPERAAR4,PERAAR,Pera,arborea,Peraceae,0,Unknown
ANPSYCB26,PSYCB2,Palicourea,gracilenta,Rubiaceae,0,Unknown
ANINGAFA2,INGAFA,Inga,laurina,Fabaceae,0,Unknown
ANPHRYCO2,PHRYCO,Bignonia,corymbosa,Bignoniaceae,1,Unknown
ANHIRTAM2,HIRTAM,Hirtella,americana,Chrysobalanaceae,0,Unknown
ANLINDLA1,LINDLA,Lindackeria,laurina,Achariaceae,0,Unknown
ANNECTCU2,NECTCU,Nectandra,cuspidata,Lauraceae,0,Unknown
ANPSYCB25,PSYCB2,Palicourea,gracilenta,Rubiaceae,0,Unknown
ANHIRTAM3,HIRTAM,Hirtella,americana,Chrysobalanaceae,0,Unknown
ANPHRYCO3,PHRYCO,Bignonia,corymbosa,Bignoniaceae,1,Unknown
ANDOLIMA1,DOLIMA,Doliocarpus,major,Dilleniaceae,1,Unknown
ANPERAAR3,PERAAR,Pera,arborea,Peraceae,0,Unknown
ANCONNPA1,CONNPA,Connarus,panamensis,Connaraceae,1,Unknown
ANHIRTRA2,HIRTRA,Hirtella,racemosa,Chrysobalanaceae,0,Unknown
ANSIPAGU3,SIPAGU,Siparuna,guianensis,Siparunaceae,0,Unknown
ANPSYCB24,PSYCB2,Palicourea,gracilenta,Rubiaceae,0,Unknown
ANPHRYCO4,PHRYCO,Bignonia,corymbosa,Bignoniaceae,1,Unknown
ANENTESC1,ENTESC,Robrichia,schomburgkii,Fabaceae,0,Unknown
ANHIRTAM1,HIRTAM,Hirtella,americana,Chrysobalanaceae,0,Unknown
ANINGAFA1,INGAFA,Inga,laurina,Fabaceae,0,Unknown
ANPSYCB23,PSYCB2,Palicourea,gracilenta,Rubiaceae,0,Unknown
ANLACIAG1,LACIAG,Lacistema,aggregatum,Lacistemataceae,0,Unknown
ANNECTCU1,NECTCU,Nectandra,cuspidata,Lauraceae,0,Unknown
ANPSYCB22,PSYCB2,Palicourea,gracilenta,Rubiaceae,0,Unknown
ANSIPAGU2,SIPAGU,Siparuna,guianensis,Siparunaceae,0,Unknown
ANPHRYCO1,PHRYCO,Bignonia,corymbosa,Bignoniaceae,1,Unknown
ANINGAFA6,INGAFA,Inga,laurina,Fabaceae,0,Unknown
ANPERAAR7,PERAAR,Pera,arborea,Peraceae,0,Unknown
PPPIPEAE8,PIPEAE,Piper,aequale,Piperaceae,0,Unknown
PPPIPEAE1,PIPEAE,Piper,aequale,Piperaceae,0,Unknown
PPPAR1PY1,PAR1PY,Tanaecium,pyramidatum,Bignoniaceae,1,Unknown
PPRINOSY5,RINOSY,Rinorea,silvatica,Violaceae,0,Unknown
PPPSYCHO3,PSYCHO,Psychotria,horizontalis,Rubiaceae,0,Unknown
PPINGAPU1,INGAPU,Inga,punctata,Fabaceae,0,Unknown
PPSTYLTU3,STYLST,Stylogyne,turbacensis,Primulaceae,0,Unknown
PPTERMOB3,TERMOB,Terminalia,oblonga,Combretaceae,0,Unknown
PPPHRYCO4,PHRYCO,Bignonia,corymbosa,Bignoniaceae,1,Unknown
PPCOCCP14,COCCP1,Coccoloba,excelsa,Polygonaceae,1,Unknown
PPSTRYPA4,STRYPA,Strychnos,panamensis,Loganiaceae,1,Unknown
PPTERMOB5,TERMOB,Terminalia,oblonga,Combretaceae,0,Unknown
PPRINOSY4,RINOSY,Rinorea,silvatica,Violaceae,0,Unknown
PPSTYLTU2,STYLST,Stylogyne,turbacensis,Primulaceae,0,Unknown
PPPHRYCO5,PHRYCO,Bignonia,corymbosa,Bignoniaceae,1,Unknown
PPFARAOC6,FARAOC,Faramea,occidentalis,Rubiaceae,0,Unknown
PPDOLIMA3,DOLIMA,Doliocarpus,major,Dilleniaceae,1,Unknown
PPRINOSY3,RINOSY,Rinorea,silvatica,Violaceae,0,Unknown
PPTERMOB4,TERMOB,Terminalia,oblonga,Combretaceae,0,Unknown
PPSTYLTU5,STYLST,Stylogyne,turbacensis,Primulaceae,0,Unknown
PPINGAPU7,INGAPU,Inga,punctata,Fabaceae,0,Unknown
PPBROSAL9,BROSAL,Brosimum,alicastrum,Moraceae,0,Unknown
PPPIT1RU4,PIT1RU,Cojoba,rufescens,Fabaceae,0,Unknown
PPALIBED8,ALIBED,Alibertia,edulis,Rubiaceae,0,Unknown
PPPSYCHO9,PSYCHO,Psychotria,horizontalis,Rubiaceae,0,Unknown
PPPSYCEM10,PSYCEM,Ronabea,emetica,Rubiaceae,0,Unknown
PPSTRYPA9,STRYPA,Strychnos,panamensis,Loganiaceae,1,Unknown
PPPIT1RU3,PIT1RU,Cojoba,rufescens,Fabaceae,0,Unknown
PPSTRYPA8,STRYPA,Strychnos,panamensis,Loganiaceae,1,Unknown
PPALIBED10,ALIBED,Alibertia,edulis,Rubiaceae,0,Unknown
PPABUTRA4,ABUTRA,Abuta,racemosa,Menispermaceae,1,Unknown
PPLACIAG7,LACIAG,Lacistema,aggregatum,Lacistemataceae,0,Unknown
PPPSYCEM8,PSYCEM,Ronabea,emetica,Rubiaceae,0,Unknown
PPINGAPU6,INGAPU,Inga,punctata,Fabaceae,0,Unknown
PPLACIAG8,LACIAG,Lacistema,aggregatum,Lacistemataceae,0,Unknown
PPTROPRA9,TROPRA,Trophis,racemosa,Moraceae,0,Unknown
PPALIBED9,ALIBED,Alibertia,edulis,Rubiaceae,0,Unknown
PPBROSAL8,BROSAL,Brosimum,alicastrum,Moraceae,0,Unknown
PPABUTRA3,ABUTRA,Abuta,racemosa,Menispermaceae,1,Unknown
PPTROPRA8,TROPRA,Trophis,racemosa,Moraceae,0,Unknown
PPPIT1RU,PIT1RU,Cojoba,rufescens,Fabaceae,0,Unknown
PPBROSAL7,BROSAL,Brosimum,alicastrum,Moraceae,0,Unknown
PPBROSAL6,BROSAL,Brosimum,alicastrum,Moraceae,0,Unknown
PPPSYCEM7,PSYCEM,Ronabea,emetica,Rubiaceae,0,Unknown
PPSTIZRI7,STIZRI,Stizophyllum,riparium,Bignoniaceae,1,Unknown
PPCALLLA3,CALLLA,Callichlamys,latifolia,Bignoniaceae,1,Unknown
PPTROPRA7,TROPRA,Trophis,racemosa,Moraceae,0,Unknown
PPPSYCHO8,PSYCHO,Psychotria,horizontalis,Rubiaceae,0,Unknown
PPPSYCEM6,PSYCEM,Ronabea,emetica,Rubiaceae,0,Unknown
PPPIPEAE3,PIPEAE,Piper,aequale,Piperaceae,0,Unknown
PPSWARS17,SWARS1,Swartzia,simplex,Fabaceae,0,Unknown
PPMAR2PA5,MAR2PA,Maripa,panamensis,Convolvulaceae,1,Unknown
PPPAR1PY9,PAR1PY,Tanaecium,pyramidatum,Bignoniaceae,1,Unknown
PPPIPEAE4,PIPEAE,Piper,aequale,Piperaceae,0,Unknown
PPABUTRA10,ABUTRA,Abuta,racemosa,Menispermaceae,1,Unknown
PPSWARS18,SWARS1,Swartzia,simplex,Fabaceae,0,Unknown
PPGUARGL8,GUARGL,Guarea,glabra,Meliaceae,0,Unknown
PPPAR1PY10,PAR1PY,Tanaecium,pyramidatum,Bignoniaceae,1,Unknown
PPTERMOB10,TERMOB,Terminalia,oblonga,Combretaceae,0,Unknown
PPCALLLA9,CALLLA,Callichlamys,latifolia,Bignoniaceae,1,Unknown
PPCALLLA8,CALLLA,Callichlamys,latifolia,Bignoniaceae,1,Unknown
PPPROTTE3,PROTTE,Protium,tenuifolium,Burseraceae,0,Unknown
PPALIBED3,ALIBED,Alibertia,edulis,Rubiaceae,0,Unknown
PPCNESRU3,CNESRU,Cnestidium,rufescens,Connaraceae,1,Unknown
PPFARAOC4,FARAOC,Faramea,occidentalis,Rubiaceae,0,Unknown
PPSWARS13,SWARS1,Swartzia,simplex,Fabaceae,0,Unknown
PPTROPRA3,TROPRA,Trophis,racemosa,Moraceae,0,Unknown
PPGUARGL3,GUARGL,Guarea,glabra,Meliaceae,0,Unknown
PPCOCCP12,COCCP1,Coccoloba,excelsa,Polygonaceae,1,Unknown
PPSTRYPA2,STRYPA,Strychnos,panamensis,Loganiaceae,1,Unknown
PPABUTRA1,ABUTRA,Abuta,racemosa,Menispermaceae,1,Unknown
PPMAR2PA2,MAR2PA,Maripa,panamensis,Convolvulaceae,1,Unknown
PPGUSTSU4,GUSTSU,Gustavia,superba,Lecythidaceae,0,Unknown
PPSWARS12,SWARS1,Swartzia,simplex,Fabaceae,0,Unknown
PPTROPRA2,TROPRA,Trophis,racemosa,Moraceae,0,Unknown
PPPHRYCO1,PHRYCO,Bignonia,corymbosa,Bignoniaceae,1,Unknown
PPPSYCHO2,PSYCHO,Psychotria,horizontalis,Rubiaceae,0,Unknown
PPDOLIMA2,DOLIMA,Doliocarpus,major,Dilleniaceae,1,Unknown
PPLACIAG3,LACIAG,Lacistema,aggregatum,Lacistemataceae,0,Unknown
PPPIT1RU10,PIT1RU,Cojoba,rufescens,Fabaceae,0,Unknown
PPCALLLA6,CALLLA,Callichlamys,latifolia,Bignoniaceae,1,Unknown
PPCOCCP110,COCCP1,Coccoloba,excelsa,Polygonaceae,1,Unknown
PPLACIAG4,LACIAG,Lacistema,aggregatum,Lacistemataceae,0,Unknown
PPDOLIMA1,DOLIMA,Doliocarpus,major,Dilleniaceae,1,Unknown
PPGUARGL1,GUARGL,Guarea,glabra,Meliaceae,0,Unknown
PPSTYLTU1,STYLST,Stylogyne,turbacensis,Primulaceae,0,Unknown
PPFARAOC2,FARAOC,Faramea,occidentalis,Rubiaceae,0,Unknown
PPPSYCHO1,PSYCHO,Psychotria,horizontalis,Rubiaceae,0,Unknown
PPALIBED1,ALIBED,Alibertia,edulis,Rubiaceae,0,Unknown
PPALIBED2,ALIBED,Alibertia,edulis,Rubiaceae,0,Unknown
PPGUARGL2,GUARGL,Guarea,glabra,Meliaceae,0,Unknown
PPPROTTE2,PROTTE,Protium,tenuifolium,Burseraceae,0,Unknown
PPTERMOB1,TERMOB,Terminalia,oblonga,Combretaceae,0,Unknown
PPPSYCEM2,PSYCEM,Ronabea,emetica,Rubiaceae,0,Unknown
PPPSYCEM1,PSYCEM,Ronabea,emetica,Rubiaceae,0,Unknown
PPLACIAG2,LACIAG,Lacistema,aggregatum,Lacistemataceae,0,Unknown
PPSWARS11,SWARS1,Swartzia,simplex,Fabaceae,0,Unknown
PPMAR2PA1,MAR2PA,Maripa,panamensis,Convolvulaceae,1,Unknown
PPFARAOC1,FARAOC,Faramea,occidentalis,Rubiaceae,0,Unknown
PPSTRYPA1,STRYPA,Strychnos,panamensis,Loganiaceae,1,Unknown
PPCALLLA1,CALLLA,Callichlamys,latifolia,Bignoniaceae,1,Unknown
PPTROPRA1,TROPRA,Trophis,racemosa,Moraceae,0,Unknown
PPPROTTE1,PROTTE,Protium,tenuifolium,Burseraceae,0,Unknown
PPGUSTSU1,GUSTSU,Gustavia,superba,Lecythidaceae,0,Unknown
PPBROSAL1,BROSAL,Brosimum,alicastrum,Moraceae,0,Unknown
PPFARAOC3,FARAOC,Faramea,occidentalis,Rubiaceae,0,Unknown
PPBROSAL2,BROSAL,Brosimum,alicastrum,Moraceae,0,Unknown
PPSTIZRI1,STIZRI,Stizophyllum,riparium,Bignoniaceae,1,Unknown
PPCNESRU2,CNESRU,Cnestidium,rufescens,Connaraceae,1,Unknown
PPGUSTSU3,GUSTSU,Gustavia,superba,Lecythidaceae,0,Unknown
PPCUPARU2,CUPARU,Cupania,rufescens,Sapindaceae,0,Unknown
PPLACIAG1,LACIAG,Lacistema,aggregatum,Lacistemataceae,0,Unknown
PPGUSTSU2,GUSTSU,Gustavia,superba,Lecythidaceae,0,Unknown
PPCNESRU1,CNESRU,Cnestidium,rufescens,Connaraceae,1,Unknown
PPCUPARU1,CUPARU,Cupania,rufescens,Sapindaceae,0,Unknown
PPCOCCP11,COCCP1,Coccoloba,excelsa,Polygonaceae,1,Unknown
SHPIPECO9,PIPECO,Piper,cordulatum,Piperaceae,0,Unknown
PIPECO5,PIPECO,Piper,cordulatum,Piperaceae,0,Unknown
SHINGATH8,INGATH,Inga,thibaudiana,Fabaceae,0,Unknown
SHPERIPR6,PERIPR,Peritassa,pruinosa,Celastraceae,1,Unknown
SHTOVOLO6,TOVOLO,Tovomita,longifolia,Clusiaceae,0,Unknown
SHTAPIGU7,TAPIGU,Tapirira,guianensis,Anacardiaceae,0,Unknown
SHINGATH5,INGATH,Inga,thibaudiana,Fabaceae,0,Unknown
SHPEREXA6,PEREXA,Perebea,xanthochyma,Moraceae,0,Unknown
SHPSYCSU7,PSYCSU,Palicourea,suerrensis,Rubiaceae,0,Unknown
SHBROSUT9,BROSUT,Brosimum,utile,Moraceae,0,Unknown
SHBROSUT8,BROSUT,Brosimum,utile,Moraceae,0,Unknown
SHVIROSE8,VIROSE,Virola,sebifera,Myristicaceae,0,Unknown
SHTONTOV5,TONTOV,Tontelea,passiflora,Celastraceae,1,Unknown
SHPIPECO3,PIPECO,Piper,cordulatum,Piperaceae,0,Unknown
SHBROSUT4,BROSUT,Brosimum,utile,Moraceae,0,Unknown
SHCALOLO5,CALOLO,Calophyllum,longifolium,Calophyllaceae,0,Unknown
SHBROSUT3,BROSUT,Brosimum,utile,Moraceae,0,Unknown
SHMICOSI7,MICOSI,Miconia,simplex,Melastomataceae,0,Unknown
SHTAPIGU6,TAPIGU,Tapirira,guianensis,Anacardiaceae,0,Unknown
SHPIPECO4,PIPECO,Piper,cordulatum,Piperaceae,0,Unknown
SHTACHVE4,TACHVE,Tachigali,panamensis,Fabaceae,0,Unknown
SHMICOSI6,MICOSI,Miconia,simplex,Melastomataceae,0,Unknown
SHCALOLO4,CALOLO,Calophyllum,longifolium,Calophyllaceae,0,Unknown
SHPSYCSU6,PSYCSU,Palicourea,suerrensis,Rubiaceae,0,Unknown
SHCALOLO3,CALOLO,Calophyllum,longifolium,Calophyllaceae,0,Unknown
SHTAPIGU3,TAPIGU,Tapirira,guianensis,Anacardiaceae,0,Unknown
SHTONTOV4,TONTOV,Tontelea,passiflora,Celastraceae,1,Unknown
SHTACHVE3,TACHVE,Tachigali,panamensis,Fabaceae,0,Unknown
SHTAPIGU2,TAPIGU,Tapirira,guianensis,Anacardiaceae,0,Unknown
SHPSYCSU5,PSYCSU,Palicourea,suerrensis,Rubiaceae,0,Unknown
SHPERIPR10,PERIPR,Peritassa,pruinosa,Celastraceae,1,Unknown
SHCALOLO10,CALOLO,Calophyllum,longifolium,Calophyllaceae,0,Unknown
SHDOLIDE10,DOLIDE,Doliocarpus,dentatus,Dilleniaceae,1,Unknown
SHVIROEL9,VIROEL,Virola,elongata,Myristicaceae,0,Unknown
SHTAPIGU10,TAPIGU,Tapirira,guianensis,Anacardiaceae,0,Unknown
SHTOVOLO10,TOVOLO,Tovomita,longifolia,Clusiaceae,0,Unknown
SHCREMPA8,CREMPA,Cremastosperma,panamense,Annonaceae,0,Unknown
SHPEREXA9,PEREXA,Perebea,xanthochyma,Moraceae,0,Unknown
SHTOVOST6,TOVOST,Tovomita,stylosa,Clusiaceae,0,Unknown
SHDOLIDE9,DOLIDE,Doliocarpus,dentatus,Dilleniaceae,1,Unknown
SHBELIPE9,BEILPE,Beilschmiedia,tovarensis,Lauraceae,0,Unknown
SHNECTPU10,NECTPU,Damburneya,purpurea,Lauraceae,0,Unknown
SHINGATH10,INGATH,Inga,thibaudiana,Fabaceae,0,Unknown
SHPSYCSU1,PSYCSU,Palicourea,suerrensis,Rubiaceae,0,Unknown
SHPERIPR2,PERIPR,Peritassa,pruinosa,Celastraceae,1,Unknown
SHMICOSI3,MICOSI,Miconia,simplex,Melastomataceae,0,Unknown
SHPEREXA4,PEREXA,Perebea,xanthochyma,Moraceae,0,Unknown
SHPERAAR4,PERAAR,Pera,arborea,Peraceae,0,Unknown
SHMAR2PA5,MAR2PA,Maripa,panamensis,Convolvulaceae,1,Unknown
SHBROSGU5,BROSGU,Brosimum,guianense,Moraceae,0,Unknown
SHINGATH2,INGATH,Inga,thibaudiana,Fabaceae,0,Unknown
SHLACIAG6,LACIAG,Lacistema,aggregatum,Lacistemataceae,0,Unknown
SHTOVOLO3,TOVOLO,Tovomita,longifolia,Clusiaceae,0,Unknown
SHCREMPA5,CREMPA,Cremastosperma,panamense,Annonaceae,0,Unknown
SHPERAAR5,PERAAR,Pera,arborea,Peraceae,0,Unknown
SHDOLIDE4,DOLIDE,Doliocarpus,dentatus,Dilleniaceae,1,Unknown
SHPSYCSU,PSYCSU,Palicourea,suerrensis,Rubiaceae,0,Unknown
SHDOLIDE5,DOLIDE,Doliocarpus,dentatus,Dilleniaceae,1,Unknown
SHPERIPR3,PERIPR,Peritassa,pruinosa,Celastraceae,1,Unknown
SHNECTPU5,NECTPU,Damburneya,purpurea,Lauraceae,0,Unknown
SHPERIPR4,PERIPR,Peritassa,pruinosa,Celastraceae,1,Unknown
SHTONTOV10,TONTOV,Tontelea,passiflora,Celastraceae,1,Unknown
SHBROSGU10,BROSGU,Brosimum,guianense,Moraceae,0,Unknown
SHCREMPA2,CREMPA,Cremastosperma,panamense,Annonaceae,0,Unknown
SHOEREXA3,PEREXA,Perebea,xanthochyma,Moraceae,0,Unknown
SHPSYCSU3,PSYCSU,Palicourea,suerrensis,Rubiaceae,0,Unknown
SHHEISAC7,HEISAC,Heisteria,acuminata,Olacaceae,0,Unknown
SHVIROSE5,VIROSE,Virola,sebifera,Myristicaceae,0,Unknown
SHMANIBI4,MANIBI,Manilkara,bidentata,Sapotaceae,0,Unknown
SHMICOSI5,MICOSI,Miconia,simplex,Melastomataceae,0,Unknown
SHPERAAR6,PERAAR,Pera,arborea,Peraceae,0,Unknown
SHCORDBI6,CORDBI,Cordia,bicolor,Boraginaceae,0,Unknown
SHNECTPU4,NECTPU,Damburneya,purpurea,Lauraceae,0,Unknown
SHTOVOLO4,TOVOLO,Tovomita,longifolia,Clusiaceae,0,Unknown
SHASPICR6,ASPICR,Aspidosperma,desmanthum,Apocynaceae,0,Unknown
SHCORDBI5,CORDBI,Cordia,bicolor,Boraginaceae,0,Unknown
SHHEISAC4,HEISAC,Heisteria,acuminata,Olacaceae,0,Unknown
SHMAR2PA6,MAR2PA,Maripa,panamensis,Convolvulaceae,1,Unknown
SHNECTPU3,NECTPU,Damburneya,purpurea,Lauraceae,0,Unknown
SHINGATH3,INGATH,Inga,thibaudiana,Fabaceae,0,Unknown
SHVIROSE4,VIROSE,Virola,sebifera,Myristicaceae,0,Unknown
SHBROSGU4,BROSGU,Brosimum,guianense,Moraceae,0,Unknown
SHLACIAG5,LACIAG,Lacistema,aggregatum,Lacistemataceae,0,Unknown
SHCREMPA4,CREMPA,Cremastosperma,panamense,Annonaceae,0,Unknown
SHPROTPA6,PROTPA,Protium,panamense,Burseraceae,0,Unknown
SHPERAAR3,PERAAR,Pera,arborea,Peraceae,0,Unknown
SHPIPECO2,PIPECO,Piper,cordulatum,Piperaceae,0,Unknown
SHMAR2PA4,MAR2PA,Maripa,panamensis,Convolvulaceae,1,Unknown
SHSMILS110,SMILS1,Smilax,spinosa,Smilacaceae,1,Unknown
SHHEISAC3,HEISAC,Heisteria,acuminata,Olacaceae,0,Unknown
SHCREMPA3,CREMPA,Cremastosperma,panamense,Annonaceae,0,Unknown
SHPROTPA5,PROTPA,Protium,panamense,Burseraceae,0,Unknown
SHVOCHFE4,VOCHFE,Vochysia,ferruginea,Vochysiaceae,0,Unknown
SHCALOLO2,CALOLO,Calophyllum,longifolium,Calophyllaceae,0,Unknown
SHPERAAR2,PERAAR,Pera,arborea,Peraceae,0,Unknown
SHSMILS15,SMILS1,Smilax,spinosa,Smilacaceae,1,Unknown
SHBROSGU3,BROSGU,Brosimum,guianense,Moraceae,0,Unknown
SHTOVOST4,TOVOST,Tovomita,stylosa,Clusiaceae,0,Unknown
SHVIROEL4,VIROEL,Virola,elongata,Myristicaceae,0,Unknown
SHVIROEL5,VIROEL,Virola,elongata,Myristicaceae,0,Unknown
SHTOVOST9,TOVOST,Tovomita,stylosa,Clusiaceae,0,Unknown
SHMANIBI9,MANIBI,Manilkara,bidentata,Sapotaceae,0,Unknown
SHASPICR5,ASPICR,Aspidosperma,desmanthum,Apocynaceae,0,Unknown
SHASPICR3,ASPICR,Aspidosperma,desmanthum,Apocynaceae,0,Unknown
SHBELIPE5,BEILPE,Beilschmiedia,tovarensis,Lauraceae,0,Unknown
SHASPICR4,ASPICR,Aspidosperma,desmanthum,Apocynaceae,0,Unknown
SHHEISAC2,HEISAC,Heisteria,acuminata,Olacaceae,0,Unknown
SHLACIAG3,LACIAG,Lacistema,aggregatum,Lacistemataceae,0,Unknown
SHMAR2PA1,MAR2PA,Maripa,panamensis,Convolvulaceae,1,Unknown
SHMICOSI1,MICOSI,Miconia,simplex,Melastomataceae,0,Unknown
SRPEREXA2,PEREXA,Perebea,xanthochyma,Moraceae,0,Unknown
SHASPICR1,ASPICR,Aspidosperma,desmanthum,Apocynaceae,0,Unknown
SHLACIAG4,LACIAG,Lacistema,aggregatum,Lacistemataceae,0,Unknown
SHBELIPE4,BEILPE,Beilschmiedia,tovarensis,Lauraceae,0,Unknown
SHSMILS14,SMILS1,Smilax,spinosa,Smilacaceae,1,Unknown
SHASPICR2,ASPICR,Aspidosperma,desmanthum,Apocynaceae,0,Unknown
SHPROTPA4,PROTPA,Protium,panamense,Burseraceae,0,Unknown
SHVOCHFE3,VOCHFE,Vochysia,ferruginea,Vochysiaceae,0,Unknown
SHVIROEL3,VIROEL,Virola,elongata,Myristicaceae,0,Unknown
SHTACHVE2,TACHVE,Tachigali,panamensis,Fabaceae,0,Unknown
SHBELIPE3,BEILPE,Beilschmiedia,tovarensis,Lauraceae,0,Unknown
SHVOCHFE2,VOCHFE,Vochysia,ferruginea,Vochysiaceae,0,Unknown
SHSMILS13,SMILS1,Smilax,spinosa,Smilacaceae,1,Unknown
SHCORDBI3,CORDBI,Cordia,bicolor,Boraginaceae,0,Unknown
SHVIROSE2,VIROSE,Virola,sebifera,Myristicaceae,0,Unknown
SHMAR2PA2,MAR2PA,Maripa,panamensis,Convolvulaceae,1,Unknown
SHTOVOLO1,TOVOLO,Tovomita,longifolia,Clusiaceae,0,Unknown
SHINGATH1,INGATH,Inga,thibaudiana,Fabaceae,0,Unknown
SHPERAAR1,PERAAR,Pera,arborea,Peraceae,0,Unknown
SHTOVOLO2,TOVOLO,Tovomita,longifolia,Clusiaceae,0,Unknown
SHPROTPA3,PROTPA,Protium,panamense,Burseraceae,0,Unknown
SHCALOLO1,CALOLO,Calophyllum,longifolium,Calophyllaceae,0,Unknown
SHSMILS12,SMILS1,Smilax,spinosa,Smilacaceae,1,Unknown
SHBELIPE2,BEILPE,Beilschmiedia,tovarensis,Lauraceae,0,Unknown
SHVIROEL2,VIROEL,Virola,elongata,Myristicaceae,0,Unknown
SHHEISAC1,HEISAC,Heisteria,acuminata,Olacaceae,0,Unknown
SHVIROEL1,VIROEL,Virola,elongata,Myristicaceae,0,Unknown
SHCORDBI4,CORDBI,Cordia,bicolor,Boraginaceae,0,Unknown
SHMAR2PA3,MAR2PA,Maripa,panamensis,Convolvulaceae,1,Unknown
SHSMILS11,SMILS1,Smilax,spinosa,Smilacaceae,1,Unknown
SHMANIBI3,MANIBI,Manilkara,bidentata,Sapotaceae,0,Unknown
SHDOLIDE2,DOLIDE,Doliocarpus,dentatus,Dilleniaceae,1,Unknown
SHMANIBI10,MANIBI,Manilkara,bidentata,Sapotaceae,0,Unknown
SHTOVOST3,TOVOST,Tovomita,stylosa,Clusiaceae,0,Unknown
SHBROSUT1,BROSUT,Brosimum,utile,Moraceae,0,Unknown
SHNECTPU2,NECTPU,Damburneya,purpurea,Lauraceae,0,Unknown
SHBROSUT2,BROSUT,Brosimum,utile,Moraceae,0,Unknown
SRVOCHFE10,VOCHFE,Vochysia,ferruginea,Vochysiaceae,0,Unknown
SHTACHVE9,TACHVE,Tachigali,panamensis,Fabaceae,0,Unknown
SHTOVOST1,TOVOST,Tovomita,stylosa,Clusiaceae,0,Unknown
SHBELIPE1,BEILPE,Beilschmiedia,tovarensis,Lauraceae,0,Unknown
SHCORDBI2,CORDBI,Cordia,bicolor,Boraginaceae,0,Unknown
SHPROTPA2,PROTPA,Protium,panamense,Burseraceae,0,Unknown
SHBROSGU2,BROSGU,Brosimum,guianense,Moraceae,0,Unknown
SHTONTOV2,TONTOV,Tontelea,passiflora,Celastraceae,1,Unknown
SHTACHVE1,TACHVE,Tachigali,panamensis,Fabaceae,0,Unknown
SHPEREXA1,PEREXA,Perebea,xanthochyma,Moraceae,0,Unknown
SHNECTPU1,NECTPU,Damburneya,purpurea,Lauraceae,0,Unknown
SHTAPIGU1,TAPIGU,Tapirira,guianensis,Anacardiaceae,0,Unknown
SHVOCHFE1,VOCHFE,Vochysia,ferruginea,Vochysiaceae,0,Unknown
SHBTOSGU1,BROSGU,Brosimum,guianense,Moraceae,0,Unknown
SHDOLIDE1,DOLIDE,Doliocarpus,dentatus,Dilleniaceae,1,Unknown
SHCREMPA1,CREMPA,Cremastosperma,panamense,Annonaceae,0,Unknown
SHMANIBI2,MANIBI,Manilkara,bidentata,Sapotaceae,0,Unknown
SHLACIAG1,LACIAG,Lacistema,aggregatum,Lacistemataceae,0,Unknown
SHVIROSE1,VIROSE,Virola,sebifera,Myristicaceae,0,Unknown
SHLACIAG2,LACIAG,Lacistema,aggregatum,Lacistemataceae,0,Unknown
SHCORDBI1,CORDBI,Cordia,bicolor,Boraginaceae,0,Unknown
SHVIROSE3,VIROSE,Virola,sebifera,Myristicaceae,0,Unknown
SHMANIBI1,MANIBI,Manilkara,bidentata,Sapotaceae,0,Unknown
SHPROTPA1,PROTPA,Protium,panamense,Burseraceae,0,Unknown
SHTONTOV1,TONTOV,Tontelea,passiflora,Celastraceae,1,Unknown
SHTACHVE10,TACHVE,Tachigali,panamensis,Fabaceae,0,Unknown
SHPERIPR1,PERIPR,Peritassa,pruinosa,Celastraceae,1,Unknown
SHPIPECO1,PIPECO,Piper,cordulatum,Piperaceae,0,Unknown
SHTONTOV3,TONTOV,Tontelea,passiflora,Celastraceae,1,Unknown
SHTOVOST2,TOVOST,Tovomita,stylosa,Clusiaceae,0,Unknown
SHMICOSI2,MICOSI,Miconia,simplex,Melastomataceae,0,Unknown
SRMYRCGA9,MYRCGA,Myrcia,splendens,Myrtaceae,0,Unknown
SRMYRCGA5,MYRCGA,Myrcia,splendens,Myrtaceae,0,Unknown
SRMYRCGA4,MYRCGA,Myrcia,splendens,Myrtaceae,0,Unknown
SRMYRCAGA3,MYRCGA,Myrcia,splendens,Myrtaceae,0,Unknown
SRLICAHY6,LICAHY,Licania,hypoleuca,Chrysobalanaceae,0,Unknown
SRLICAHY5,LICAHY,Licania,hypoleuca,Chrysobalanaceae,0,Unknown
SRLICAHY3,LICAHY,Licania,hypoleuca,Chrysobalanaceae,0,Unknown
SRLICAHY4,LICAHY,Licania,hypoleuca,Chrysobalanaceae,0,Unknown
SRRINOSQ3,RINOSQ,Rinorea,squamata,Violaceae,0,Unknown
SRBANICO6,BANICO,Bronwenia,cornifolia,Malpighiaceae,1,Unknown
SRRINOSQ6,RINOSQ,Rinorea,squamata,Violaceae,0,Unknown
SRRINOSQ4,RINOSQ,Rinorea,squamata,Violaceae,0,Unknown
SRDICHGE9,DICHGE,Dichapetalum,gentryi,Dichapetalaceae,1,Unknown
SRRINOSQ5,RINOSQ,Rinorea,squamata,Violaceae,0,Unknown
SRMAR2LE6,MARILE,Maripa,lewisii,Convolvulaceae,1,Unknown
SRDICHGE8,DICHGE,Dichapetalum,gentryi,Dichapetalaceae,1,Unknown
SRBANICO7,BANICO,Bronwenia,cornifolia,Malpighiaceae,1,Unknown
SRSYMPGL10,SYMPGL,Symphonia,globulifera,Clusiaceae,0,Unknown
SRPSYCPO10,PSYCPO,Palicourea,tomentosa,Rubiaceae,0,Unknown
SRSYMPGL9,SYMPGL,Symphonia,globulifera,Clusiaceae,0,Unknown
SRAPHEDE7,APHEDE,Aphelandra,scabra,Acanthaceae,0,Unknown
SRLONCAT8,LONCAT,Lonchocarpus,atropurpureus,Fabaceae,0,Unknown
SRPIPEA46,PIPEA4,Piper,augustum,Piperaceae,0,Unknown
SRRINOSQ1,RINOSQ,Rinorea,squamata,Violaceae,0,Unknown
SRLONCAT6,LONCAT,Lonchocarpus,atropurpureus,Fabaceae,0,Unknown
SRDICHGE4,DICHGE,Dichapetalum,gentryi,Dichapetalaceae,1,Unknown
SRBANICO3,BANICO,Bronwenia,cornifolia,Malpighiaceae,1,Unknown
SRPSYCC16,PSYCC1,Palicourea,violacea,Rubiaceae,0,Unknown
SRLONCAT7,LONCAT,Lonchocarpus,atropurpureus,Fabaceae,0,Unknown
SRANAXAL6,ANAXAL,Anaxagorea,allenii,Annonaceae,0,Unknown
SRDICHGE3,DICHGE,Dichapetalum,gentryi,Dichapetalaceae,1,Unknown
SRPSYCPO5,PSYCPO,Palicourea,tomentosa,Rubiaceae,0,Unknown
SRBANICO4,BANICO,Bronwenia,cornifolia,Malpighiaceae,1,Unknown
SRDICHGE2,DICHGE,Dichapetalum,gentryi,Dichapetalaceae,1,Unknown
SRSYMPGL5,SYMPGL,Symphonia,globulifera,Clusiaceae,0,Unknown
SRPIPEA45,PIPEA4,Piper,augustum,Piperaceae,0,Unknown
SRRUELFU6,RUELFU,Ruellia,fulgida,Acanthaceae,0,Unknown
SRHEISC18,HEISC1,Heisteria,costaricensis,Olacaceae,0,Unknown
SRHEISC16,HEISC1,Heisteria,costaricensis,Olacaceae,0,Unknown
SRLONCAT3,LONCAT,Lonchocarpus,atropurpureus,Fabaceae,0,Unknown
SRRINOSQ2,RINOSQ,Rinorea,squamata,Violaceae,0,Unknown
SRDOLIDE8,DOLIDE,Doliocarpus,dentatus,Dilleniaceae,1,Unknown
SRDOLIDE7,DOLIDE,Doliocarpus,dentatus,Dilleniaceae,1,Unknown
SRMAR2LE4,MARILE,Maripa,lewisii,Convolvulaceae,1,Unknown
SRLONCAT2,LONCAT,Lonchocarpus,atropurpureus,Fabaceae,0,Unknown
SRLONCAT1,LONCAT,Lonchocarpus,atropurpureus,Fabaceae,0,Unknown
SRCOCCP16,COCCP1,Coccoloba,excelsa,Polygonaceae,1,Unknown
SRMAR2LE8,MARILE,Maripa,lewisii,Convolvulaceae,1,Unknown
SRCHIOAL10,CHIOAL,Chiococca,alba,Rubiaceae,1,Unknown
SRCHIOAL9,CHIOAL,Chiococca,alba,Rubiaceae,1,Unknown
SRTOVOLO6,TOVOLO,Tovomita,longifolia,Clusiaceae,0,Unknown
SRTOVOST5,TOVOST,Tovomita,stylosa,Clusiaceae,0,Unknown
SRTOVOST6,TOVOST,Tovomita,stylosa,Clusiaceae,0,Unknown
SRCOCCP15,COCCP1,Coccoloba,excelsa,Polygonaceae,1,Unknown
SROURASU6,OURASU,Ouratea,sulcatinervia,Ochnaceae,0,Unknown
SROURASU5,OURASU,Ouratea,sulcatinervia,Ochnaceae,0,Unknown
SRPSYCPO4,PSYCPO,Palicourea,tomentosa,Rubiaceae,0,Unknown
SRVIROSE6,VIROSE,Virola,sebifera,Myristicaceae,0,Unknown
SRTOVOLO5,TOVOLO,Tovomita,longifolia,Clusiaceae,0,Unknown
SRTOVOST4,TOVOST,Tovomita,stylosa,Clusiaceae,0,Unknown
SRTOVOLO4,TOVOLO,Tovomita,longifolia,Clusiaceae,0,Unknown
SRCHIOAL8,CHIOAL,Chiococca,alba,Rubiaceae,1,Unknown
SEMAR2PA6,MAR2PA,Maripa,panamensis,Convolvulaceae,1,Unknown
SRTOVOST3,TOVOST,Tovomita,stylosa,Clusiaceae,0,Unknown
SRCOCCP14,COCCP1,Coccoloba,excelsa,Polygonaceae,1,Unknown
SRTOVOST2,TOVOST,Tovomita,stylosa,Clusiaceae,0,Unknown
SRSLOAOB6,SLOAOB,Sloanea,obtusifolia,Elaeocarpaceae,0,Unknown
SRTOVOST1,TOVOST,Tovomita,stylosa,Clusiaceae,0,Unknown
SRPSYCC15,PSYCC1,Palicourea,violacea,Rubiaceae,0,Unknown
SRMAR2PA5,MAR2PA,Maripa,panamensis,Convolvulaceae,1,Unknown
SRPSYCC14,PSYCC1,Palicourea,violacea,Rubiaceae,0,Unknown
SRPSYCGL6,PSYCGL,Palicourea,glomerulata,Rubiaceae,0,Unknown
SRPSYCER6,PSYCER,Ronabea,latifolia,Rubiaceae,0,Unknown
SRMAR2LE5,MARILE,Maripa,lewisii,Convolvulaceae,1,Unknown
SRSLOAOB5,SLOAOB,Sloanea,obtusifolia,Elaeocarpaceae,0,Unknown
SROURASU2,OURASU,Ouratea,sulcatinervia,Ochnaceae,0,Unknown
SRTOVOLO3,TOVOLO,Tovomita,longifolia,Clusiaceae,0,Unknown
SRDOLIDE4,DOLIDE,Doliocarpus,dentatus,Dilleniaceae,1,Unknown
SRVIROSE5,VIROSE,Virola,sebifera,Myristicaceae,0,Unknown
SRLICAHY2,LICAHY,Licania,hypoleuca,Chrysobalanaceae,0,Unknown
SRTAB2UB6,TAB2UN,Tabernaemontana,undulata,Apocynaceae,0,Unknown
SRCOCCP13,COCCP1,Coccoloba,excelsa,Polygonaceae,1,Unknown
SRCASSEL6,CASSEL,Cassipourea,elliptica,Rhizophoraceae,0,Unknown
SRPSYCGL5,PSYCGL,Palicourea,glomerulata,Rubiaceae,0,Unknown
SRCASSEL5,CASSEL,Cassipourea,elliptica,Rhizophoraceae,0,Unknown
SRPURASU4,OURASU,Ouratea,sulcatinervia,Ochnaceae,0,Unknown
SRMAR2LE3,MARILE,Maripa,lewisii,Convolvulaceae,1,Unknown
SRSLOAOB4,SLOAOB,Sloanea,obtusifolia,Elaeocarpaceae,0,Unknown
SRTOVOST10,TOVOST,Tovomita,stylosa,Clusiaceae,0,Unknown
SRANAXAL5,ANAXAL,Anaxagorea,allenii,Annonaceae,0,Unknown
SRCHIOAL3,CHIOAL,Chiococca,alba,Rubiaceae,1,Unknown
SRPSYCER5,PSYCER,Ronabea,latifolia,Rubiaceae,0,Unknown
SRHEISC15,HEISC1,Heisteria,costaricensis,Olacaceae,0,Unknown
SRCASSEL4,CASSEL,Cassipourea,elliptica,Rhizophoraceae,0,Unknown
SRPSYCGL4,PSYCGL,Palicourea,glomerulata,Rubiaceae,0,Unknown
SRCALYPU6,CALYPU,Myrcia,pulchella,Myrtaceae,0,Unknown
SRRUELFU5,RUELFU,Ruellia,fulgida,Acanthaceae,0,Unknown
SRCLYTBI6,CLYTBI,Bignonia,binata,Bignoniaceae,1,Unknown
SRCASSEL2,CASSEL,Cassipourea,elliptica,Rhizophoraceae,0,Unknown
SRPSYCC13,PSYCC1,Palicourea,violacea,Rubiaceae,0,Unknown
SRBANICO2,BANICO,Bronwenia,cornifolia,Malpighiaceae,1,Unknown
SRCOCCP12,COCCP1,Coccoloba,excelsa,Polygonaceae,1,Unknown
SRLICAHY1,LICAHY,Licania,hypoleuca,Chrysobalanaceae,0,Unknown
SRTAB2UN5,TAB2UN,Tabernaemontana,undulata,Apocynaceae,0,Unknown
SRDICHGE1,DICHGE,Dichapetalum,gentryi,Dichapetalaceae,1,Unknown
SRCASSEL3,CASSEL,Cassipourea,elliptica,Rhizophoraceae,0,Unknown
SRPSYCER4,PSYCER,Ronabea,latifolia,Rubiaceae,0,Unknown
SRCLYTBI5,CLYTBI,Bignonia,binata,Bignoniaceae,1,Unknown
SRMOURPA6,MOURPA,Mouriri,panamensis,Melastomataceae,0,Unknown
OLPSYCGL3,PSYCGL,Palicourea,glomerulata,Rubiaceae,0,Unknown
SRAPHEDE5,APHEDE,Aphelandra,scabra,Acanthaceae,0,Unknown
SRTAB2UN4,TAB2UN,Tabernaemontana,undulata,Apocynaceae,0,Unknown
SRDOLIDE3,DOLIDE,Doliocarpus,dentatus,Dilleniaceae,1,Unknown
SRVIROSE4,VIROSE,Virola,sebifera,Myristicaceae,0,Unknown
SRMOURPA5,MOURPA,Mouriri,panamensis,Melastomataceae,0,Unknown
SRCALYPU5,CALYPU,Myrcia,pulchella,Myrtaceae,0,Unknown
SROURASU3,OURASU,Ouratea,sulcatinervia,Ochnaceae,0,Unknown
SRCOCCP11,COCCP1,Coccoloba,excelsa,Polygonaceae,1,Unknown
SRCLYTBI3,CLYTBI,Bignonia,binata,Bignoniaceae,1,Unknown
SRCLYTBI4,CLYTBI,Bignonia,binata,Bignoniaceae,1,Unknown
SRAPHEDE4,APHEDE,Aphelandra,scabra,Acanthaceae,0,Unknown
SRMAR2PA4,MAR2PA,Maripa,panamensis,Convolvulaceae,1,Unknown
SRTOVOLO1,TOVOLO,Tovomita,longifolia,Clusiaceae,0,Unknown
SRHEISC14,HEISC1,Heisteria,costaricensis,Olacaceae,0,Unknown
SRCALYPU4,CALYPU,Myrcia,pulchella,Myrtaceae,0,Unknown
SRPIPEA44,PIPEA4,Piper,augustum,Piperaceae,0,Unknown
SRCHIOAL2,CHIOAL,Chiococca,alba,Rubiaceae,1,Unknown
SRPSYCC12,PSYCC1,Palicourea,violacea,Rubiaceae,0,Unknown
SRSLOAOB3,SLOAOB,Sloanea,obtusifolia,Elaeocarpaceae,0,Unknown
SRSYMPGL3,SYMPGL,Symphonia,globulifera,Clusiaceae,0,Unknown
SRMOURPA4,MOURPA,Mouriri,panamensis,Melastomataceae,0,Unknown
SROURASU1,OURASU,Ouratea,sulcatinervia,Ochnaceae,0,Unknown
SRCALYPU3,CALYPU,Myrcia,pulchella,Myrtaceae,0,Unknown
SRPSYCCA1,PSYCC1,Palicourea,violacea,Rubiaceae,0,Unknown
SRLISIJE1,LISIJE,Lisianthius,jefensis,Gentianaceae,0,Unknown
SRANAXAL2,ANAXAL,Anaxagorea,allenii,Annonaceae,0,Unknown
SRMAR2PA2,MAR2PA,Maripa,panamensis,Convolvulaceae,1,Unknown
SRHEISC12,HEISC1,Heisteria,costaricensis,Olacaceae,0,Unknown
SRTAB2UN1,TAB2UN,Tabernaemontana,undulata,Apocynaceae,0,Unknown
SRPSYCGL2,PSYCGL,Palicourea,glomerulata,Rubiaceae,0,Unknown
SRSYMPGL2,SYMPGL,Symphonia,globulifera,Clusiaceae,0,Unknown
SRCLYTBI2,CLYTBI,Bignonia,binata,Bignoniaceae,1,Unknown
SRMOURPA2,MOURPA,Mouriri,panamensis,Melastomataceae,0,Unknown
SRMAR2PA1,MAR2PA,Maripa,panamensis,Convolvulaceae,1,Unknown
SRAPHEDE2,APHEDE,Aphelandra,scabra,Acanthaceae,0,Unknown
SRPSYCER2,PSYCER,Ronabea,latifolia,Rubiaceae,0,Unknown
SRPSYCGL1,PSYCGL,Palicourea,glomerulata,Rubiaceae,0,Unknown
SRPSYCPO2,PSYCPO,Palicourea,tomentosa,Rubiaceae,0,Unknown
SRMAR2PA3,MAR2PA,Maripa,panamensis,Convolvulaceae,1,Unknown
SRCALYPU1,CALYPU,Myrcia,pulchella,Myrtaceae,0,Unknown
SRVIROSE2,VIROSE,Virola,sebifera,Myristicaceae,0,Unknown
SRSLOAOB1,SLOAOB,Sloanea,obtusifolia,Elaeocarpaceae,0,Unknown
SRCHIOAL1,CHIOAL,Chiococca,alba,Rubiaceae,1,Unknown
SRTAB2UN2,TAB2UN,Tabernaemontana,undulata,Apocynaceae,0,Unknown
SRANAXAL4,ANAXAL,Anaxagorea,allenii,Annonaceae,0,Unknown
SRLISIJE6,LISIJE,Lisianthius,jefensis,Gentianaceae,0,Unknown
SRBANICO1,BANICO,Bronwenia,cornifolia,Malpighiaceae,1,Unknown
SRLISIJE5,LISIJE,Lisianthius,jefensis,Gentianaceae,0,Unknown
SRCLYTBI1,CLYTBI,Bignonia,binata,Bignoniaceae,1,Unknown
SRRUELFU4,RUELFU,Ruellia,fulgida,Acanthaceae,0,Unknown
SRTAB2UN3,TAB2UN,Tabernaemontana,undulata,Apocynaceae,0,Unknown
SRMYRCGA2,MYRCGA,Myrcia,splendens,Myrtaceae,0,Unknown
SRLISIJE4,LISIJE,Lisianthius,jefensis,Gentianaceae,0,Unknown
SRCALIPU2,CALYPU,Myrcia,pulchella,Myrtaceae,0,Unknown
SRPIPEA43,PIPEA4,Piper,augustum,Piperaceae,0,Unknown
SRSLOAOB2,SLOAOB,Sloanea,obtusifolia,Elaeocarpaceae,0,Unknown
SRRUELFU3,RUELFU,Ruellia,fulgida,Acanthaceae,0,Unknown
SRMAR2LE1,MARILE,Maripa,lewisii,Convolvulaceae,1,Unknown
SRVIROSE3,VIROSE,Virola,sebifera,Myristicaceae,0,Unknown
SRPIPEA42,PIPEA4,Piper,augustum,Piperaceae,0,Unknown
SRCASSEL1,CASSEL,Cassipourea,elliptica,Rhizophoraceae,0,Unknown
SRDOLIDE2,DOLIDE,Doliocarpus,dentatus,Dilleniaceae,1,Unknown
SRLISIJE2,LISIJE,Lisianthius,jefensis,Gentianaceae,0,Unknown
SRMOURPA3,MOURPA,Mouriri,panamensis,Melastomataceae,0,Unknown
SRPSYCER3,PSYCER,Ronabea,latifolia,Rubiaceae,0,Unknown
SRPSYCER1,PSYCER,Ronabea,latifolia,Rubiaceae,0,Unknown
SRLISIJE3,LISIJE,Lisianthius,jefensis,Gentianaceae,0,Unknown
SRANAXAL3,ANAXAL,Anaxagorea,allenii,Annonaceae,0,Unknown
SRSYMPGL1,SYMPGL,Symphonia,globulifera,Clusiaceae,0,Unknown
SRANAXAL1,ANAXAL,Anaxagorea,allenii,Annonaceae,0,Unknown
SRPSYCPO3,PSYCPO,Palicourea,tomentosa,Rubiaceae,0,Unknown
SRVIROSE1,VIROSE,Virola,sebifera,Myristicaceae,0,Unknown
SRAPHEDE3,APHEDE,Aphelandra,scabra,Acanthaceae,0,Unknown
SRRUELFU2,RUELFU,Ruellia,fulgida,Acanthaceae,0,Unknown
SRPSYCPO1,PSYCPO,Palicourea,tomentosa,Rubiaceae,0,Unknown
SRAPHESC1,APHEDE,Aphelandra,scabra,Acanthaceae,0,Unknown
SRMYRCGA1,MYRCGA,Myrcia,splendens,Myrtaceae,0,Unknown
SRDOLIDE1,DOLIDE,Doliocarpus,dentatus,Dilleniaceae,1,Unknown
SRHEISC11,HEISC1,Heisteria,costaricensis,Olacaceae,0,Unknown
SRMOURPA1,MOURPA,Mouriri,panamensis,Melastomataceae,0,Unknown
SRRUELFU1,RUELFU,Ruellia,fulgida,Acanthaceae,0,Unknown
SRPIPEAU1,PIPEA4,Piper,augustum,Piperaceae,0,Unknown
OLCROTBI6,CROTBI,Croton,billbergianus,Euphorbiaceae,0,Unknown
OLLACIAG7,LACIAG,Lacistema,aggregatum,Lacistemataceae,0,Unknown
OLTET2PA8,TET2PA,Protium,stevensonii,Burseraceae,0,Unknown
OLTET2PA5,TET2PA,Protium,stevensonii,Burseraceae,0,Unknown
OLHIRAFA7,HIRAFA,Hiraea,faginea,Malpighiaceae,1,Unknown
OLHIPPVO7,HIPPVO,Hippocratea,volubilis,Celastraceae,1,Unknown
OLHIRAFA6,HIRAFA,Hiraea,faginea,Malpighiaceae,1,Unknown
OLHIPPVO5,HIPPVO,Hippocratea,volubilis,Celastraceae,1,Unknown
OLCROTBI5,CROTBI,Croton,billbergianus,Euphorbiaceae,0,Unknown
OLHIPPVO6,HIPPVO,Hippocratea,volubilis,Celastraceae,1,Unknown
OLTET2PA4,TET2PA,Protium,stevensonii,Burseraceae,0,Unknown
OLCROTBI2,CROTBI,Croton,billbergianus,Euphorbiaceae,0,Unknown
OLCROTBI1,CROTBI,Croton,billbergianus,Euphorbiaceae,0,Unknown
OLCROTBI3,CROTBI,Croton,billbergianus,Euphorbiaceae,0,Unknown
OLHIRAFA4,HIRAFA,Hiraea,faginea,Malpighiaceae,1,Unknown
OLTET2PA2,TET2PA,Protium,stevensonii,Burseraceae,0,Unknown
OLLACIAG6,LACIAG,Lacistema,aggregatum,Lacistemataceae,0,Unknown
OLVIROSE5,VIROSE,Virola,sebifera,Myristicaceae,0,Unknown
OLLACIAG5,LACIAG,Lacistema,aggregatum,Lacistemataceae,0,Unknown
OLHIRAFA3,HIRAFA,Hiraea,faginea,Malpighiaceae,1,Unknown
OLPIPECO6,PIPECO,Piper,cordulatum,Piperaceae,0,Unknown
OLDICHGE6,DICHGE,Dichapetalum,gentryi,Dichapetalaceae,1,Unknown
OLDOLIDE7,DOLIDE,Doliocarpus,dentatus,Dilleniaceae,1,Unknown
OLHIRAFA2,HIRAFA,Hiraea,faginea,Malpighiaceae,1,Unknown
OLDICHGE7,DICHGE,Dichapetalum,gentryi,Dichapetalaceae,1,Unknown
OLDICHGE4,DICHGE,Dichapetalum,gentryi,Dichapetalaceae,1,Unknown
OLPAULBR7,PAULBR,Paullinia,bracteosa,Sapindaceae,1,Unknown
OLVIROSE3,VIROSE,Virola,sebifera,Myristicaceae,0,Unknown
OLPROTTE8,PROTTE,Protium,tenuifolium,Burseraceae,0,Unknown
OLDICHGE3,DICHGE,Dichapetalum,gentryi,Dichapetalaceae,1,Unknown
OLTROPCA7,TROPRA,Trophis,racemosa,Moraceae,0,Unknown
OLBROSCO7,BROSCO,Brosimum,costaricanum,Moraceae,0,Unknown
OLHIRAFA1,HIRAFA,Hiraea,faginea,Malpighiaceae,1,Unknown
OLDOLIMA6,DOLIMA,Doliocarpus,major,Dilleniaceae,1,Unknown
OLPOURBI6,POURBI,Pourouma,bicolor,Urticaceae,0,Unknown
OLDICHGE1,DICHGE,Dichapetalum,gentryi,Dichapetalaceae,1,Unknown
OLPAR1PY6,PAR1PY,Tanaecium,pyramidatum,Bignoniaceae,1,Unknown
OLVIROSE6,VIROSE,Virola,sebifera,Myristicaceae,0,Unknown
OLBROSCO6,BROSCO,Brosimum,costaricanum,Moraceae,0,Unknown
OLLACIAG3,LACIAG,Lacistema,aggregatum,Lacistemataceae,0,Unknown
OLPOURBI7,POURBI,Pourouma,bicolor,Urticaceae,0,Unknown
OLPAR1PY5,PAR1PY,Tanaecium,pyramidatum,Bignoniaceae,1,Unknown
OLEUGEOE7,EUGEOE,Eugenia,oerstediana,Myrtaceae,0,Unknown
OLPROTTE5,PROTTE,Protium,tenuifolium,Burseraceae,0,Unknown
OLVIROSE2,VIROSE,Virola,sebifera,Myristicaceae,0,Unknown
OLEUGEOE6,EUGEOE,Eugenia,oerstediana,Myrtaceae,0,Unknown
OLEUGEOE5,EUGEOE,Eugenia,oerstediana,Myrtaceae,0,Unknown
OLHYBAPR6,HYBAPR,Pombalia,prunifolia,Violaceae,0,Unknown
OLPROTTE4,PROTTE,Protium,tenuifolium,Burseraceae,0,Unknown
OLPAULBR6,PAULBR,Paullinia,bracteosa,Sapindaceae,1,Unknown
OLPEREXA6,PEREXA,Perebea,xanthochyma,Moraceae,0,Unknown
OLPROTTE3,PROTTE,Protium,tenuifolium,Burseraceae,0,Unknown
OLMAR2PA6,MAR2PA,Maripa,panamensis,Convolvulaceae,1,Unknown
OLDOLIDE5,DOLIDE,Doliocarpus,dentatus,Dilleniaceae,1,Unknown
OLANACEX6,ANACEX,Anacardium,excelsum,Anacardiaceae,0,Unknown
OLMAR2PA5,MAR2PA,Maripa,panamensis,Convolvulaceae,1,Unknown
OLDOLIMA5,DOLIMA,Doliocarpus,major,Dilleniaceae,1,Unknown
OLDICHGE2,DICHGE,Dichapetalum,gentryi,Dichapetalaceae,1,Unknown
OLPIPECO5,PIPECO,Piper,cordulatum,Piperaceae,0,Unknown
OLPEREXA5,PEREXA,Perebea,xanthochyma,Moraceae,0,Unknown
OLPIPECO4,PIPECO,Piper,cordulatum,Piperaceae,0,Unknown
OLTRI2TU6,TRI2TU,Trichilia,tuberculata,Meliaceae,0,Unknown
OLPAR1PY4,PAR1PY,Tanaecium,pyramidatum,Bignoniaceae,1,Unknown
OLHIRTTR5,HIRTTR,Hirtella,triandra,Chrysobalanaceae,0,Unknown
OLVIROSE8,VIROSE,Virola,sebifera,Myristicaceae,0,Unknown
OLSTIZRI6,STIZRI,Stizophyllum,riparium,Bignoniaceae,1,Unknown
OLANACEX5,ANACEX,Anacardium,excelsum,Anacardiaceae,0,Unknown
OLDOLIDE4,DOLIDE,Doliocarpus,dentatus,Dilleniaceae,1,Unknown
OLSTIZRI5,STIZRI,Stizophyllum,riparium,Bignoniaceae,1,Unknown
OLHIRTTR6,HIRTTR,Hirtella,triandra,Chrysobalanaceae,0,Unknown
OLHEISCO7,HEISCO,Heisteria,concinna,Olacaceae,0,Unknown
OLPETRVO6,PETRAS,Petrea,volubilis,Verbenaceae,1,Unknown
OLVIROSE1,VIROSE,Virola,sebifera,Myristicaceae,0,Unknown
OLMAR2PA4,MAR2PA,Maripa,panamensis,Convolvulaceae,1,Unknown
OLOXANLO6,OXANLO,Oxandra,longipetala,Annonaceae,0,Unknown
OLALSEBL6,ALSEBL,Alseis,blackiana,Rubiaceae,0,Unknown
OLSTIZRI3,STIZRI,Stizophyllum,riparium,Bignoniaceae,1,Unknown
OLVIROSE7,VIROSE,Virola,sebifera,Myristicaceae,0,Unknown
OLBROSCO4,BROSCO,Brosimum,costaricanum,Moraceae,0,Unknown
OLMAR2PA3,MAR2PA,Maripa,panamensis,Convolvulaceae,1,Unknown
OLPAR1PY3,PAR1PY,Tanaecium,pyramidatum,Bignoniaceae,1,Unknown
OLSTIZRI4,STIZRI,Stizophyllum,riparium,Bignoniaceae,1,Unknown
OLANACEX4,ANACEX,Anacardium,excelsum,Anacardiaceae,0,Unknown
OLLACIAG2,LACIAG,Lacistema,aggregatum,Lacistemataceae,0,Unknown
OLPOURBI4,POURBI,Pourouma,bicolor,Urticaceae,0,Unknown
OLPRI1AS6,PRI1AS,Prionostemma,aspera,Celastraceae,1,Unknown
OLPOURBI3,POURBI,Pourouma,bicolor,Urticaceae,0,Unknown
OLALSEBL5,ALSEBL,Alseis,blackiana,Rubiaceae,0,Unknown
OLPRI1AS5,PRI1AS,Prionostemma,aspera,Celastraceae,1,Unknown
OLPIPECO3,PIPECO,Piper,cordulatum,Piperaceae,0,Unknown
OLANACEX3,ANACEX,Anacardium,excelsum,Anacardiaceae,0,Unknown
OLPAULBR4,PAULBR,Paullinia,bracteosa,Sapindaceae,1,Unknown
OLTROPCA5,TROPRA,Trophis,racemosa,Moraceae,0,Unknown
OLTET1HY6,TET1HY,Tetracera,hydrophila,Dilleniaceae,1,Unknown
OLSTIZRI2,STIZRI,Stizophyllum,riparium,Bignoniaceae,1,Unknown
OLBROSCO3,BROSCO,Brosimum,costaricanum,Moraceae,0,Unknown
OLPETRVO5,PETRAS,Petrea,volubilis,Verbenaceae,1,Unknown
OLRINOSY6,RINOSY,Rinorea,silvatica,Violaceae,0,Unknown
OLRINOSY2,RINOSY,Rinorea,silvatica,Violaceae,0,Unknown
OLRINOSY9,RINOSY,Rinorea,silvatica,Violaceae,0,Unknown
OLOXANLO5,OXANLO,Oxandra,longipetala,Annonaceae,0,Unknown
OLPIPECO2,PIPECO,Piper,cordulatum,Piperaceae,0,Unknown
OLDES2PA6,DES2PA,Desmopsis,panamensis,Annonaceae,0,Unknown
OLALSEBL4,ALSEBL,Alseis,blackiana,Rubiaceae,0,Unknown
OLRONOSY1,RINOSY,Rinorea,silvatica,Violaceae,0,Unknown
OLEUGEOE2,EUGEOE,Eugenia,oerstediana,Myrtaceae,0,Unknown
OLSOROAF3,SOROAF,Sorocea,affinis,Moraceae,0,Unknown
OLBROSCO1,BROSCO,Brosimum,costaricanum,Moraceae,0,Unknown
OLRINOSQ1,RINOSQ,Rinorea,squamata,Violaceae,0,Unknown
OLTET1HY2,TET1HY,Tetracera,hydrophila,Dilleniaceae,1,Unknown
OLPAR1PY1,PAR1PY,Tanaecium,pyramidatum,Bignoniaceae,1,Unknown
OLTRI2TU2,TRI2TU,Trichilia,tuberculata,Meliaceae,0,Unknown
OLALSEBL1,ALSEBL,Alseis,blackiana,Rubiaceae,0,Unknown
OLHIRTTR2,HIRTTR,Hirtella,triandra,Chrysobalanaceae,0,Unknown
OLTRI2TU1,TRI2TU,Trichilia,tuberculata,Meliaceae,0,Unknown
OLHYBAPR4,HYBAPR,Pombalia,prunifolia,Violaceae,0,Unknown
OLMAR2PA2,MAR2PA,Maripa,panamensis,Convolvulaceae,1,Unknown
OLDES2PA4,DES2PA,Desmopsis,panamensis,Annonaceae,0,Unknown
OLBROSCO2,BROSCO,Brosimum,costaricanum,Moraceae,0,Unknown
OLTRI2TU5,TRI2TU,Trichilia,tuberculata,Meliaceae,0,Unknown
OLPROTTE1,PROTTE,Protium,tenuifolium,Burseraceae,0,Unknown
OLPOURBI2,POURBI,Pourouma,bicolor,Urticaceae,0,Unknown
OLDOLIDE2,DOLIDE,Doliocarpus,dentatus,Dilleniaceae,1,Unknown
OLTRI2TU4,TRI2TU,Trichilia,tuberculata,Meliaceae,0,Unknown
OLRINOSQ4,RINOSQ,Rinorea,squamata,Violaceae,0,Unknown
OLPOULAR3,POULAR,Poulsenia,armata,Moraceae,0,Unknown
OLSTIZRI1,STIZRI,Stizophyllum,riparium,Bignoniaceae,1,Unknown
OLEUGEOE3,EUGEOE,Eugenia,oerstediana,Myrtaceae,0,Unknown
OLPRI1AS3,PRI1AS,Prionostemma,aspera,Celastraceae,1,Unknown
OLPAULBR3,PAULBR,Paullinia,bracteosa,Sapindaceae,1,Unknown
OLPOURBI1,POURBI,Pourouma,bicolor,Urticaceae,0,Unknown
OLPEREXA3,PEREXA,Perebea,xanthochyma,Moraceae,0,Unknown
OLTET1HY4,TET1HY,Tetracera,hydrophila,Dilleniaceae,1,Unknown
OLPETRVO2,PETRAS,Petrea,volubilis,Verbenaceae,1,Unknown
OLPIPECO1,PIPECO,Piper,cordulatum,Piperaceae,0,Unknown
OLPOULAR4,POULAR,Poulsenia,armata,Moraceae,0,Unknown
OLDOLIDE1,DOLIDE,Doliocarpus,dentatus,Dilleniaceae,1,Unknown
OLSOROAF5,SOROAF,Sorocea,affinis,Moraceae,0,Unknown
OLDES2PA3,DES2PA,Desmopsis,panamensis,Annonaceae,0,Unknown
OLPEREXA2,PEREXA,Perebea,xanthochyma,Moraceae,0,Unknown
OLPOULAR2,POULAR,Poulsenia,armata,Moraceae,0,Unknown
OLTET2PA1,TET2PA,Protium,stevensonii,Burseraceae,0,Unknown
OLSOROAF4,SOROAF,Sorocea,affinis,Moraceae,0,Unknown
OLHIPPVO3,HIPPVO,Hippocratea,volubilis,Celastraceae,1,Unknown
OLALSEBL3,ALSEBL,Alseis,blackiana,Rubiaceae,0,Unknown
OLHYBAPR3,HYBAPR,Pombalia,prunifolia,Violaceae,0,Unknown
OLHEISCO4,HEISCO,Heisteria,concinna,Olacaceae,0,Unknown
OLTROPCA3,TROPRA,Trophis,racemosa,Moraceae,0,Unknown
OLTRI2TU3,TRI2TU,Trichilia,tuberculata,Meliaceae,0,Unknown
OLPOULAR1,POULAR,Poulsenia,armata,Moraceae,0,Unknown
OLRINOSQ3,RINOSQ,Rinorea,squamata,Violaceae,0,Unknown
OLLACIAG1,LACIAG,Lacistema,aggregatum,Lacistemataceae,0,Unknown
OLANACEX2,ANACEX,Anacardium,excelsum,Anacardiaceae,0,Unknown
OLDES2PA2,DES2PA,Desmopsis,panamensis,Annonaceae,0,Unknown
OLHIPPVO1,HIPPVO,Hippocratea,volubilis,Celastraceae,1,Unknown
OLDOLIMA2,DOLIMA,Doliocarpus,major,Dilleniaceae,1,Unknown
OLPRI1AS2,PRI1AS,Prionostemma,aspera,Celastraceae,1,Unknown
OLRINOSQ2,RINOSQ,Rinorea,squamata,Violaceae,0,Unknown
OLHIPPVO2,HIPPVO,Hippocratea,volubilis,Celastraceae,1,Unknown
OLHIRTTR1,HIRTTR,Hirtella,triandra,Chrysobalanaceae,0,Unknown
OLOXANLO3,OXANLO,Oxandra,longipetala,Annonaceae,0,Unknown
OLTROPCA2,TROPRA,Trophis,racemosa,Moraceae,0,Unknown
OLPRI1AS1,PRI1AS,Prionostemma,aspera,Celastraceae,1,Unknown
OLPAULBR2,PAULBR,Paullinia,bracteosa,Sapindaceae,1,Unknown
OLTET1HY3,TET1HY,Tetracera,hydrophila,Dilleniaceae,1,Unknown
OLHEISCO3,HEISCO,Heisteria,concinna,Olacaceae,0,Unknown
OLDOLIMA1,DOLIMA,Doliocarpus,major,Dilleniaceae,1,Unknown
OLOXANLO2,OXANLO,Oxandra,longipetala,Annonaceae,0,Unknown
OLTROPCA1,TROPRA,Trophis,racemosa,Moraceae,0,Unknown
OLPAULBR1,PAULBR,Paullinia,bracteosa,Sapindaceae,1,Unknown
OLHEISCO2,HEISCO,Heisteria,concinna,Olacaceae,0,Unknown
OLMAR2PA1,MAR2PA,Maripa,panamensis,Convolvulaceae,1,Unknown
OLOXANLO1,OXANLO,Oxandra,longipetala,Annonaceae,0,Unknown
OLANACEX1,ANACEX,Anacardium,excelsum,Anacardiaceae,0,Unknown
OLDES2PA1,DES2PA,Desmopsis,panamensis,Annonaceae,0,Unknown
OLHYBAPR1,HYBAPR,Pombalia,prunifolia,Violaceae,0,Unknown
OLSOROAF2,SOROAF,Sorocea,affinis,Moraceae,0,Unknown
OLTET1HY1,TET1HY,Tetracera,hydrophila,Dilleniaceae,1,Unknown
OLALSEBL2,ALSEBL,Alseis,blackiana,Rubiaceae,0,Unknown
OLEUGEOE1,EUGEOE,Eugenia,oerstediana,Myrtaceae,0,Unknown
OLSOROAF1,SOROAF,Sorocea,affinis,Moraceae,0,Unknown
OLPETRAS1,PETRAS,Petrea,volubilis,Verbenaceae,1,Unknown
OLPEREXA1,PEREXA,Perebea,xanthochyma,Moraceae,0,Unknown
OLHYBAPR2,HYBAPR,Pombalia,prunifolia,Violaceae,0,Unknown
OLHEISCO1,HEISCO,Heisteria,concinna,Olacaceae,0,Unknown
CHCALLLA1,CALLLA,Callichlamys,latifolia,Bignoniaceae,1,Unknown
CHCOCCP11,COCCP1,Coccoloba,excelsa,Polygonaceae,1,Unknown
CHINGAFA2,INGAFA,Inga,laurina,Fabaceae,0,Unknown
CHCNESRU1,CNESRU,Cnestidium,rufescens,Connaraceae,1,Unknown
CHPHRYCO2,PHRYCO,Bignonia,corymbosa,Bignoniaceae,1,Unknown
CHGUSTSU2,GUSTSU,Gustavia,superba,Lecythidaceae,0,Unknown
CHSOROAF3,SOROAF,Sorocea,affinis,Moraceae,0,Unknown
CHCNESRU4,CNESRU,Cnestidium,rufescens,Connaraceae,1,Unknown
CHPAR1PY9,PAR1PY,Tanaecium,pyramidatum,Bignoniaceae,1,Unknown
CHLACIAG2,LACIAG,Lacistema,aggregatum,Lacistemataceae,0,Unknown
CHPAR1PY10,PAR1PY,Tanaecium,pyramidatum,Bignoniaceae,1,Unknown
CHRINOSY1,RINOSY,Rinorea,silvatica,Violaceae,0,Unknown
CHRINOSY10,RINOSY,Rinorea,silvatica,Violaceae,0,Unknown
CHPIPECU1,PIPECU,Piper,colonense,Piperaceae,0,Unknown
CHPROTTE2,PROTTE,Protium,tenuifolium,Burseraceae,0,Unknown
CHCNESRU3,CNESRU,Cnestidium,rufescens,Connaraceae,1,Unknown
CHCNESRU2,CNESRU,Cnestidium,rufescens,Connaraceae,1,Unknown
CHDOLIOL2,DOLIOL,Doliocarpus,olivaceus,Dilleniaceae,1,Unknown
CHPIPECO2,PIPECO,Piper,cordulatum,Piperaceae,0,Unknown
CHSWARS11,SWARS1,Swartzia,simplex,Fabaceae,0,Unknown
CHMAR2PA1,MAR2PA,Maripa,panamensis,Convolvulaceae,1,Unknown
CHDOLIMA1,DOLIMA,Doliocarpus,major,Dilleniaceae,1,Unknown
CHPLEOVA2,PLEOVA,Pleonotoma,variabilis,Bignoniaceae,1,Unknown
CHDOLIDE1,DOLIDE,Doliocarpus,dentatus,Dilleniaceae,1,Unknown
CHSOROAF2,SOROAF,Sorocea,affinis,Moraceae,0,Unknown
CHLACIAG1,LACIAG,Lacistema,aggregatum,Lacistemataceae,0,Unknown
CHARDIPE2,ARDIPE,Ardisia,pellucida,Primulaceae,0,Unknown
CHDOLIOL1,DOLIOL,Doliocarpus,olivaceus,Dilleniaceae,1,Unknown
CHPIPECO1,PIPECO,Piper,cordulatum,Piperaceae,0,Unknown
CHPLEOVA1,PLEOVA,Pleonotoma,variabilis,Bignoniaceae,1,Unknown
CHINGASA2,INGASA,Inga,sapindoides,Fabaceae,0,Unknown
CHVIROSE1,VIROSE,Virola,sebifera,Myristicaceae,0,Unknown
CHCUPASY1,CUPASY,Cupania,seemannii,Sapindaceae,0,Unknown
CHARDIPE1,ARDIPE,Ardisia,pellucida,Primulaceae,0,Unknown
CHINGASA1,INGASA,Inga,sapindoides,Fabaceae,0,Unknown
CHPHRYCO1,PHRYCO,Bignonia,corymbosa,Bignoniaceae,1,Unknown
CHTROPRA1,TROPRA,Trophis,racemosa,Moraceae,0,Unknown
CHGUARGU1,GUARGU,Guarea,guidonia,Meliaceae,0,Unknown
CHRINOSY9,RINOSY,Rinorea,silvatica,Violaceae,0,Unknown
CHINGAFA1,INGAFA,Inga,laurina,Fabaceae,0,Unknown
CHSOROAF1,SOROAF,Sorocea,affinis,Moraceae,0,Unknown
GATRI2TU1,TRI2TU,Trichilia,tuberculata,Meliaceae,0,Unknown
GAGUARGU1,GUARGU,Guarea,guidonia,Meliaceae,0,Unknown
GASOROAF1,SOROAF,Sorocea,affinis,Moraceae,0,Unknown
GACASTEL1,CASTEL,Castilla,elastica,Moraceae,0,Unknown
BAR0594,RINOSY,Rinorea,silvatica,Violaceae,0,Unknown
BAR0593,RINOSY,Rinorea,silvatica,Violaceae,0,Unknown
BAR0596,COCCP1,Coccoloba,excelsa,Polygonaceae,1,Unknown
BAR0597,SWARS2,Swartzia,simplex,Fabaceae,0,Unknown
BAR0599,COCCP1,Coccoloba,excelsa,Polygonaceae,1,Unknown
BAR0598,RINOSY,Rinorea,silvatica,Violaceae,0,Unknown
BAR0588,SWARS2,Swartzia,simplex,Fabaceae,0,Unknown
BAR0585,PROTPA,Protium,panamense,Burseraceae,0,Unknown
BAR0591,MOURMY,Mouriri,myrtilloides,Melastomataceae,0,Unknown
BAR0590,PROTTE,Protium,tenuifolium,Burseraceae,0,Unknown
BAR0587,MOURMY,Mouriri,myrtilloides,Melastomataceae,0,Unknown
BAR0586,MOURMY,Mouriri,myrtilloides,Melastomataceae,0,Unknown
BAR0582,EUGENE,Eugenia,nesiotica,Myrtaceae,0,Unknown
BAR0583,EUGENE,Eugenia,nesiotica,Myrtaceae,0,Unknown
BAR0571,SWARS2,Swartzia,simplex,Fabaceae,0,Unknown
BAR0570,PROTPA,Protium,panamense,Burseraceae,0,Unknown
BAR0569,PROTTE,Protium,tenuifolium,Burseraceae,0,Unknown
BAR0579,PHRYCO,Bignonia,corymbosa,Bignoniaceae,1,Unknown
BAR0581,CAPPFR,Morisonia,frondosa,Capparaceae,0,Unknown
BAR0574,MOURMY,Mouriri,myrtilloides,Melastomataceae,0,Unknown
BAR0568,HIRARE,Hiraea,reclinata,Malpighiaceae,1,Unknown
BAR0551,EUGENE,Eugenia,nesiotica,Myrtaceae,0,Unknown
BAR0550,EUGENE,Eugenia,nesiotica,Myrtaceae,0,Unknown
BAR0552,PRI1AS,Prionostemma,aspera,Celastraceae,1,Unknown
BAR0554,TET2PA,Protium,stevensonii,Burseraceae,0,Unknown
BAR0557,TET2PA,Protium,stevensonii,Burseraceae,0,Unknown
BAR0558,MAR2PA,Maripa,panamensis,Convolvulaceae,1,Unknown
BAR0560,COCCP1,Coccoloba,excelsa,Polygonaceae,1,Unknown
BAR0559,PAULFI,Paullinia,clavigera,Sapindaceae,1,Unknown
BAR0564,CNESRU,Cnestidium,rufescens,Connaraceae,1,Unknown
BAR0563,PROTPA,Protium,panamense,Burseraceae,0,Unknown
BAR0567,PROTPA,Protium,panamense,Burseraceae,0,Unknown
BAR0566,SWARS1,Swartzia,simplex,Fabaceae,0,Unknown
BAR0565,PSYCIP,Psychotria,ciprianiana,Rubiaceae,0,Unknown
BAR0562,PRI1AS,Prionostemma,aspera,Celastraceae,1,Unknown
BAR0561,PRI1AS,Prionostemma,aspera,Celastraceae,1,Unknown
BAR0546,GUSTSU,Gustavia,superba,Lecythidaceae,0,Unknown
BAR0544,HIRARE,Hiraea,reclinata,Malpighiaceae,1,Unknown
BAR0545,PROTPA,Protium,panamense,Burseraceae,0,Unknown
BAR0549,PROTPA,Protium,panamense,Burseraceae,0,Unknown
BAR0539,CONNTU,Connarus,turczaninowii,Connaraceae,1,Unknown
BAR0543,SWARS1,Swartzia,simplex,Fabaceae,0,Unknown
BAR0542,DOLIOL,Doliocarpus,olivaceus,Dilleniaceae,1,Unknown
BAR0541,PROTPA,Protium,panamense,Burseraceae,0,Unknown
BAR0540,RINOSY,Rinorea,silvatica,Violaceae,0,Unknown
BAR0534,PROTTE,Protium,tenuifolium,Burseraceae,0,Unknown
BAR0538,HIRARE,Hiraea,reclinata,Malpighiaceae,1,Unknown
BAR0530,PRI1AS,Prionostemma,aspera,Celastraceae,1,Unknown
BAR0524,PRI1AS,Prionostemma,aspera,Celastraceae,1,Unknown
BAR0531,MOURMY,Mouriri,myrtilloides,Melastomataceae,0,Unknown
BAR0525,PAULFI,Paullinia,clavigera,Sapindaceae,1,Unknown
BAR0520,ACACHA,Senegalia,hayesii,Fabaceae,1,Unknown
BAR0501,CONNTU,Connarus,turczaninowii,Connaraceae,1,Unknown
BAR0503,PSYCIP,Psychotria,ciprianiana,Rubiaceae,0,Unknown
BAR0500,CONNTU,Connarus,turczaninowii,Connaraceae,1,Unknown
BAR0498,SWARS1,Swartzia,simplex,Fabaceae,0,Unknown
BAR0499,SWARS2,Swartzia,simplex,Fabaceae,0,Unknown
BAR0491,HYLEPR,Hylenaea,praecelsa,Celastraceae,1,Unknown
BAR0492,HYLEPR,Hylenaea,praecelsa,Celastraceae,1,Unknown
BAR0488,MAR2PA,Maripa,panamensis,Convolvulaceae,1,Unknown
BAR0477,HYLEPR,Hylenaea,praecelsa,Celastraceae,1,Unknown
BAR0482,HYLEPR,Hylenaea,praecelsa,Celastraceae,1,Unknown
BAR0475,HYLEPR,Hylenaea,praecelsa,Celastraceae,1,Unknown
BAR0472,RINOSY,Rinorea,silvatica,Violaceae,0,Unknown
BAR0473,RINOSY,Rinorea,silvatica,Violaceae,0,Unknown
BAR0471,POUTRE,Pouteria,reticulata,Sapotaceae,0,Unknown
BAR0470,CNESRU,Cnestidium,rufescens,Connaraceae,1,Unknown
BAR0513,GUSTSU,Gustavia,superba,Lecythidaceae,0,Unknown
BAR0517,GUSTSU,Gustavia,superba,Lecythidaceae,0,Unknown
BAR0516,GUSTSU,Gustavia,superba,Lecythidaceae,0,Unknown
BAR0515,GUSTSU,Gustavia,superba,Lecythidaceae,0,Unknown
BAR0512,PHRYCO,Bignonia,corymbosa,Bignoniaceae,1,Unknown
BAR0514,PHRYCO,Bignonia,corymbosa,Bignoniaceae,1,Unknown
BAR0519,PHRYCO,Bignonia,corymbosa,Bignoniaceae,1,Unknown
BAR0510,DOLIOL,Doliocarpus,olivaceus,Dilleniaceae,1,Unknown
BAR0508,DOLIOL,Doliocarpus,olivaceus,Dilleniaceae,1,Unknown
BAR0505,SWARS1,Swartzia,simplex,Fabaceae,0,Unknown
BAR0507,SWARS1,Swartzia,simplex,Fabaceae,0,Unknown
BAR0504,SWARS1,Swartzia,simplex,Fabaceae,0,Unknown
BAR0506,SWARS1,Swartzia,simplex,Fabaceae,0,Unknown
BAR0468,CNESRU,Cnestidium,rufescens,Connaraceae,1,Unknown
BAR0469,PHRYCO,Bignonia,corymbosa,Bignoniaceae,1,Unknown
BAR0467,PROTTE,Protium,tenuifolium,Burseraceae,0,Unknown
BAR0466,PRI1AS,Prionostemma,aspera,Celastraceae,1,Unknown
BAR0464,PRI1AS,Prionostemma,aspera,Celastraceae,1,Unknown
BAR0440,DOLIOL,Doliocarpus,olivaceus,Dilleniaceae,1,Unknown
BAR0439,PHRYCO,Bignonia,corymbosa,Bignoniaceae,1,Unknown
BAR0454,PHRYCO,Bignonia,corymbosa,Bignoniaceae,1,Unknown
BAR0456,EUGEOE,Eugenia,oerstediana,Myrtaceae,0,Unknown
BAR0459,EUGEOE,Eugenia,oerstediana,Myrtaceae,0,Unknown
BAR0458,EUGEOE,Eugenia,oerstediana,Myrtaceae,0,Unknown
BAR0457,RINOSY,Rinorea,silvatica,Violaceae,0,Unknown
BAR0460,ACACHA,Senegalia,hayesii,Fabaceae,1,Unknown
BAR0463,CONNTU,Connarus,turczaninowii,Connaraceae,1,Unknown
BAR0445,TET2PA,Protium,stevensonii,Burseraceae,0,Unknown
BAR0442,TET2PA,Protium,stevensonii,Burseraceae,0,Unknown
BAR0451,TET2PA,Protium,stevensonii,Burseraceae,0,Unknown
BAR0453,EUGENE,Eugenia,nesiotica,Myrtaceae,0,Unknown
BAR0444,EUGEOE,Eugenia,oerstediana,Myrtaceae,0,Unknown
BAR0443,EUGEOE,Eugenia,oerstediana,Myrtaceae,0,Unknown
BAR0449,EUGEOE,Eugenia,oerstediana,Myrtaceae,0,Unknown
BAR0448,EUGEOE,Eugenia,oerstediana,Myrtaceae,0,Unknown
BAR0450,RINOSY,Rinorea,silvatica,Violaceae,0,Unknown
BAR0447,EUGENE,Eugenia,nesiotica,Myrtaceae,0,Unknown
BAR0452,PROTPA,Protium,panamense,Burseraceae,0,Unknown
BAR0446,EUGEOE,Eugenia,oerstediana,Myrtaceae,0,Unknown
BAR0435,EUGEOE,Eugenia,oerstediana,Myrtaceae,0,Unknown
BAR0436,EUGEOE,Eugenia,oerstediana,Myrtaceae,0,Unknown
BAR0438,EUGEOE,Eugenia,oerstediana,Myrtaceae,0,Unknown
BAR0434,PAULFI,Paullinia,clavigera,Sapindaceae,1,Unknown
BAR0431,DOLIOL,Doliocarpus,olivaceus,Dilleniaceae,1,Unknown
BAR0433,CNESRU,Cnestidium,rufescens,Connaraceae,1,Unknown
BAR0432,PAULFI,Paullinia,clavigera,Sapindaceae,1,Unknown
BAR0430,SWARS1,Swartzia,simplex,Fabaceae,0,Unknown
BAR0428,RINOSY,Rinorea,silvatica,Violaceae,0,Unknown
BAR0429,PAULFI,Paullinia,clavigera,Sapindaceae,1,Unknown
BAR0423,SWARS2,Swartzia,simplex,Fabaceae,0,Unknown
BAR0426,DOLIOL,Doliocarpus,olivaceus,Dilleniaceae,1,Unknown
BAR0427,COCCP1,Coccoloba,excelsa,Polygonaceae,1,Unknown
BAR0425,PAULTU,Paullinia,turbacensis,Sapindaceae,1,Unknown
BAR0419,PSYCFU,Palicourea,hoffmannseggiana,Rubiaceae,0,Unknown
BAR0421,PSYCFU,Palicourea,hoffmannseggiana,Rubiaceae,0,Unknown
BAR0422,HIRARE,Hiraea,reclinata,Malpighiaceae,1,Unknown
BAR0420,HIRARE,Hiraea,reclinata,Malpighiaceae,1,Unknown
BAR0418,CNESRU,Cnestidium,rufescens,Connaraceae,1,Unknown
BAR0414,EUGEOE,Eugenia,oerstediana,Myrtaceae,0,Unknown
BAR0415,EUGEOE,Eugenia,oerstediana,Myrtaceae,0,Unknown
BAR0417,HIRARE,Hiraea,reclinata,Malpighiaceae,1,Unknown
BAR0410,MOURMY,Mouriri,myrtilloides,Melastomataceae,0,Unknown
BAR0412,POUTRE,Pouteria,reticulata,Sapotaceae,0,Unknown
BAR0411,HIRARE,Hiraea,reclinata,Malpighiaceae,1,Unknown
BAR0398,DOLIMA,Doliocarpus,major,Dilleniaceae,1,Unknown
BAR0408,DOLIMA,Doliocarpus,major,Dilleniaceae,1,Unknown
BAR0407,EUGEOE,Eugenia,oerstediana,Myrtaceae,0,Unknown
BAR0404,EUGEOE,Eugenia,oerstediana,Myrtaceae,0,Unknown
BAR0399,EUGEOE,Eugenia,oerstediana,Myrtaceae,0,Unknown
BAR0395,DOLIMA,Doliocarpus,major,Dilleniaceae,1,Unknown
BAR0401,POUTRE,Pouteria,reticulata,Sapotaceae,0,Unknown
BAR0403,MOURMY,Mouriri,myrtilloides,Melastomataceae,0,Unknown
BAR0396,DOLIMA,Doliocarpus,major,Dilleniaceae,1,Unknown
BAR0397,DOLIMA,Doliocarpus,major,Dilleniaceae,1,Unknown
BAR0405,DOLIMA,Doliocarpus,major,Dilleniaceae,1,Unknown
BAR0402,EUGEOE,Eugenia,oerstediana,Myrtaceae,0,Unknown
BAR0406,DOLIMA,Doliocarpus,major,Dilleniaceae,1,Unknown
BAR0392,COCCP1,Coccoloba,excelsa,Polygonaceae,1,Unknown
BAR0393,PHRYCO,Bignonia,corymbosa,Bignoniaceae,1,Unknown
BAR0391,CONNTU,Connarus,turczaninowii,Connaraceae,1,Unknown
BAR0390,SWARS2,Swartzia,simplex,Fabaceae,0,Unknown
BAR0389,PHRYCO,Bignonia,corymbosa,Bignoniaceae,1,Unknown
BAR0388,PHRYCO,Bignonia,corymbosa,Bignoniaceae,1,Unknown
BAR0386,FARAOC,Faramea,occidentalis,Rubiaceae,0,Unknown
BAR0382,CAPPFR,Morisonia,frondosa,Capparaceae,0,Unknown
BAR0387,CAPPFR,Morisonia,frondosa,Capparaceae,0,Unknown
BAR0381,CAPPFR,Morisonia,frondosa,Capparaceae,0,Unknown
BAR0385,MAR2PA,Maripa,panamensis,Convolvulaceae,1,Unknown
BAR0375,CONNTU,Connarus,turczaninowii,Connaraceae,1,Unknown
BAR0377,EUGENE,Eugenia,nesiotica,Myrtaceae,0,Unknown
BAR0378,PHRYCO,Bignonia,corymbosa,Bignoniaceae,1,Unknown
BAR0374,CONNTU,Connarus,turczaninowii,Connaraceae,1,Unknown
BAR0376,PHRYCO,Bignonia,corymbosa,Bignoniaceae,1,Unknown
BAR0380,MAR2PA,Maripa,panamensis,Convolvulaceae,1,Unknown
BAR0379,EUGENE,Eugenia,nesiotica,Myrtaceae,0,Unknown
BAR0366,CONNTU,Connarus,turczaninowii,Connaraceae,1,Unknown
BAR0368,PAULFI,Paullinia,clavigera,Sapindaceae,1,Unknown
BAR0369,EUGEOE,Eugenia,oerstediana,Myrtaceae,0,Unknown
BAR0367,EUGEOE,Eugenia,oerstediana,Myrtaceae,0,Unknown
BAR0370,HIRARE,Hiraea,reclinata,Malpighiaceae,1,Unknown
BAR0364,EUGEOE,Eugenia,oerstediana,Myrtaceae,0,Unknown
BAR0363,DOLIOL,Doliocarpus,olivaceus,Dilleniaceae,1,Unknown
BAR0365,PROTPA,Protium,panamense,Burseraceae,0,Unknown
BAR0372,ACACHA,Senegalia,hayesii,Fabaceae,1,Unknown
BAR0371,ACACHA,Senegalia,hayesii,Fabaceae,1,Unknown
BAR0373,ACACHA,Senegalia,hayesii,Fabaceae,1,Unknown
BAR0357,DOLIMA,Doliocarpus,major,Dilleniaceae,1,Unknown
BAR0356,DOLIMA,Doliocarpus,major,Dilleniaceae,1,Unknown
BAR0360,DOLIMA,Doliocarpus,major,Dilleniaceae,1,Unknown
BAR0361,DOLIMA,Doliocarpus,major,Dilleniaceae,1,Unknown
BAR0358,DOLIMA,Doliocarpus,major,Dilleniaceae,1,Unknown
BAR0362,PSYCFU,Palicourea,hoffmannseggiana,Rubiaceae,0,Unknown
BAR0359,DOLIMA,Doliocarpus,major,Dilleniaceae,1,Unknown
BAR0353,DOLIMA,Doliocarpus,major,Dilleniaceae,1,Unknown
BAR0354,DOLIMA,Doliocarpus,major,Dilleniaceae,1,Unknown
BAR0352,SWARS1,Swartzia,simplex,Fabaceae,0,Unknown
BAR0351,DOLIMA,Doliocarpus,major,Dilleniaceae,1,Unknown
BAR0350,ACACHA,Senegalia,hayesii,Fabaceae,1,Unknown
BAR0349,ACACHA,Senegalia,hayesii,Fabaceae,1,Unknown
BAR0348,DOLIMA,Doliocarpus,major,Dilleniaceae,1,Unknown
BAR0347,COCCP1,Coccoloba,excelsa,Polygonaceae,1,Unknown
BAR0345,EUGEOE,Eugenia,oerstediana,Myrtaceae,0,Unknown
BAR0343,CONNTU,Connarus,turczaninowii,Connaraceae,1,Unknown
BAR0344,DOLIOL,Doliocarpus,olivaceus,Dilleniaceae,1,Unknown
BAR0341,EUGEOE,Eugenia,oerstediana,Myrtaceae,0,Unknown
BAR0340,FARAOC,Faramea,occidentalis,Rubiaceae,0,Unknown
BAR0328,CONNTU,Connarus,turczaninowii,Connaraceae,1,Unknown
BAR0327,CONNTU,Connarus,turczaninowii,Connaraceae,1,Unknown
BAR0326,PROTTE,Protium,tenuifolium,Burseraceae,0,Unknown
BAR0331,FARAOC,Faramea,occidentalis,Rubiaceae,0,Unknown
BAR0330,PAULFI,Paullinia,clavigera,Sapindaceae,1,Unknown
BAR0332,DOLIOL,Doliocarpus,olivaceus,Dilleniaceae,1,Unknown
BAR0333,FARAOC,Faramea,occidentalis,Rubiaceae,0,Unknown
BAR0329,CNESRU,Cnestidium,rufescens,Connaraceae,1,Unknown
BAR0337,EUGENE,Eugenia,nesiotica,Myrtaceae,0,Unknown
BAR0335,EUGENE,Eugenia,nesiotica,Myrtaceae,0,Unknown
BAR0334,MAR2PA,Maripa,panamensis,Convolvulaceae,1,Unknown
BAR0324,FARAOC,Faramea,occidentalis,Rubiaceae,0,Unknown
BAR0323,DOLIOL,Doliocarpus,olivaceus,Dilleniaceae,1,Unknown
BAR0325,PRI1AS,Prionostemma,aspera,Celastraceae,1,Unknown
BAR0322,CONNTU,Connarus,turczaninowii,Connaraceae,1,Unknown
BAR0321,PROTTE,Protium,tenuifolium,Burseraceae,0,Unknown
BAR0315,CONNTU,Connarus,turczaninowii,Connaraceae,1,Unknown
BAR0320,HIRARE,Hiraea,reclinata,Malpighiaceae,1,Unknown
BAR0318,ACACHA,Senegalia,hayesii,Fabaceae,1,Unknown
BAR0319,FARAOC,Faramea,occidentalis,Rubiaceae,0,Unknown
BAR0314,PROTPA,Protium,panamense,Burseraceae,0,Unknown
BAR0310,PSYCFU,Palicourea,hoffmannseggiana,Rubiaceae,0,Unknown
BAR0308,PSYCFU,Palicourea,hoffmannseggiana,Rubiaceae,0,Unknown
BAR0311,HIRARE,Hiraea,reclinata,Malpighiaceae,1,Unknown
BAR0306,FARAOC,Faramea,occidentalis,Rubiaceae,0,Unknown
BAR0305,PRI1AS,Prionostemma,aspera,Celastraceae,1,Unknown
BAR0304,PSYCFU,Palicourea,hoffmannseggiana,Rubiaceae,0,Unknown
BAR0303,RINOSY,Rinorea,silvatica,Violaceae,0,Unknown
BAR0297,COCCP1,Coccoloba,excelsa,Polygonaceae,1,Unknown
BAR0302,FARAOC,Faramea,occidentalis,Rubiaceae,0,Unknown
BAR0301,FARAOC,Faramea,occidentalis,Rubiaceae,0,Unknown
BAR0299,EUGENE,Eugenia,nesiotica,Myrtaceae,0,Unknown
BAR0300,EUGENE,Eugenia,nesiotica,Myrtaceae,0,Unknown
BAR0298,RINOSY,Rinorea,silvatica,Violaceae,0,Unknown
BAR0232,GUSTSU,Gustavia,superba,Lecythidaceae,0,Unknown
BAR0270,RINOSY,Rinorea,silvatica,Violaceae,0,Unknown
BAR0271,RINOSY,Rinorea,silvatica,Violaceae,0,Unknown
BAR0268,MAR2PA,Maripa,panamensis,Convolvulaceae,1,Unknown
BAR0272,PRI1AS,Prionostemma,aspera,Celastraceae,1,Unknown
BAR0269,MOURMY,Mouriri,myrtilloides,Melastomataceae,0,Unknown
BAR0266,MOURMY,Mouriri,myrtilloides,Melastomataceae,0,Unknown
BAR0264,RINOSY,Rinorea,silvatica,Violaceae,0,Unknown
BAR0265,PROTPA,Protium,panamense,Burseraceae,0,Unknown
BAR0262,PAULTU,Paullinia,turbacensis,Sapindaceae,1,Unknown
BAR0263,CONNTU,Connarus,turczaninowii,Connaraceae,1,Unknown
BAR0261,DOLIOL,Doliocarpus,olivaceus,Dilleniaceae,1,Unknown
BAR0260,PRI1AS,Prionostemma,aspera,Celastraceae,1,Unknown
BAR0259,CNESRU,Cnestidium,rufescens,Connaraceae,1,Unknown
BAR0293,CAPPFR,Morisonia,frondosa,Capparaceae,0,Unknown
BAR0252,POUTRE,Pouteria,reticulata,Sapotaceae,0,Unknown
BAR0253,CONNTU,Connarus,turczaninowii,Connaraceae,1,Unknown
BAR0255,DOLIOL,Doliocarpus,olivaceus,Dilleniaceae,1,Unknown
BAR0291,PAULTU,Paullinia,turbacensis,Sapindaceae,1,Unknown
BAR0254,CNESRU,Cnestidium,rufescens,Connaraceae,1,Unknown
BAR0296,SWARS1,Swartzia,simplex,Fabaceae,0,Unknown
BAR0257,FARAOC,Faramea,occidentalis,Rubiaceae,0,Unknown
BAR0250,PROTPA,Protium,panamense,Burseraceae,0,Unknown
BAR0294,CONNTU,Connarus,turczaninowii,Connaraceae,1,Unknown
BAR0285,PRI1AS,Prionostemma,aspera,Celastraceae,1,Unknown
BAR0251,EUGENE,Eugenia,nesiotica,Myrtaceae,0,Unknown
BAR0289,SWARS2,Swartzia,simplex,Fabaceae,0,Unknown
BAR0242,CNESRU,Cnestidium,rufescens,Connaraceae,1,Unknown
BAR0246,CONNTU,Connarus,turczaninowii,Connaraceae,1,Unknown
BAR0245,PROTPA,Protium,panamense,Burseraceae,0,Unknown
BAR0247,FARAOC,Faramea,occidentalis,Rubiaceae,0,Unknown
BAR0288,SWARS1,Swartzia,simplex,Fabaceae,0,Unknown
BAR0244,MOURMY,Mouriri,myrtilloides,Melastomataceae,0,Unknown
BAR0287,DOLIOL,Doliocarpus,olivaceus,Dilleniaceae,1,Unknown
BAR0237,GUSTSU,Gustavia,superba,Lecythidaceae,0,Unknown
BAR0213,COCCP1,Coccoloba,excelsa,Polygonaceae,1,Unknown
BAR0241,MOURMY,Mouriri,myrtilloides,Melastomataceae,0,Unknown
BAR0210,CAPPFR,Morisonia,frondosa,Capparaceae,0,Unknown
BAR0283,CAPPFR,Morisonia,frondosa,Capparaceae,0,Unknown
BAR0243,DOLIOL,Doliocarpus,olivaceus,Dilleniaceae,1,Unknown
BAR0217,PROTPA,Protium,panamense,Burseraceae,0,Unknown
BAR0282,CAPPFR,Morisonia,frondosa,Capparaceae,0,Unknown
BAR0236,PRI1AS,Prionostemma,aspera,Celastraceae,1,Unknown
BAR0218,MOURMY,Mouriri,myrtilloides,Melastomataceae,0,Unknown
BAR0281,CAPPFR,Morisonia,frondosa,Capparaceae,0,Unknown
BAR0039,ACACHA,Senegalia,hayesii,Fabaceae,1,Unknown
BAR0234,PRI1AS,Prionostemma,aspera,Celastraceae,1,Unknown
BAR0216,CONNTU,Connarus,turczaninowii,Connaraceae,1,Unknown
BAR0152,PAULTU,Paullinia,turbacensis,Sapindaceae,1,Unknown
BAR0040,ACACHA,Senegalia,hayesii,Fabaceae,1,Unknown
BAR0280,PROTTE,Protium,tenuifolium,Burseraceae,0,Unknown
BAR0219,FARAOC,Faramea,occidentalis,Rubiaceae,0,Unknown
BAR0043,ACACHA,Senegalia,hayesii,Fabaceae,1,Unknown
BAR0222,GUSTSU,Gustavia,superba,Lecythidaceae,0,Unknown
BAR0155,GUSTSU,Gustavia,superba,Lecythidaceae,0,Unknown
BAR0276,CAPPFR,Morisonia,frondosa,Capparaceae,0,Unknown
BAR0154,SWARS1,Swartzia,simplex,Fabaceae,0,Unknown
BAR0220,COCCP1,Coccoloba,excelsa,Polygonaceae,1,Unknown
BAR0044,SWARS1,Swartzia,simplex,Fabaceae,0,Unknown
BAR0277,PAULTU,Paullinia,turbacensis,Sapindaceae,1,Unknown
BAR0153,GUSTSU,Gustavia,superba,Lecythidaceae,0,Unknown
BAR0178,PROTTE,Protium,tenuifolium,Burseraceae,0,Unknown
BAR0279,CAPPFR,Morisonia,frondosa,Capparaceae,0,Unknown
BAR0061,SWARS1,Swartzia,simplex,Fabaceae,0,Unknown
BAR0177,COCCP1,Coccoloba,excelsa,Polygonaceae,1,Unknown
BAR0062,DOLIOL,Doliocarpus,olivaceus,Dilleniaceae,1,Unknown
BAR0174,PAULFI,Paullinia,clavigera,Sapindaceae,1,Unknown
BAR0063,CONNTU,Connarus,turczaninowii,Connaraceae,1,Unknown
BAR0151,PSYCIP,Psychotria,ciprianiana,Rubiaceae,0,Unknown
BAR0166,MOURMY,Mouriri,myrtilloides,Melastomataceae,0,Unknown
BAR0064,FARAOC,Faramea,occidentalis,Rubiaceae,0,Unknown
BAR0150,FARAOC,Faramea,occidentalis,Rubiaceae,0,Unknown
BAR0163,DOLIMA,Doliocarpus,major,Dilleniaceae,1,Unknown
BAR0059,COCCP1,Coccoloba,excelsa,Polygonaceae,1,Unknown
BAR0141,EUGENE,Eugenia,nesiotica,Myrtaceae,0,Unknown
BAR0162,DOLIMA,Doliocarpus,major,Dilleniaceae,1,Unknown
BAR0045,GUSTSU,Gustavia,superba,Lecythidaceae,0,Unknown
BAR0161,DOLIMA,Doliocarpus,major,Dilleniaceae,1,Unknown
BAR0142,COCCP1,Coccoloba,excelsa,Polygonaceae,1,Unknown
BAR0144,EUGENE,Eugenia,nesiotica,Myrtaceae,0,Unknown
BAR0160,COCCP1,Coccoloba,excelsa,Polygonaceae,1,Unknown
BAR0046,TET2PA,Protium,stevensonii,Burseraceae,0,Unknown
BAR0147,SWARS2,Swartzia,simplex,Fabaceae,0,Unknown
BAR0047,POUTRE,Pouteria,reticulata,Sapotaceae,0,Unknown
BAR0145,POUTRE,Pouteria,reticulata,Sapotaceae,0,Unknown
BAR0048,RINOSY,Rinorea,silvatica,Violaceae,0,Unknown
BAR0158,DOLIMA,Doliocarpus,major,Dilleniaceae,1,Unknown
BAR0114,HYLEPR,Hylenaea,praecelsa,Celastraceae,1,Unknown
BAR0049,GUSTSU,Gustavia,superba,Lecythidaceae,0,Unknown
BAR0146,EUGENE,Eugenia,nesiotica,Myrtaceae,0,Unknown
BAR0111,HYLEPR,Hylenaea,praecelsa,Celastraceae,1,Unknown
BAR0050,CAPPFR,Morisonia,frondosa,Capparaceae,0,Unknown
BAR0115,HYLEPR,Hylenaea,praecelsa,Celastraceae,1,Unknown
BAR0140,FARAOC,Faramea,occidentalis,Rubiaceae,0,Unknown
BAR0051,COCCP1,Coccoloba,excelsa,Polygonaceae,1,Unknown
BAR0112,HYLEPR,Hylenaea,praecelsa,Celastraceae,1,Unknown
BAR0052,GUSTSU,Gustavia,superba,Lecythidaceae,0,Unknown
BAR0139,PRI1AS,Prionostemma,aspera,Celastraceae,1,Unknown
BAR0117,SWARS2,Swartzia,simplex,Fabaceae,0,Unknown
BAR0116,HYLEPR,Hylenaea,praecelsa,Celastraceae,1,Unknown
BAR0053,CNESRU,Cnestidium,rufescens,Connaraceae,1,Unknown
BAR0138,FARAOC,Faramea,occidentalis,Rubiaceae,0,Unknown
BAR0054,TET2PA,Protium,stevensonii,Burseraceae,0,Unknown
BAR0110,SWARS2,Swartzia,simplex,Fabaceae,0,Unknown
BAR0137,MOURMY,Mouriri,myrtilloides,Melastomataceae,0,Unknown
BAR0109,FARAOC,Faramea,occidentalis,Rubiaceae,0,Unknown
BAR0136,DOLIOL,Doliocarpus,olivaceus,Dilleniaceae,1,Unknown
BAR0055,FARAOC,Faramea,occidentalis,Rubiaceae,0,Unknown
BAR0108,DOLIOL,Doliocarpus,olivaceus,Dilleniaceae,1,Unknown
BAR0135,POUTRE,Pouteria,reticulata,Sapotaceae,0,Unknown
BAR0056,TET2PA,Protium,stevensonii,Burseraceae,0,Unknown
BAR0107,EUGEOE,Eugenia,oerstediana,Myrtaceae,0,Unknown
BAR0132,EUGEOE,Eugenia,oerstediana,Myrtaceae,0,Unknown
BAR0057,TET2PA,Protium,stevensonii,Burseraceae,0,Unknown
BAR0106,PROTPA,Protium,panamense,Burseraceae,0,Unknown
BAR0104,PRI1AS,Prionostemma,aspera,Celastraceae,1,Unknown
BAR0133,PRI1AS,Prionostemma,aspera,Celastraceae,1,Unknown
BAR0197,HIRARE,Hiraea,reclinata,Malpighiaceae,1,Unknown
BAR0103,PRI1AS,Prionostemma,aspera,Celastraceae,1,Unknown
BAR0134,PAULTU,Paullinia,turbacensis,Sapindaceae,1,Unknown
BAR0102,EUGENE,Eugenia,nesiotica,Myrtaceae,0,Unknown
BAR0196,HIRARE,Hiraea,reclinata,Malpighiaceae,1,Unknown
BAR0058,CAPPFR,Morisonia,frondosa,Capparaceae,0,Unknown
BAR0099,CNESRU,Cnestidium,rufescens,Connaraceae,1,Unknown
BAR0131,MOURMY,Mouriri,myrtilloides,Melastomataceae,0,Unknown
BAR0065,PROTTE,Protium,tenuifolium,Burseraceae,0,Unknown
BAR0092,DOLIMA,Doliocarpus,major,Dilleniaceae,1,Unknown
BAR0207,PSYCIP,Psychotria,ciprianiana,Rubiaceae,0,Unknown
BAR0130,PAULTU,Paullinia,turbacensis,Sapindaceae,1,Unknown
BAR0073,RINOSY,Rinorea,silvatica,Violaceae,0,Unknown
BAR0091,GUSTSU,Gustavia,superba,Lecythidaceae,0,Unknown
BAR0209,PSYCIP,Psychotria,ciprianiana,Rubiaceae,0,Unknown
BAR0129,EUGENE,Eugenia,nesiotica,Myrtaceae,0,Unknown
BAR0072,FARAOC,Faramea,occidentalis,Rubiaceae,0,Unknown
BAR0090,GUSTSU,Gustavia,superba,Lecythidaceae,0,Unknown
BAR0089,GUSTSU,Gustavia,superba,Lecythidaceae,0,Unknown
BAR0206,PSYCIP,Psychotria,ciprianiana,Rubiaceae,0,Unknown
BAR0075,SWARS1,Swartzia,simplex,Fabaceae,0,Unknown
BAR0205,PSYCIP,Psychotria,ciprianiana,Rubiaceae,0,Unknown
BAR0088,PRI1AS,Prionostemma,aspera,Celastraceae,1,Unknown
BAR0201,CONNTU,Connarus,turczaninowii,Connaraceae,1,Unknown
BAR0087,GUSTSU,Gustavia,superba,Lecythidaceae,0,Unknown
BAR0128,DOLIOL,Doliocarpus,olivaceus,Dilleniaceae,1,Unknown
BAR0085,FARAOC,Faramea,occidentalis,Rubiaceae,0,Unknown
BAR0199,CONNTU,Connarus,turczaninowii,Connaraceae,1,Unknown
BAR0076,GUSTSU,Gustavia,superba,Lecythidaceae,0,Unknown
BAR0120,EUGENE,Eugenia,nesiotica,Myrtaceae,0,Unknown
BAR0203,CAPPFR,Morisonia,frondosa,Capparaceae,0,Unknown
BAR0083,POUTRE,Pouteria,reticulata,Sapotaceae,0,Unknown
BAR0070,RINOSY,Rinorea,silvatica,Violaceae,0,Unknown
BAR0082,EUGENE,Eugenia,nesiotica,Myrtaceae,0,Unknown
BAR0202,CAPPFR,Morisonia,frondosa,Capparaceae,0,Unknown
BAR0122,RINOSY,Rinorea,silvatica,Violaceae,0,Unknown
BAR0081,PRI1AS,Prionostemma,aspera,Celastraceae,1,Unknown
BAR0069,GUSTSU,Gustavia,superba,Lecythidaceae,0,Unknown
BAR0124,GUSTSU,Gustavia,superba,Lecythidaceae,0,Unknown
BAR0080,SWARS1,Swartzia,simplex,Fabaceae,0,Unknown
BAR0068,POUTRE,Pouteria,reticulata,Sapotaceae,0,Unknown
BAR0200,FARAOC,Faramea,occidentalis,Rubiaceae,0,Unknown
BAR0127,CONNTU,Connarus,turczaninowii,Connaraceae,1,Unknown
BAR0079,RINOSY,Rinorea,silvatica,Violaceae,0,Unknown
BAR0078,RINOSY,Rinorea,silvatica,Violaceae,0,Unknown
BAR0066,CAPPFR,Morisonia,frondosa,Capparaceae,0,Unknown
BAR0126,RINOSY,Rinorea,silvatica,Violaceae,0,Unknown
BAR0198,EUGENE,Eugenia,nesiotica,Myrtaceae,0,Unknown
BAR0121,FARAOC,Faramea,occidentalis,Rubiaceae,0,Unknown
BAR0067,CAPPFR,Morisonia,frondosa,Capparaceae,0,Unknown
BAR0223,PRI1AS,Prionostemma,aspera,Celastraceae,1,Unknown
BAR0179,PROTTE,Protium,tenuifolium,Burseraceae,0,Unknown
BAR0123,GUSTSU,Gustavia,superba,Lecythidaceae,0,Unknown
BAR0036,TET2PA,Protium,stevensonii,Burseraceae,0,Unknown
BAR0180,MOURMY,Mouriri,myrtilloides,Melastomataceae,0,Unknown
BAR0035,TET2PA,Protium,stevensonii,Burseraceae,0,Unknown
BAR0181,POUTRE,Pouteria,reticulata,Sapotaceae,0,Unknown
BAR0224,PRI1AS,Prionostemma,aspera,Celastraceae,1,Unknown
BAR0034,RINOSY,Rinorea,silvatica,Violaceae,0,Unknown
BAR0182,COCCP1,Coccoloba,excelsa,Polygonaceae,1,Unknown
BAR0032,TET2PA,Protium,stevensonii,Burseraceae,0,Unknown
BAR0183,CONNTU,Connarus,turczaninowii,Connaraceae,1,Unknown
BAR0184,PSYCFU,Palicourea,hoffmannseggiana,Rubiaceae,0,Unknown
BAR0031,CAPPFR,Morisonia,frondosa,Capparaceae,0,Unknown
BAR0225,MOURMY,Mouriri,myrtilloides,Melastomataceae,0,Unknown
BAR0030,CAPPFR,Morisonia,frondosa,Capparaceae,0,Unknown
BAR0033,CONNTU,Connarus,turczaninowii,Connaraceae,1,Unknown
BAR0227,PROTPA,Protium,panamense,Burseraceae,0,Unknown
BAR0185,POUTRE,Pouteria,reticulata,Sapotaceae,0,Unknown
BAR0029,TET2PA,Protium,stevensonii,Burseraceae,0,Unknown
BAR0186,PROTTE,Protium,tenuifolium,Burseraceae,0,Unknown
BAR0027,SWARS2,Swartzia,simplex,Fabaceae,0,Unknown
BAR0187,PROTTE,Protium,tenuifolium,Burseraceae,0,Unknown
BAR0024,CAPPFR,Morisonia,frondosa,Capparaceae,0,Unknown
BAR0023,RINOSY,Rinorea,silvatica,Violaceae,0,Unknown
BAR0188,PROTTE,Protium,tenuifolium,Burseraceae,0,Unknown
BAR0025,MOURMY,Mouriri,myrtilloides,Melastomataceae,0,Unknown
BAR0022,TET2PA,Protium,stevensonii,Burseraceae,0,Unknown
BAR0189,FARAOC,Faramea,occidentalis,Rubiaceae,0,Unknown
BAR0020,TET2PA,Protium,stevensonii,Burseraceae,0,Unknown
BAR0018,CAPPFR,Morisonia,frondosa,Capparaceae,0,Unknown
BAR0019,TET2PA,Protium,stevensonii,Burseraceae,0,Unknown
BAR0017,TET2PA,Protium,stevensonii,Burseraceae,0,Unknown
BAR0190,PROTTE,Protium,tenuifolium,Burseraceae,0,Unknown
BAR0016,TET2PA,Protium,stevensonii,Burseraceae,0,Unknown
BAR0191,PAULTU,Paullinia,turbacensis,Sapindaceae,1,Unknown
BAR0015,TET2PA,Protium,stevensonii,Burseraceae,0,Unknown
BAR0014,TET2PA,Protium,stevensonii,Burseraceae,0,Unknown
BAR0010,TET2PA,Protium,stevensonii,Burseraceae,0,Unknown
BAR0192,FARAOC,Faramea,occidentalis,Rubiaceae,0,Unknown
BAR0007,FARAOC,Faramea,occidentalis,Rubiaceae,0,Unknown
BAR0011,EUGENE,Eugenia,nesiotica,Myrtaceae,0,Unknown
BAR0013,EUGENE,Eugenia,nesiotica,Myrtaceae,0,Unknown
BAR0009,EUGENE,Eugenia,nesiotica,Myrtaceae,0,Unknown
BAR0008,POUTRE,Pouteria,reticulata,Sapotaceae,0,Unknown
BAR0006,TET2PA,Protium,stevensonii,Burseraceae,0,Unknown
BAR0193,RINOSY,Rinorea,silvatica,Violaceae,0,Unknown
BAR0004,TET2PA,Protium,stevensonii,Burseraceae,0,Unknown
BAR0228,MOURMY,Mouriri,myrtilloides,Melastomataceae,0,Unknown
BAR0002,TET2PA,Protium,stevensonii,Burseraceae,0,Unknown
BAR0229,EUGENE,Eugenia,nesiotica,Myrtaceae,0,Unknown
BAR0194,PROTTE,Protium,tenuifolium,Burseraceae,0,Unknown
BAR0274,EUGEOE,Eugenia,oerstediana,Myrtaceae,0,Unknown
BAR0233,GUSTSU,Gustavia,superba,Lecythidaceae,0,Unknown
PEA0333,FARAOC,Faramea,occidentalis,Rubiaceae,0,Unknown
PEA0335,MAR2PA,Maripa,panamensis,Convolvulaceae,1,Unknown
PEA0336,RANDAR,Randia,armata,Rubiaceae,0,Unknown
PEA0337,RANDAR,Randia,armata,Rubiaceae,0,Unknown
PEA0338,MOURMY,Mouriri,myrtilloides,Melastomataceae,0,Unknown
PEA0339,RANDAR,Randia,armata,Rubiaceae,0,Unknown
PEA0340,RANDAR,Randia,armata,Rubiaceae,0,Unknown
PEA0343,TET2PA,Protium,stevensonii,Burseraceae,0,Unknown
PEA0344,TET2PA,Protium,stevensonii,Burseraceae,0,Unknown
PEA0345,MAR2PA,Maripa,panamensis,Convolvulaceae,1,Unknown
PEA0346,MOURMY,Mouriri,myrtilloides,Melastomataceae,0,Unknown
PEA0375,SWARS2,Swartzia,simplex,Fabaceae,0,Unknown
PEA0374,LACIAG,Lacistema,aggregatum,Lacistemataceae,0,Unknown
PEA0373,LACIAG,Lacistema,aggregatum,Lacistemataceae,0,Unknown
PEA0377,DOLIOL,Doliocarpus,olivaceus,Dilleniaceae,1,Unknown
PEA0370,DOLIMA,Doliocarpus,major,Dilleniaceae,1,Unknown
PEA0368,CHR2CA,Chrysophyllum,cainito,Sapotaceae,0,Unknown
PEA0347,TET2PA,Protium,stevensonii,Burseraceae,0,Unknown
PEA0367,DOLIMA,Doliocarpus,major,Dilleniaceae,1,Unknown
PEA0348,PRI1AS,Prionostemma,aspera,Celastraceae,1,Unknown
PEA0366,DOLIMA,Doliocarpus,major,Dilleniaceae,1,Unknown
PEA0365,DOLIMA,Doliocarpus,major,Dilleniaceae,1,Unknown
PEA0349,TET2PA,Protium,stevensonii,Burseraceae,0,Unknown
PEA0364,MAR2PA,Maripa,panamensis,Convolvulaceae,1,Unknown
PEA0362,FARAOC,Faramea,occidentalis,Rubiaceae,0,Unknown
PEA0350,TET2PA,Protium,stevensonii,Burseraceae,0,Unknown
PEA0361,DOLIMA,Doliocarpus,major,Dilleniaceae,1,Unknown
PEA0360,DOLIMA,Doliocarpus,major,Dilleniaceae,1,Unknown
PEA0358,DOLIMA,Doliocarpus,major,Dilleniaceae,1,Unknown
PEA0357,DOLIMA,Doliocarpus,major,Dilleniaceae,1,Unknown
PEA0356,DOLIMA,Doliocarpus,major,Dilleniaceae,1,Unknown
PEA0355,FARAOC,Faramea,occidentalis,Rubiaceae,0,Unknown
PEA0382,PROTTE,Protium,tenuifolium,Burseraceae,0,Unknown
PEA0354,MAR2PA,Maripa,panamensis,Convolvulaceae,1,Unknown
PEA0383,CAPPFR,Morisonia,frondosa,Capparaceae,0,Unknown
PEA0379,HYBAPR,Pombalia,prunifolia,Violaceae,0,Unknown
PEA0381,HYBAPR,Pombalia,prunifolia,Violaceae,0,Unknown
PEA0253,HYBAPR,Pombalia,prunifolia,Violaceae,0,Unknown
PEA0380,ACALDI,Acalypha,diversifolia,Euphorbiaceae,0,Unknown
PEA0378,EUGEOE,Eugenia,oerstediana,Myrtaceae,0,Unknown
PEA0330,SWARS2,Swartzia,simplex,Fabaceae,0,Unknown
PEA0352,MAR2PA,Maripa,panamensis,Convolvulaceae,1,Unknown
PEA0331,SWARS2,Swartzia,simplex,Fabaceae,0,Unknown
PEA0332,SWARS2,Swartzia,simplex,Fabaceae,0,Unknown
PEA0351,MAR2PA,Maripa,panamensis,Convolvulaceae,1,Unknown
PEA0254,EUGEOE,Eugenia,oerstediana,Myrtaceae,0,Unknown
PEA0252,EUGEOE,Eugenia,oerstediana,Myrtaceae,0,Unknown
PEA0251,HYBAPR,Pombalia,prunifolia,Violaceae,0,Unknown
PEA0250,HYBAPR,Pombalia,prunifolia,Violaceae,0,Unknown
PEA0249,EUGEOE,Eugenia,oerstediana,Myrtaceae,0,Unknown
PEA0248,DOLIOL,Doliocarpus,olivaceus,Dilleniaceae,1,Unknown
PEA0246,TET2PA,Protium,stevensonii,Burseraceae,0,Unknown
PEA0245,TET2PA,Protium,stevensonii,Burseraceae,0,Unknown
PEA0244,DOLIOL,Doliocarpus,olivaceus,Dilleniaceae,1,Unknown
PEA0242,TET2PA,Protium,stevensonii,Burseraceae,0,Unknown
PEA0241,TET2PA,Protium,stevensonii,Burseraceae,0,Unknown
PEA0240,TET2PA,Protium,stevensonii,Burseraceae,0,Unknown
PEA0239,TET2PA,Protium,stevensonii,Burseraceae,0,Unknown
PEA0238,TET2PA,Protium,stevensonii,Burseraceae,0,Unknown
PEA0235,MAR2PA,Maripa,panamensis,Convolvulaceae,1,Unknown
PEA0329,MAR2PA,Maripa,panamensis,Convolvulaceae,1,Unknown
PEA0298,MAR2PA,Maripa,panamensis,Convolvulaceae,1,Unknown
PEA0297,LACIAG,Lacistema,aggregatum,Lacistemataceae,0,Unknown
PEA0296,CAPPFR,Morisonia,frondosa,Capparaceae,0,Unknown
PEA0295,HYBAPR,Pombalia,prunifolia,Violaceae,0,Unknown
PEA0294,DOLIOL,Doliocarpus,olivaceus,Dilleniaceae,1,Unknown
PEA0292,TET2PA,Protium,stevensonii,Burseraceae,0,Unknown
PEA0291,TET2PA,Protium,stevensonii,Burseraceae,0,Unknown
PEA0290,TET2PA,Protium,stevensonii,Burseraceae,0,Unknown
PEA0286,TET2PA,Protium,stevensonii,Burseraceae,0,Unknown
PEA0283,TET2PA,Protium,stevensonii,Burseraceae,0,Unknown
PEA0285,TET2PA,Protium,stevensonii,Burseraceae,0,Unknown
PEA0279,HYBAPR,Pombalia,prunifolia,Violaceae,0,Unknown
PEA0281,TET2PA,Protium,stevensonii,Burseraceae,0,Unknown
PEA0284,TET2PA,Protium,stevensonii,Burseraceae,0,Unknown
PEA0278,HYBAPR,Pombalia,prunifolia,Violaceae,0,Unknown
PEA0289,TET2PA,Protium,stevensonii,Burseraceae,0,Unknown
PEA0282,TET2PA,Protium,stevensonii,Burseraceae,0,Unknown
PEA0276,MAR2PA,Maripa,panamensis,Convolvulaceae,1,Unknown
PEA0274,MAR2PA,Maripa,panamensis,Convolvulaceae,1,Unknown
PEA0275,HYBAPR,Pombalia,prunifolia,Violaceae,0,Unknown
PEA0273,PROTTE,Protium,tenuifolium,Burseraceae,0,Unknown
PEA0272,EUGEOE,Eugenia,oerstediana,Myrtaceae,0,Unknown
PEA0270,MOURMY,Mouriri,myrtilloides,Melastomataceae,0,Unknown
PEA0233,PAULTU,Paullinia,turbacensis,Sapindaceae,1,Unknown
PEA0232,GUSTSU,Gustavia,superba,Lecythidaceae,0,Unknown
PEA0268,EUGEOE,Eugenia,oerstediana,Myrtaceae,0,Unknown
PEA0269,MOURMY,Mouriri,myrtilloides,Melastomataceae,0,Unknown
PEA0231,EUGEOE,Eugenia,oerstediana,Myrtaceae,0,Unknown
PEA0230,DOLIOL,Doliocarpus,olivaceus,Dilleniaceae,1,Unknown
PEA0266,LACIAG,Lacistema,aggregatum,Lacistemataceae,0,Unknown
PEA0300,LACIAG,Lacistema,aggregatum,Lacistemataceae,0,Unknown
PEA0264,PAULTU,Paullinia,turbacensis,Sapindaceae,1,Unknown
PEA0227,HYBAPR,Pombalia,prunifolia,Violaceae,0,Unknown
PEA0301,CAPPFR,Morisonia,frondosa,Capparaceae,0,Unknown
PEA0265,HYBAPR,Pombalia,prunifolia,Violaceae,0,Unknown
PEA0299,SWARS2,Swartzia,simplex,Fabaceae,0,Unknown
PEA0302,MAR2PA,Maripa,panamensis,Convolvulaceae,1,Unknown
PEA0229,DOLIOL,Doliocarpus,olivaceus,Dilleniaceae,1,Unknown
PEA0263,EUGEOE,Eugenia,oerstediana,Myrtaceae,0,Unknown
PEA0303,MAR2PA,Maripa,panamensis,Convolvulaceae,1,Unknown
PEA0277,TET2PA,Protium,stevensonii,Burseraceae,0,Unknown
PEA0225,CHR2CA,Chrysophyllum,cainito,Sapotaceae,0,Unknown
PEA0304,CAPPFR,Morisonia,frondosa,Capparaceae,0,Unknown
PEA0224,MAR2PA,Maripa,panamensis,Convolvulaceae,1,Unknown
PEA0305,EUGEOE,Eugenia,oerstediana,Myrtaceae,0,Unknown
PEA0223,PROTTE,Protium,tenuifolium,Burseraceae,0,Unknown
PEA0307,CHR2CA,Chrysophyllum,cainito,Sapotaceae,0,Unknown
PEA0222,PAULTU,Paullinia,turbacensis,Sapindaceae,1,Unknown
PEA0308,MOURMY,Mouriri,myrtilloides,Melastomataceae,0,Unknown
PEA0262,CAPPFR,Morisonia,frondosa,Capparaceae,0,Unknown
PEA0309,MOURMY,Mouriri,myrtilloides,Melastomataceae,0,Unknown
PEA0261,CAPPFR,Morisonia,frondosa,Capparaceae,0,Unknown
PEA0310,CHR2CA,Chrysophyllum,cainito,Sapotaceae,0,Unknown
PEA0259,FARAOC,Faramea,occidentalis,Rubiaceae,0,Unknown
PEA0311,PRI1AS,Prionostemma,aspera,Celastraceae,1,Unknown
PEA0312,PRI1AS,Prionostemma,aspera,Celastraceae,1,Unknown
PEA0221,DES2PA,Desmopsis,panamensis,Annonaceae,0,Unknown
PEA0258,EUGEOE,Eugenia,oerstediana,Myrtaceae,0,Unknown
PEA0313,HYBAPR,Pombalia,prunifolia,Violaceae,0,Unknown
PEA0220,CAPPFR,Morisonia,frondosa,Capparaceae,0,Unknown
PEA0314,HYBAPR,Pombalia,prunifolia,Violaceae,0,Unknown
PEA0260,FARAOC,Faramea,occidentalis,Rubiaceae,0,Unknown
PEA0219,SWARS2,Swartzia,simplex,Fabaceae,0,Unknown
PEA0315,EUGEOE,Eugenia,oerstediana,Myrtaceae,0,Unknown
PEA0255,MAR2PA,Maripa,panamensis,Convolvulaceae,1,Unknown
PEA0316,GUSTSU,Gustavia,superba,Lecythidaceae,0,Unknown
PEA0218,PROTTE,Protium,tenuifolium,Burseraceae,0,Unknown
PEA0317,PROTTE,Protium,tenuifolium,Burseraceae,0,Unknown
PEA0319,HYBAPR,Pombalia,prunifolia,Violaceae,0,Unknown
PEA0217,MAR2PA,Maripa,panamensis,Convolvulaceae,1,Unknown
PEA0320,FARAOC,Faramea,occidentalis,Rubiaceae,0,Unknown
PEA0321,MOURMY,Mouriri,myrtilloides,Melastomataceae,0,Unknown
PEA0215,EUGEOE,Eugenia,oerstediana,Myrtaceae,0,Unknown
PEA0213,MAR2PA,Maripa,panamensis,Convolvulaceae,1,Unknown
PEA0325,TET2PA,Protium,stevensonii,Burseraceae,0,Unknown
PEA0212,LACIAG,Lacistema,aggregatum,Lacistemataceae,0,Unknown
PEA0138,SWARS2,Swartzia,simplex,Fabaceae,0,Unknown
PEA0139,GUSTSU,Gustavia,superba,Lecythidaceae,0,Unknown
PEA0140,MAR2PA,Maripa,panamensis,Convolvulaceae,1,Unknown
PEA0144,SWARS2,Swartzia,simplex,Fabaceae,0,Unknown
PEA0146,SWARS2,Swartzia,simplex,Fabaceae,0,Unknown
PEA0147,DES2PA,Desmopsis,panamensis,Annonaceae,0,Unknown
PEA0142,MAR2PA,Maripa,panamensis,Convolvulaceae,1,Unknown
PEA0141,LACIAG,Lacistema,aggregatum,Lacistemataceae,0,Unknown
PEA0145,FARAOC,Faramea,occidentalis,Rubiaceae,0,Unknown
PEA0143,FARAOC,Faramea,occidentalis,Rubiaceae,0,Unknown
PEA0149,SWARS2,Swartzia,simplex,Fabaceae,0,Unknown
PEA0150,MOURMY,Mouriri,myrtilloides,Melastomataceae,0,Unknown
PEA0151,FARAOC,Faramea,occidentalis,Rubiaceae,0,Unknown
PEA0152,GUSTSU,Gustavia,superba,Lecythidaceae,0,Unknown
PEA0153,FARAOC,Faramea,occidentalis,Rubiaceae,0,Unknown
PEA0154,EUGEOE,Eugenia,oerstediana,Myrtaceae,0,Unknown
PEA0114,DOLIMA,Doliocarpus,major,Dilleniaceae,1,Unknown
PEA0113,DOLIMA,Doliocarpus,major,Dilleniaceae,1,Unknown
PEA0115,DOLIMA,Doliocarpus,major,Dilleniaceae,1,Unknown
PEA0116,DOLIMA,Doliocarpus,major,Dilleniaceae,1,Unknown
PEA0111,ACALDI,Acalypha,diversifolia,Euphorbiaceae,0,Unknown
PEA0108,PAULTU,Paullinia,turbacensis,Sapindaceae,1,Unknown
PEA0110,PAULTU,Paullinia,turbacensis,Sapindaceae,1,Unknown
PEA0109,CAPPFR,Morisonia,frondosa,Capparaceae,0,Unknown
PEA0156,HYBAPR,Pombalia,prunifolia,Violaceae,0,Unknown
PEA0157,SWARS2,Swartzia,simplex,Fabaceae,0,Unknown
PEA0158,GUSTSU,Gustavia,superba,Lecythidaceae,0,Unknown
PEA0159,PAULTU,Paullinia,turbacensis,Sapindaceae,1,Unknown
PEA0160,GUSTSU,Gustavia,superba,Lecythidaceae,0,Unknown
PEA0161,PROTTE,Protium,tenuifolium,Burseraceae,0,Unknown
PEA0193,DES2PA,Desmopsis,panamensis,Annonaceae,0,Unknown
PEA0162,HYBAPR,Pombalia,prunifolia,Violaceae,0,Unknown
PEA0117,DOLIMA,Doliocarpus,major,Dilleniaceae,1,Unknown
PEA0192,PAULTU,Paullinia,turbacensis,Sapindaceae,1,Unknown
PEA0118,FARAOC,Faramea,occidentalis,Rubiaceae,0,Unknown
PEA0120,PROTTE,Protium,tenuifolium,Burseraceae,0,Unknown
PEA0191,DES2PA,Desmopsis,panamensis,Annonaceae,0,Unknown
PEA0189,CHR2CA,Chrysophyllum,cainito,Sapotaceae,0,Unknown
PEA0121,DOLIOL,Doliocarpus,olivaceus,Dilleniaceae,1,Unknown
PEA0188,PAULTU,Paullinia,turbacensis,Sapindaceae,1,Unknown
PEA0186,GUSTSU,Gustavia,superba,Lecythidaceae,0,Unknown
PEA0185,HYBAPR,Pombalia,prunifolia,Violaceae,0,Unknown
PEA0184,CAPPFR,Morisonia,frondosa,Capparaceae,0,Unknown
PEA0183,LACIAG,Lacistema,aggregatum,Lacistemataceae,0,Unknown
PEA0182,LACIAG,Lacistema,aggregatum,Lacistemataceae,0,Unknown
PEA0181,SWARS2,Swartzia,simplex,Fabaceae,0,Unknown
PEA0178,LACIAG,Lacistema,aggregatum,Lacistemataceae,0,Unknown
PEA0107,EUGEOE,Eugenia,oerstediana,Myrtaceae,0,Unknown
PEA0106,DES2PA,Desmopsis,panamensis,Annonaceae,0,Unknown
PEA0122,CAPPFR,Morisonia,frondosa,Capparaceae,0,Unknown
PEA0104,CAPPFR,Morisonia,frondosa,Capparaceae,0,Unknown
PEA0123,PROTTE,Protium,tenuifolium,Burseraceae,0,Unknown
PEA0209,ACALDI,Acalypha,diversifolia,Euphorbiaceae,0,Unknown
PEA0124,DOLIOL,Doliocarpus,olivaceus,Dilleniaceae,1,Unknown
PEA0208,ACALDI,Acalypha,diversifolia,Euphorbiaceae,0,Unknown
PEA0163,SWARS2,Swartzia,simplex,Fabaceae,0,Unknown
PEA0103,DOLIOL,Doliocarpus,olivaceus,Dilleniaceae,1,Unknown
PEA0125,DOLIOL,Doliocarpus,olivaceus,Dilleniaceae,1,Unknown
PEA0206,ACALDI,Acalypha,diversifolia,Euphorbiaceae,0,Unknown
PEA0164,PRI1AS,Prionostemma,aspera,Celastraceae,1,Unknown
PEA0126,PRI1AS,Prionostemma,aspera,Celastraceae,1,Unknown
PEA0127,EUGEOE,Eugenia,oerstediana,Myrtaceae,0,Unknown
PEA0205,DES2PA,Desmopsis,panamensis,Annonaceae,0,Unknown
PEA0101,HYBAPR,Pombalia,prunifolia,Violaceae,0,Unknown
PEA0165,EUGEOE,Eugenia,oerstediana,Myrtaceae,0,Unknown
PEA0166,DOLIOL,Doliocarpus,olivaceus,Dilleniaceae,1,Unknown
PEA0128,EUGEOE,Eugenia,oerstediana,Myrtaceae,0,Unknown
PEA0100,CHR2CA,Chrysophyllum,cainito,Sapotaceae,0,Unknown
PEA0129,DOLIOL,Doliocarpus,olivaceus,Dilleniaceae,1,Unknown
PEA0099,GUSTSU,Gustavia,superba,Lecythidaceae,0,Unknown
PEA0130,PROTTE,Protium,tenuifolium,Burseraceae,0,Unknown
PEA0168,RANDAR,Randia,armata,Rubiaceae,0,Unknown
PEA0097,GUSTSU,Gustavia,superba,Lecythidaceae,0,Unknown
PEA0167,RANDAR,Randia,armata,Rubiaceae,0,Unknown
PEA0098,GUSTSU,Gustavia,superba,Lecythidaceae,0,Unknown
PEA0204,FARAOC,Faramea,occidentalis,Rubiaceae,0,Unknown
PEA0169,DOLIOL,Doliocarpus,olivaceus,Dilleniaceae,1,Unknown
PEA0096,GUSTSU,Gustavia,superba,Lecythidaceae,0,Unknown
PEA0203,FARAOC,Faramea,occidentalis,Rubiaceae,0,Unknown
PEA0131,PROTTE,Protium,tenuifolium,Burseraceae,0,Unknown
PEA0171,DOLIOL,Doliocarpus,olivaceus,Dilleniaceae,1,Unknown
PEA0132,PAULTU,Paullinia,turbacensis,Sapindaceae,1,Unknown
PEA0172,DOLIOL,Doliocarpus,olivaceus,Dilleniaceae,1,Unknown
PEA0202,EUGEOE,Eugenia,oerstediana,Myrtaceae,0,Unknown
PEA0201,PROTTE,Protium,tenuifolium,Burseraceae,0,Unknown
PEA0174,HYBAPR,Pombalia,prunifolia,Violaceae,0,Unknown
PEA0199,EUGEOE,Eugenia,oerstediana,Myrtaceae,0,Unknown
PEA0175,DOLIOL,Doliocarpus,olivaceus,Dilleniaceae,1,Unknown
PEA0198,PRI1AS,Prionostemma,aspera,Celastraceae,1,Unknown
PEA0133,CHR2CA,Chrysophyllum,cainito,Sapotaceae,0,Unknown
PEA0176,HYBAPR,Pombalia,prunifolia,Violaceae,0,Unknown
PEA0194,HYBAPR,Pombalia,prunifolia,Violaceae,0,Unknown
PEA0134,PRI1AS,Prionostemma,aspera,Celastraceae,1,Unknown
PEA0197,DOLIOL,Doliocarpus,olivaceus,Dilleniaceae,1,Unknown
PEA0135,SWARS2,Swartzia,simplex,Fabaceae,0,Unknown
PEA0195,SWARS2,Swartzia,simplex,Fabaceae,0,Unknown
PEA0076,MOURMY,Mouriri,myrtilloides,Melastomataceae,0,Unknown
PEA0075,FARAOC,Faramea,occidentalis,Rubiaceae,0,Unknown
PEA0073,FARAOC,Faramea,occidentalis,Rubiaceae,0,Unknown
PEA0072,PRI1AS,Prionostemma,aspera,Celastraceae,1,Unknown
PEA0071,PRI1AS,Prionostemma,aspera,Celastraceae,1,Unknown
PEA0070,DOLIMA,Doliocarpus,major,Dilleniaceae,1,Unknown
PEA0069,MOURMY,Mouriri,myrtilloides,Melastomataceae,0,Unknown
PEA0068,DOLIMA,Doliocarpus,major,Dilleniaceae,1,Unknown
PEA0067,DOLIMA,Doliocarpus,major,Dilleniaceae,1,Unknown
PEA0066,DOLIMA,Doliocarpus,major,Dilleniaceae,1,Unknown
PEA0065,DOLIMA,Doliocarpus,major,Dilleniaceae,1,Unknown
PEA0064,DOLIMA,Doliocarpus,major,Dilleniaceae,1,Unknown
PEA0032,FARAOC,Faramea,occidentalis,Rubiaceae,0,Unknown
PEA0033,PRI1AS,Prionostemma,aspera,Celastraceae,1,Unknown
PEA0034,DOLIOL,Doliocarpus,olivaceus,Dilleniaceae,1,Unknown
PEA0035,FARAOC,Faramea,occidentalis,Rubiaceae,0,Unknown
PEA0037,MOURMY,Mouriri,myrtilloides,Melastomataceae,0,Unknown
PEA0038,MOURMY,Mouriri,myrtilloides,Melastomataceae,0,Unknown
PEA0039,MOURMY,Mouriri,myrtilloides,Melastomataceae,0,Unknown
PEA0040,HYBAPR,Pombalia,prunifolia,Violaceae,0,Unknown
PEA0041,FARAOC,Faramea,occidentalis,Rubiaceae,0,Unknown
PEA0042,PRI1AS,Prionostemma,aspera,Celastraceae,1,Unknown
PEA0043,PRI1AS,Prionostemma,aspera,Celastraceae,1,Unknown
PEA0045,FARAOC,Faramea,occidentalis,Rubiaceae,0,Unknown
PEA0046,DES2PA,Desmopsis,panamensis,Annonaceae,0,Unknown
PEA0093,ACALDI,Acalypha,diversifolia,Euphorbiaceae,0,Unknown
PEA0092,EUGEOE,Eugenia,oerstediana,Myrtaceae,0,Unknown
PEA0091,FARAOC,Faramea,occidentalis,Rubiaceae,0,Unknown
PEA0090,FARAOC,Faramea,occidentalis,Rubiaceae,0,Unknown
PEA0089,SWARS2,Swartzia,simplex,Fabaceae,0,Unknown
PEA0088,PRI1AS,Prionostemma,aspera,Celastraceae,1,Unknown
PEA0087,RANDAR,Randia,armata,Rubiaceae,0,Unknown
PEA0063,DOLIMA,Doliocarpus,major,Dilleniaceae,1,Unknown
PEA0086,RANDAR,Randia,armata,Rubiaceae,0,Unknown
PEA0085,RANDAR,Randia,armata,Rubiaceae,0,Unknown
PEA0062,EUGEOE,Eugenia,oerstediana,Myrtaceae,0,Unknown
PEA0084,RANDAR,Randia,armata,Rubiaceae,0,Unknown
PEA0083,CHR2CA,Chrysophyllum,cainito,Sapotaceae,0,Unknown
PEA0079,MOURMY,Mouriri,myrtilloides,Melastomataceae,0,Unknown
PEA0078,PRI1AS,Prionostemma,aspera,Celastraceae,1,Unknown
PEA0061,PRI1AS,Prionostemma,aspera,Celastraceae,1,Unknown
PEA0077,PROTTE,Protium,tenuifolium,Burseraceae,0,Unknown
PEA0001,HYBAPR,Pombalia,prunifolia,Violaceae,0,Unknown
PEA0003,PRI1AS,Prionostemma,aspera,Celastraceae,1,Unknown
PEA0002,DES2PA,Desmopsis,panamensis,Annonaceae,0,Unknown
PEA0005,SWARS2,Swartzia,simplex,Fabaceae,0,Unknown
PEA0008,RANDAR,Randia,armata,Rubiaceae,0,Unknown
PEA0009,CAPPFR,Morisonia,frondosa,Capparaceae,0,Unknown
PEA0010,DES2PA,Desmopsis,panamensis,Annonaceae,0,Unknown
PEA0011,EUGEOE,Eugenia,oerstediana,Myrtaceae,0,Unknown
PEA0012,MOURMY,Mouriri,myrtilloides,Melastomataceae,0,Unknown
PEA0013,DOLIOL,Doliocarpus,olivaceus,Dilleniaceae,1,Unknown
PEA0014,PAULTU,Paullinia,turbacensis,Sapindaceae,1,Unknown
PEA0015,MAR2PA,Maripa,panamensis,Convolvulaceae,1,Unknown
PEA0059,HYBAPR,Pombalia,prunifolia,Violaceae,0,Unknown
PEA0016,DOLIMA,Doliocarpus,major,Dilleniaceae,1,Unknown
PEA0058,GUSTSU,Gustavia,superba,Lecythidaceae,0,Unknown
PEA0057,EUGEOE,Eugenia,oerstediana,Myrtaceae,0,Unknown
PEA0017,DOLIOL,Doliocarpus,olivaceus,Dilleniaceae,1,Unknown
PEA0018,DOLIMA,Doliocarpus,major,Dilleniaceae,1,Unknown
PEA0055,PAULTU,Paullinia,turbacensis,Sapindaceae,1,Unknown
PEA0053,DOLIOL,Doliocarpus,olivaceus,Dilleniaceae,1,Unknown
PEA0019,DOLIOL,Doliocarpus,olivaceus,Dilleniaceae,1,Unknown
PEA0052,PAULTU,Paullinia,turbacensis,Sapindaceae,1,Unknown
PEA0051,LACIAG,Lacistema,aggregatum,Lacistemataceae,0,Unknown
PEA0020,DOLIMA,Doliocarpus,major,Dilleniaceae,1,Unknown
PEA0050,DOLIOL,Doliocarpus,olivaceus,Dilleniaceae,1,Unknown
PEA0021,PRI1AS,Prionostemma,aspera,Celastraceae,1,Unknown
PEA0048,MAR2PA,Maripa,panamensis,Convolvulaceae,1,Unknown
PEA0022,HYBAPR,Pombalia,prunifolia,Violaceae,0,Unknown
PEA0047,MAR2PA,Maripa,panamensis,Convolvulaceae,1,Unknown
PEA0023,DOLIMA,Doliocarpus,major,Dilleniaceae,1,Unknown
PEA0024,DOLIMA,Doliocarpus,major,Dilleniaceae,1,Unknown
PEA0025,DOLIMA,Doliocarpus,major,Dilleniaceae,1,Unknown
PEA0027,DOLIMA,Doliocarpus,major,Dilleniaceae,1,Unknown
PEA0029,CAPPFR,Morisonia,frondosa,Capparaceae,0,Unknown
PEA0030,SWARS2,Swartzia,simplex,Fabaceae,0,Unknown
