ID_YPS,SPP,GENUS,SPECIES,FAMILY,LIANA,FOREST
SRAPHEDE1,APHEDE,Aphelandra,scabra,Acanthaceae,0,Santa Rita
SRAPHEDE2,APHEDE,Aphelandra,scabra,Acanthaceae,0,Santa Rita
SRAPHEDE3,APHEDE,Aphelandra,scabra,Acanthaceae,0,Santa Rita
SRAPHEDE4,APHEDE,Aphelandra,scabra,Acanthaceae,0,Santa Rita
SRAPHEDE5,APHEDE,Aphelandra,scabra,Acanthaceae,0,Santa Rita
SRAPHEDE6,APHEDE,Aphelandra,scabra,Acanthaceae,0,Santa Rita
SRRUELFU1,RUELFU,Ruellia,fulgida,Acanthaceae,0,Santa Rita
SRRUELFU2,RUELFU,Ruellia,fulgida,Acanthaceae,0,Santa Rita
SRRUELFU3,RUELFU,Ruellia,fulgida,Acanthaceae,0,Santa Rita
SRRUELFU4,RUELFU,Ruellia,fulgida,Acanthaceae,0,Santa Rita
SRRUELFU5,RUELFU,Ruellia,fulgida,Acanthaceae,0,Santa Rita
SRRUELFU6,RUELFU,Ruellia,fulgida,Acanthaceae,0,Santa Rita
ANLINDLA1,LINDLA,Lindackeria,laurina,Achariaceae,0,ANAM
ANLINDLA2,LINDLA,Lindackeria,laurina,Achariaceae,0,ANAM
ANLINDLA3,LINDLA,Lindackeria,laurina,Achariaceae,0,ANAM
ANLINDLA4,LINDLA,Lindackeria,laurina,Achariaceae,0,ANAM
ANLINDLA5,LINDLA,Lindackeria,laurina,Achariaceae,0,ANAM
ANLINDLA6,LINDLA,Lindackeria,laurina,Achariaceae,0,ANAM
PMANACEX1,ANACEX,Anacardium,excelsum,Anacardiaceae,0,Metropolitano
PMANACEX2,ANACEX,Anacardium,excelsum,Anacardiaceae,0,Metropolitano
PMANACEX3,ANACEX,Anacardium,excelsum,Anacardiaceae,0,Metropolitano
PMANACEX4,ANACEX,Anacardium,excelsum,Anacardiaceae,0,Metropolitano
PMANACEX5,ANACEX,Anacardium,excelsum,Anacardiaceae,0,Metropolitano
PMANACEX6,ANACEX,Anacardium,excelsum,Anacardiaceae,0,Metropolitano
OLANACEX1,ANACEX,Anacardium,excelsum,Anacardiaceae,0,Oleoducto
OLANACEX2,ANACEX,Anacardium,excelsum,Anacardiaceae,0,Oleoducto
OLANACEX3,ANACEX,Anacardium,excelsum,Anacardiaceae,0,Oleoducto
OLANACEX4,ANACEX,Anacardium,excelsum,Anacardiaceae,0,Oleoducto
OLANACEX5,ANACEX,Anacardium,excelsum,Anacardiaceae,0,Oleoducto
OLANACEX6,ANACEX,Anacardium,excelsum,Anacardiaceae,0,Oleoducto
SHTAPIGU1,TAPIGU,Tapirira,guianensis,Anacardiaceae,0,Sherman
SHTAPIGU2,TAPIGU,Tapirira,guianensis,Anacardiaceae,0,Sherman
SHTAPIGU3,TAPIGU,Tapirira,guianensis,Anacardiaceae,0,Sherman
SHTAPIGU4,TAPIGU,Tapirira,guianensis,Anacardiaceae,0,Sherman
SHTAPIGU5,TAPIGU,Tapirira,guianensis,Anacardiaceae,0,Sherman
SHTAPIGU6,TAPIGU,Tapirira,guianensis,Anacardiaceae,0,Sherman
PPANNOHA1,ANNOHA,Annona,hayesii,Annonaceae,0,Panama Pacifico
PPANNOHA2,ANNOHA,Annona,hayesii,Annonaceae,0,Panama Pacifico
PPANNOHA3,ANNOHA,Annona,hayesii,Annonaceae,0,Panama Pacifico
PPANNOHA4,ANNOHA,Annona,hayesii,Annonaceae,0,Panama Pacifico
PPANNOHA5,ANNOHA,Annona,hayesii,Annonaceae,0,Panama Pacifico
PPANNOHA6,ANNOHA,Annona,hayesii,Annonaceae,0,Panama Pacifico
PMANNOHA1,ANNOHA,Annona,hayesii,Annonaceae,0,Metropolitano
PMANNOHA2,ANNOHA,Annona,hayesii,Annonaceae,0,Metropolitano
PMANNOHA3,ANNOHA,Annona,hayesii,Annonaceae,0,Metropolitano
PMANNOHA4,ANNOHA,Annona,hayesii,Annonaceae,0,Metropolitano
PMANNOHA5,ANNOHA,Annona,hayesii,Annonaceae,0,Metropolitano
PMANNOHA6,ANNOHA,Annona,hayesii,Annonaceae,0,Metropolitano
PMANNOSP1,ANNOSP,Annona,spraguei,Annonaceae,0,Metropolitano
PMANNOSP2,ANNOSP,Annona,spraguei,Annonaceae,0,Metropolitano
PMANNOSP3,ANNOSP,Annona,spraguei,Annonaceae,0,Metropolitano
PMANNOSP4,ANNOSP,Annona,spraguei,Annonaceae,0,Metropolitano
PMANNOSP5,ANNOSP,Annona,spraguei,Annonaceae,0,Metropolitano
PMANNOSP6,ANNOSP,Annona,spraguei,Annonaceae,0,Metropolitano
CHANNOHA1,ANNOHA,Annona,hayesii,Annonaceae,0,Charco
CHANNOHA2,ANNOHA,Annona,hayesii,Annonaceae,0,Charco
CHANNOHA3,ANNOHA,Annona,hayesii,Annonaceae,0,Charco
CHANNOHA4,ANNOHA,Annona,hayesii,Annonaceae,0,Charco
CHANNOHA5,ANNOHA,Annona,hayesii,Annonaceae,0,Charco
CHANNOHA6,ANNOHA,Annona,hayesii,Annonaceae,0,Charco
OLOXANLO1,OXANLO,Oxandra,longipetala,Annonaceae,0,Oleoducto
OLOXANLO2,OXANLO,Oxandra,longipetala,Annonaceae,0,Oleoducto
OLOXANLO3,OXANLO,Oxandra,longipetala,Annonaceae,0,Oleoducto
OLOXANLO4,OXANLO,Oxandra,longipetala,Annonaceae,0,Oleoducto
OLOXANLO5,OXANLO,Oxandra,longipetala,Annonaceae,0,Oleoducto
OLOXANLO6,OXANLO,Oxandra,longipetala,Annonaceae,0,Oleoducto
OLDES2PA1,DES2PA,Desmopsis,panamensis,Annonaceae,0,Oleoducto
OLDES2PA2,DES2PA,Desmopsis,panamensis,Annonaceae,0,Oleoducto
OLDES2PA3,DES2PA,Desmopsis,panamensis,Annonaceae,0,Oleoducto
OLDES2PA4,DES2PA,Desmopsis,panamensis,Annonaceae,0,Oleoducto
OLDES2PA5,DES2PA,Desmopsis,panamensis,Annonaceae,0,Oleoducto
OLDES2PA6,DES2PA,Desmopsis,panamensis,Annonaceae,0,Oleoducto
BVGUATAM1,GUATAM,Guatteria,amplifolia,Annonaceae,0,Buena Vista
BVGUATAM2,GUATAM,Guatteria,amplifolia,Annonaceae,0,Buena Vista
BVGUATAM3,GUATAM,Guatteria,amplifolia,Annonaceae,0,Buena Vista
BVGUATAM4,GUATAM,Guatteria,amplifolia,Annonaceae,0,Buena Vista
BVGUATAM5,GUATAM,Guatteria,amplifolia,Annonaceae,0,Buena Vista
BVGUATAM6,GUATAM,Guatteria,amplifolia,Annonaceae,0,Buena Vista
BVDES2PA1,DES2PA,Desmopsis,panamensis,Annonaceae,0,Buena Vista
BVDES2PA2,DES2PA,Desmopsis,panamensis,Annonaceae,0,Buena Vista
BVDES2PA3,DES2PA,Desmopsis,panamensis,Annonaceae,0,Buena Vista
BVDES2PA4,DES2PA,Desmopsis,panamensis,Annonaceae,0,Buena Vista
BVDES2PA5,DES2PA,Desmopsis,panamensis,Annonaceae,0,Buena Vista
BVDES2PA6,DES2PA,Desmopsis,panamensis,Annonaceae,0,Buena Vista
SRANAXAL1,ANAXAL,Anaxagorea,allenii,Annonaceae,0,Santa Rita
SRANAXAL2,ANAXAL,Anaxagorea,allenii,Annonaceae,0,Santa Rita
SRANAXAL3,ANAXAL,Anaxagorea,allenii,Annonaceae,0,Santa Rita
SRANAXAL4,ANAXAL,Anaxagorea,allenii,Annonaceae,0,Santa Rita
SRANAXAL5,ANAXAL,Anaxagorea,allenii,Annonaceae,0,Santa Rita
SRANAXAL6,ANAXAL,Anaxagorea,allenii,Annonaceae,0,Santa Rita
SHCREMPA1,CREMPA,Cremastosperma,panamense,Annonaceae,0,Sherman
SHCREMPA2,CREMPA,Cremastosperma,panamense,Annonaceae,0,Sherman
SHCREMPA3,CREMPA,Cremastosperma,panamense,Annonaceae,0,Sherman
SHCREMPA4,CREMPA,Cremastosperma,panamense,Annonaceae,0,Sherman
SHCREMPA5,CREMPA,Cremastosperma,panamense,Annonaceae,0,Sherman
SHCREMPA6,CREMPA,Cremastosperma,panamense,Annonaceae,0,Sherman
SHUNONBU1,UNONBU,Unonopsis,bullata,Annonaceae,0,Sherman
SHUNONBU2,UNONBU,Unonopsis,bullata,Annonaceae,0,Sherman
SHUNONBU3,UNONBU,Unonopsis,bullata,Annonaceae,0,Sherman
SHUNONBU4,UNONBU,Unonopsis,bullata,Annonaceae,0,Sherman
SHUNONBU5,UNONBU,Unonopsis,bullata,Annonaceae,0,Sherman
SHUNONBU6,UNONBU,Unonopsis,bullata,Annonaceae,0,Sherman
PEA0002,DES2PA,Desmopsis,Desmopsis panamensis,Annonaceae,0,PEA
PEA0010,DES2PA,Desmopsis,Desmopsis panamensis,Annonaceae,0,PEA
PEA0046,DES2PA,Desmopsis,Desmopsis panamensis,Annonaceae,0,PEA
PEA0106,DES2PA,Desmopsis,Desmopsis panamensis,Annonaceae,0,PEA
PEA0147,DES2PA,Desmopsis,Desmopsis panamensis,Annonaceae,0,PEA
PEA0191,DES2PA,Desmopsis,Desmopsis panamensis,Annonaceae,0,PEA
PEA0193,DES2PA,Desmopsis,Desmopsis panamensis,Annonaceae,0,PEA
PEA0205,DES2PA,Desmopsis,Desmopsis panamensis,Annonaceae,0,PEA
PEA0221,DES2PA,Desmopsis,Desmopsis panamensis,Annonaceae,0,PEA
PEA0353,DES2PA,Desmopsis,Desmopsis panamensis,Annonaceae,0,PEA
CHFORSVI1,FORSVI,Forsteronia,viridescens,Apocynaceae,1,Charco
CHFORSVI2,FORSVI,Forsteronia,viridescens,Apocynaceae,1,Charco
CHFORSVI3,FORSVI,Forsteronia,viridescens,Apocynaceae,1,Charco
CHFORSVI4,FORSVI,Forsteronia,viridescens,Apocynaceae,1,Charco
CHFORSVI5,FORSVI,Forsteronia,viridescens,Apocynaceae,1,Charco
CHFORSVI6,FORSVI,Forsteronia,viridescens,Apocynaceae,1,Charco
BVASPICR1,ASPICR,Aspidosperma,spruceanum,Apocynaceae,0,Buena Vista
BVASPICR2,ASPICR,Aspidosperma,spruceanum,Apocynaceae,0,Buena Vista
BVASPICR3,ASPICR,Aspidosperma,spruceanum,Apocynaceae,0,Buena Vista
BVASPICR4,ASPICR,Aspidosperma,spruceanum,Apocynaceae,0,Buena Vista
BVASPICR5,ASPICR,Aspidosperma,spruceanum,Apocynaceae,0,Buena Vista
BVASPICR6,ASPICR,Aspidosperma,spruceanum,Apocynaceae,0,Buena Vista
SRTAB2UN1,TAB2UN,Tabernaemontana,undulata,Apocynaceae,0,Santa Rita
SRTAB2UN2,TAB2UN,Tabernaemontana,undulata,Apocynaceae,0,Santa Rita
SRTAB2UN3,TAB2UN,Tabernaemontana,undulata,Apocynaceae,0,Santa Rita
SRTAB2UN4,TAB2UN,Tabernaemontana,undulata,Apocynaceae,0,Santa Rita
SRTAB2UN5,TAB2UN,Tabernaemontana,undulata,Apocynaceae,0,Santa Rita
SRTAB2UN6,TAB2UN,Tabernaemontana,undulata,Apocynaceae,0,Santa Rita
SRFORSVI1,FORSVI,Forsteronia,viridescens,Apocynaceae,1,Santa Rita
SRFORSVI2,FORSVI,Forsteronia,viridescens,Apocynaceae,1,Santa Rita
SRFORSVI3,FORSVI,Forsteronia,viridescens,Apocynaceae,1,Santa Rita
SRFORSVI4,FORSVI,Forsteronia,viridescens,Apocynaceae,1,Santa Rita
SRFORSVI5,FORSVI,Forsteronia,viridescens,Apocynaceae,1,Santa Rita
SRFORSVI6,FORSVI,Forsteronia,viridescens,Apocynaceae,1,Santa Rita
SHASPICR1,ASPICR,Aspidosperma,spruceanum,Apocynaceae,0,Sherman
SHASPICR2,ASPICR,Aspidosperma,spruceanum,Apocynaceae,0,Sherman
SHASPICR3,ASPICR,Aspidosperma,spruceanum,Apocynaceae,0,Sherman
SHASPICR4,ASPICR,Aspidosperma,spruceanum,Apocynaceae,0,Sherman
SHASPICR5,ASPICR,Aspidosperma,spruceanum,Apocynaceae,0,Sherman
SHASPICR6,ASPICR,Aspidosperma,spruceanum,Apocynaceae,0,Sherman
SHLACMPA1,LACMPA,Lacmellea,panamensis,Apocynaceae,0,Sherman
SHLACMPA2,LACMPA,Lacmellea,panamensis,Apocynaceae,0,Sherman
SHLACMPA3,LACMPA,Lacmellea,panamensis,Apocynaceae,0,Sherman
SHLACMPA4,LACMPA,Lacmellea,panamensis,Apocynaceae,0,Sherman
SHLACMPA5,LACMPA,Lacmellea,panamensis,Apocynaceae,0,Sherman
SHLACMPA6,LACMPA,Lacmellea,panamensis,Apocynaceae,0,Sherman
PPPHRYCO1,PHRYCO,Phryganocydia,corymbosa,Bignoniaceae,1,Panama Pacifico
PPPHRYCO2,PHRYCO,Phryganocydia,corymbosa,Bignoniaceae,1,Panama Pacifico
PPPHRYCO3,PHRYCO,Phryganocydia,corymbosa,Bignoniaceae,1,Panama Pacifico
PPPHRYCO4,PHRYCO,Phryganocydia,corymbosa,Bignoniaceae,1,Panama Pacifico
PPPHRYCO5,PHRYCO,Phryganocydia,corymbosa,Bignoniaceae,1,Panama Pacifico
PPPHRYCO6,PHRYCO,Phryganocydia,corymbosa,Bignoniaceae,1,Panama Pacifico
PPPAR1PY1,PAR1PY,Paragonia,pyramidata,Bignoniaceae,1,Panama Pacifico
PPPAR1PY2,PAR1PY,Paragonia,pyramidata,Bignoniaceae,1,Panama Pacifico
PPPAR1PY3,PAR1PY,Paragonia,pyramidata,Bignoniaceae,1,Panama Pacifico
PPPAR1PY4,PAR1PY,Paragonia,pyramidata,Bignoniaceae,1,Panama Pacifico
PPPAR1PY5,PAR1PY,Paragonia,pyramidata,Bignoniaceae,1,Panama Pacifico
PPPAR1PY6,PAR1PY,Paragonia,pyramidata,Bignoniaceae,1,Panama Pacifico
PPCALLLA1,CALLLA,Callichlamys,latifolia,Bignoniaceae,1,Panama Pacifico
PPCALLLA2,CALLLA,Callichlamys,latifolia,Bignoniaceae,1,Panama Pacifico
PPCALLLA3,CALLLA,Callichlamys,latifolia,Bignoniaceae,1,Panama Pacifico
PPCALLLA4,CALLLA,Callichlamys,latifolia,Bignoniaceae,1,Panama Pacifico
PPCALLLA5,CALLLA,Callichlamys,latifolia,Bignoniaceae,1,Panama Pacifico
PPCALLLA6,CALLLA,Callichlamys,latifolia,Bignoniaceae,1,Panama Pacifico
PPSTIZRI1,STIZRI,Stizophyllum,riparium,Bignoniaceae,1,Panama Pacifico
PPSTIZRI2,STIZRI,Stizophyllum,riparium,Bignoniaceae,1,Panama Pacifico
PPSTIZRI3,STIZRI,Stizophyllum,riparium,Bignoniaceae,1,Panama Pacifico
PPSTIZRI4,STIZRI,Stizophyllum,riparium,Bignoniaceae,1,Panama Pacifico
PPSTIZRI5,STIZRI,Stizophyllum,riparium,Bignoniaceae,1,Panama Pacifico
PPSTIZRI6,STIZRI,Stizophyllum,riparium,Bignoniaceae,1,Panama Pacifico
PPPLEOVA1,PLEOVA,Pleonotoma,variabilis,Bignoniaceae,1,Panama Pacifico
PPPLEOVA2,PLEOVA,Pleonotoma,variabilis,Bignoniaceae,1,Panama Pacifico
PPPLEOVA3,PLEOVA,Pleonotoma,variabilis,Bignoniaceae,1,Panama Pacifico
PPPLEOVA4,PLEOVA,Pleonotoma,variabilis,Bignoniaceae,1,Panama Pacifico
PPPLEOVA5,PLEOVA,Pleonotoma,variabilis,Bignoniaceae,1,Panama Pacifico
PPPLEOVA6,PLEOVA,Pleonotoma,variabilis,Bignoniaceae,1,Panama Pacifico
PPMARTOB1,MARTOB,Martinella,obovata,Bignoniaceae,1,Panama Pacifico
PPMARTOB2,MARTOB,Martinella,obovata,Bignoniaceae,1,Panama Pacifico
PPMARTOB3,MARTOB,Martinella,obovata,Bignoniaceae,1,Panama Pacifico
PPMARTOB4,MARTOB,Martinella,obovata,Bignoniaceae,1,Panama Pacifico
PPMARTOB5,MARTOB,Martinella,obovata,Bignoniaceae,1,Panama Pacifico
PPMARTOB6,MARTOB,Martinella,obovata,Bignoniaceae,1,Panama Pacifico
PPARRAFL1,ARRAFL,Arrabidaea,florida,Bignoniaceae,1,Panama Pacifico
PPARRAFL2,ARRAFL,Arrabidaea,florida,Bignoniaceae,1,Panama Pacifico
PPARRAFL3,ARRAFL,Arrabidaea,florida,Bignoniaceae,1,Panama Pacifico
PPARRAFL4,ARRAFL,Arrabidaea,florida,Bignoniaceae,1,Panama Pacifico
PPARRAFL5,ARRAFL,Arrabidaea,florida,Bignoniaceae,1,Panama Pacifico
PPARRAFL6,ARRAFL,Arrabidaea,florida,Bignoniaceae,1,Panama Pacifico
PMPAR1PY1,PAR1PY,Paragonia,pyramidata,Bignoniaceae,1,Metropolitano
PMPAR1PY2,PAR1PY,Paragonia,pyramidata,Bignoniaceae,1,Metropolitano
PMPAR1PY3,PAR1PY,Paragonia,pyramidata,Bignoniaceae,1,Metropolitano
PMPAR1PY4,PAR1PY,Paragonia,pyramidata,Bignoniaceae,1,Metropolitano
PMPAR1PY5,PAR1PY,Paragonia,pyramidata,Bignoniaceae,1,Metropolitano
PMPAR1PY6,PAR1PY,Paragonia,pyramidata,Bignoniaceae,1,Metropolitano
PMCALLLA1,CALLLA,Callichlamys,latifolia,Bignoniaceae,1,Metropolitano
PMCALLLA2,CALLLA,Callichlamys,latifolia,Bignoniaceae,1,Metropolitano
PMCALLLA3,CALLLA,Callichlamys,latifolia,Bignoniaceae,1,Metropolitano
PMCALLLA4,CALLLA,Callichlamys,latifolia,Bignoniaceae,1,Metropolitano
PMCALLLA5,CALLLA,Callichlamys,latifolia,Bignoniaceae,1,Metropolitano
PMCALLLA6,CALLLA,Callichlamys,latifolia,Bignoniaceae,1,Metropolitano
PMPHRYCO1,PHRYCO,Phryganocydia,corymbosa,Bignoniaceae,1,Metropolitano
PMPHRYCO2,PHRYCO,Phryganocydia,corymbosa,Bignoniaceae,1,Metropolitano
PMPHRYCO3,PHRYCO,Phryganocydia,corymbosa,Bignoniaceae,1,Metropolitano
PMPHRYCO4,PHRYCO,Phryganocydia,corymbosa,Bignoniaceae,1,Metropolitano
PMPHRYCO5,PHRYCO,Phryganocydia,corymbosa,Bignoniaceae,1,Metropolitano
PMPHRYCO6,PHRYCO,Phryganocydia,corymbosa,Bignoniaceae,1,Metropolitano
PMTYNNCR1,TYNNCR,Tynanthus,croatianus,Bignoniaceae,1,Metropolitano
PMTYNNCR2,TYNNCR,Tynanthus,croatianus,Bignoniaceae,1,Metropolitano
PMTYNNCR3,TYNNCR,Tynanthus,croatianus,Bignoniaceae,1,Metropolitano
PMTYNNCR4,TYNNCR,Tynanthus,croatianus,Bignoniaceae,1,Metropolitano
PMTYNNCR5,TYNNCR,Tynanthus,croatianus,Bignoniaceae,1,Metropolitano
PMTYNNCR6,TYNNCR,Tynanthus,croatianus,Bignoniaceae,1,Metropolitano
PMSTIZRI1,STIZRI,Stizophyllum,riparium,Bignoniaceae,1,Metropolitano
PMSTIZRI2,STIZRI,Stizophyllum,riparium,Bignoniaceae,1,Metropolitano
PMSTIZRI3,STIZRI,Stizophyllum,riparium,Bignoniaceae,1,Metropolitano
PMSTIZRI4,STIZRI,Stizophyllum,riparium,Bignoniaceae,1,Metropolitano
PMSTIZRI5,STIZRI,Stizophyllum,riparium,Bignoniaceae,1,Metropolitano
PMSTIZRI6,STIZRI,Stizophyllum,riparium,Bignoniaceae,1,Metropolitano
PMANEMOR1,ANEMOR,Anemopaegma,orbiculatum,Bignoniaceae,0,Metropolitano
PMANEMOR2,ANEMOR,Anemopaegma,orbiculatum,Bignoniaceae,0,Metropolitano
PMANEMOR3,ANEMOR,Anemopaegma,orbiculatum,Bignoniaceae,0,Metropolitano
PMANEMOR4,ANEMOR,Anemopaegma,orbiculatum,Bignoniaceae,0,Metropolitano
PMANEMOR5,ANEMOR,Anemopaegma,orbiculatum,Bignoniaceae,0,Metropolitano
PMANEMOR6,ANEMOR,Anemopaegma,orbiculatum,Bignoniaceae,0,Metropolitano
PMARRAVE1,ARRAVE,Arrabidaea,verrucosa,Bignoniaceae,1,Metropolitano
PMARRAVE2,ARRAVE,Arrabidaea,verrucosa,Bignoniaceae,1,Metropolitano
PMARRAVE3,ARRAVE,Arrabidaea,verrucosa,Bignoniaceae,1,Metropolitano
PMARRAVE4,ARRAVE,Arrabidaea,verrucosa,Bignoniaceae,1,Metropolitano
PMARRAVE5,ARRAVE,Arrabidaea,verrucosa,Bignoniaceae,1,Metropolitano
PMARRAVE6,ARRAVE,Arrabidaea,verrucosa,Bignoniaceae,1,Metropolitano
ANPHRYCO1,PHRYCO,Phryganocydia,corymbosa,Bignoniaceae,1,ANAM
ANPHRYCO2,PHRYCO,Phryganocydia,corymbosa,Bignoniaceae,1,ANAM
ANPHRYCO3,PHRYCO,Phryganocydia,corymbosa,Bignoniaceae,1,ANAM
ANPHRYCO4,PHRYCO,Phryganocydia,corymbosa,Bignoniaceae,1,ANAM
ANPHRYCO5,PHRYCO,Phryganocydia,corymbosa,Bignoniaceae,1,ANAM
ANPHRYCO6,PHRYCO,Phryganocydia,corymbosa,Bignoniaceae,1,ANAM
ANPLEOVA1,PLEOVA,Pleonotoma,variabilis,Bignoniaceae,1,ANAM
ANPLEOVA2,PLEOVA,Pleonotoma,variabilis,Bignoniaceae,1,ANAM
ANPLEOVA3,PLEOVA,Pleonotoma,variabilis,Bignoniaceae,1,ANAM
ANPLEOVA4,PLEOVA,Pleonotoma,variabilis,Bignoniaceae,1,ANAM
ANPLEOVA5,PLEOVA,Pleonotoma,variabilis,Bignoniaceae,1,ANAM
ANPLEOVA6,PLEOVA,Pleonotoma,variabilis,Bignoniaceae,1,ANAM
CHCALLLA1,CALLLA,Callichlamys,latifolia,Bignoniaceae,1,Charco
CHCALLLA2,CALLLA,Callichlamys,latifolia,Bignoniaceae,1,Charco
CHCALLLA3,CALLLA,Callichlamys,latifolia,Bignoniaceae,1,Charco
CHCALLLA4,CALLLA,Callichlamys,latifolia,Bignoniaceae,1,Charco
CHCALLLA5,CALLLA,Callichlamys,latifolia,Bignoniaceae,1,Charco
CHCALLLA6,CALLLA,Callichlamys,latifolia,Bignoniaceae,1,Charco
CHPHRYCO1,PHRYCO,Phryganocydia,corymbosa,Bignoniaceae,1,Charco
CHPHRYCO2,PHRYCO,Phryganocydia,corymbosa,Bignoniaceae,1,Charco
CHPHRYCO3,PHRYCO,Phryganocydia,corymbosa,Bignoniaceae,1,Charco
CHPHRYCO4,PHRYCO,Phryganocydia,corymbosa,Bignoniaceae,1,Charco
CHPHRYCO5,PHRYCO,Phryganocydia,corymbosa,Bignoniaceae,1,Charco
CHPHRYCO6,PHRYCO,Phryganocydia,corymbosa,Bignoniaceae,1,Charco
CHARRAFL1,ARRAFL,Arrabidaea,florida,Bignoniaceae,1,Charco
CHARRAFL2,ARRAFL,Arrabidaea,florida,Bignoniaceae,1,Charco
CHARRAFL3,ARRAFL,Arrabidaea,florida,Bignoniaceae,1,Charco
CHARRAFL4,ARRAFL,Arrabidaea,florida,Bignoniaceae,1,Charco
CHARRAFL5,ARRAFL,Arrabidaea,florida,Bignoniaceae,1,Charco
CHARRAFL6,ARRAFL,Arrabidaea,florida,Bignoniaceae,1,Charco
CHPAR1PY1,PAR1PY,Paragonia,pyramidata,Bignoniaceae,1,Charco
CHPAR1PY2,PAR1PY,Paragonia,pyramidata,Bignoniaceae,1,Charco
CHPAR1PY3,PAR1PY,Paragonia,pyramidata,Bignoniaceae,1,Charco
CHPAR1PY4,PAR1PY,Paragonia,pyramidata,Bignoniaceae,1,Charco
CHPAR1PY5,PAR1PY,Paragonia,pyramidata,Bignoniaceae,1,Charco
CHPAR1PY6,PAR1PY,Paragonia,pyramidata,Bignoniaceae,1,Charco
CHPLEOVA1,PLEOVA,Pleonotoma,variabilis,Bignoniaceae,1,Charco
CHPLEOVA2,PLEOVA,Pleonotoma,variabilis,Bignoniaceae,1,Charco
CHPLEOVA3,PLEOVA,Pleonotoma,variabilis,Bignoniaceae,1,Charco
CHPLEOVA4,PLEOVA,Pleonotoma,variabilis,Bignoniaceae,1,Charco
CHPLEOVA5,PLEOVA,Pleonotoma,variabilis,Bignoniaceae,1,Charco
CHPLEOVA6,PLEOVA,Pleonotoma,variabilis,Bignoniaceae,1,Charco
OLSTIZRI1,STIZRI,Stizophyllum,riparium,Bignoniaceae,1,Oleoducto
OLSTIZRI2,STIZRI,Stizophyllum,riparium,Bignoniaceae,1,Oleoducto
OLSTIZRI3,STIZRI,Stizophyllum,riparium,Bignoniaceae,1,Oleoducto
OLSTIZRI4,STIZRI,Stizophyllum,riparium,Bignoniaceae,1,Oleoducto
OLSTIZRI5,STIZRI,Stizophyllum,riparium,Bignoniaceae,1,Oleoducto
OLSTIZRI6,STIZRI,Stizophyllum,riparium,Bignoniaceae,1,Oleoducto
OLPAR1PY1,PAR1PY,Paragonia,pyramidata,Bignoniaceae,1,Oleoducto
OLPAR1PY2,PAR1PY,Paragonia,pyramidata,Bignoniaceae,1,Oleoducto
OLPAR1PY3,PAR1PY,Paragonia,pyramidata,Bignoniaceae,1,Oleoducto
OLPAR1PY4,PAR1PY,Paragonia,pyramidata,Bignoniaceae,1,Oleoducto
OLPAR1PY5,PAR1PY,Paragonia,pyramidata,Bignoniaceae,1,Oleoducto
OLPAR1PY6,PAR1PY,Paragonia,pyramidata,Bignoniaceae,1,Oleoducto
OLPHRYCO1,PHRYCO,Phryganocydia,corymbosa,Bignoniaceae,1,Oleoducto
OLPHRYCO2,PHRYCO,Phryganocydia,corymbosa,Bignoniaceae,1,Oleoducto
OLPHRYCO3,PHRYCO,Phryganocydia,corymbosa,Bignoniaceae,1,Oleoducto
OLPHRYCO4,PHRYCO,Phryganocydia,corymbosa,Bignoniaceae,1,Oleoducto
OLPHRYCO5,PHRYCO,Phryganocydia,corymbosa,Bignoniaceae,1,Oleoducto
OLPHRYCO6,PHRYCO,Phryganocydia,corymbosa,Bignoniaceae,1,Oleoducto
BVMANSKE1,MANSKE,Mansoa,kerere,Bignoniaceae,1,Buena Vista
BVMANSKE2,MANSKE,Mansoa,kerere,Bignoniaceae,1,Buena Vista
BVMANSKE3,MANSKE,Mansoa,kerere,Bignoniaceae,1,Buena Vista
BVMANSKE4,MANSKE,Mansoa,kerere,Bignoniaceae,1,Buena Vista
BVMANSKE5,MANSKE,Mansoa,kerere,Bignoniaceae,1,Buena Vista
BVMANSKE6,MANSKE,Mansoa,kerere,Bignoniaceae,1,Buena Vista
BVPHRYCO1,PHRYCO,Phryganocydia,corymbosa,Bignoniaceae,1,Buena Vista
BVPHRYCO2,PHRYCO,Phryganocydia,corymbosa,Bignoniaceae,1,Buena Vista
BVPHRYCO3,PHRYCO,Phryganocydia,corymbosa,Bignoniaceae,1,Buena Vista
BVPHRYCO4,PHRYCO,Phryganocydia,corymbosa,Bignoniaceae,1,Buena Vista
BVPHRYCO5,PHRYCO,Phryganocydia,corymbosa,Bignoniaceae,1,Buena Vista
BVPHRYCO6,PHRYCO,Phryganocydia,corymbosa,Bignoniaceae,1,Buena Vista
BVMACFUN1,MACFUN,Macfadyena,unguis-cati,Bignoniaceae,1,Buena Vista
BVMACFUN2,MACFUN,Macfadyena,unguis-cati,Bignoniaceae,1,Buena Vista
BVMACFUN3,MACFUN,Macfadyena,unguis-cati,Bignoniaceae,1,Buena Vista
BVMACFUN4,MACFUN,Macfadyena,unguis-cati,Bignoniaceae,1,Buena Vista
BVMACFUN5,MACFUN,Macfadyena,unguis-cati,Bignoniaceae,1,Buena Vista
BVMACFUN6,MACFUN,Macfadyena,unguis-cati,Bignoniaceae,1,Buena Vista
BVPLEOVA1,PLEOVA,Pleonotoma,variabilis,Bignoniaceae,1,Buena Vista
BVPLEOVA2,PLEOVA,Pleonotoma,variabilis,Bignoniaceae,1,Buena Vista
BVPLEOVA3,PLEOVA,Pleonotoma,variabilis,Bignoniaceae,1,Buena Vista
BVPLEOVA4,PLEOVA,Pleonotoma,variabilis,Bignoniaceae,1,Buena Vista
BVPLEOVA5,PLEOVA,Pleonotoma,variabilis,Bignoniaceae,1,Buena Vista
BVPLEOVA6,PLEOVA,Pleonotoma,variabilis,Bignoniaceae,1,Buena Vista
SRCLYTBI1,CLYTBI,Clytostoma,binatum,Bignoniaceae,1,Santa Rita
SRCLYTBI2,CLYTBI,Clytostoma,binatum,Bignoniaceae,1,Santa Rita
SRCLYTBI3,CLYTBI,Clytostoma,binatum,Bignoniaceae,1,Santa Rita
SRCLYTBI4,CLYTBI,Clytostoma,binatum,Bignoniaceae,1,Santa Rita
SRCLYTBI5,CLYTBI,Clytostoma,binatum,Bignoniaceae,1,Santa Rita
SRCLYTBI6,CLYTBI,Clytostoma,binatum,Bignoniaceae,1,Santa Rita
BAR0376,PHRYCO,Bignonia,Bignonia corymbosa,Bignoniaceae,1,BAR
BAR0378,PHRYCO,Bignonia,Bignonia corymbosa,Bignoniaceae,1,BAR
BAR0388,PHRYCO,Bignonia,Bignonia corymbosa,Bignoniaceae,1,BAR
BAR0389,PHRYCO,Bignonia,Bignonia corymbosa,Bignoniaceae,1,BAR
BAR0393,PHRYCO,Bignonia,Bignonia corymbosa,Bignoniaceae,1,BAR
BAR0439,PHRYCO,Bignonia,Bignonia corymbosa,Bignoniaceae,1,BAR
BAR0454,PHRYCO,Bignonia,Bignonia corymbosa,Bignoniaceae,1,BAR
BAR0469,PHRYCO,Bignonia,Bignonia corymbosa,Bignoniaceae,1,BAR
BAR0512,PHRYCO,Bignonia,Bignonia corymbosa,Bignoniaceae,1,BAR
BAR0514,PHRYCO,Bignonia,Bignonia corymbosa,Bignoniaceae,1,BAR
BAR0519,PHRYCO,Bignonia,Bignonia corymbosa,Bignoniaceae,1,BAR
BAR0575,PHRYCO,Bignonia,Bignonia corymbosa,Bignoniaceae,1,BAR
BAR0577,PHRYCO,Bignonia,Bignonia corymbosa,Bignoniaceae,1,BAR
BAR0579,PHRYCO,Bignonia,Bignonia corymbosa,Bignoniaceae,1,BAR
SHCORDBI1,CORDBI,Cordia,bicolor,Boraginaceae,0,Sherman
SHCORDBI2,CORDBI,Cordia,bicolor,Boraginaceae,0,Sherman
SHCORDBI3,CORDBI,Cordia,bicolor,Boraginaceae,0,Sherman
SHCORDBI4,CORDBI,Cordia,bicolor,Boraginaceae,0,Sherman
SHCORDBI5,CORDBI,Cordia,bicolor,Boraginaceae,0,Sherman
SHCORDBI6,CORDBI,Cordia,bicolor,Boraginaceae,0,Sherman
PPPROTTE1,PROTTE,Protium,tenuifolium,Burseraceae,0,Panama Pacifico
PPPROTTE2,PROTTE,Protium,tenuifolium,Burseraceae,0,Panama Pacifico
PPPROTTE3,PROTTE,Protium,tenuifolium,Burseraceae,0,Panama Pacifico
PPPROTTE4,PROTTE,Protium,tenuifolium,Burseraceae,0,Panama Pacifico
PPPROTTE5,PROTTE,Protium,tenuifolium,Burseraceae,0,Panama Pacifico
PPPROTTE6,PROTTE,Protium,tenuifolium,Burseraceae,0,Panama Pacifico
CHPROTTE1,PROTTE,Protium,tenuifolium,Burseraceae,0,Charco
CHPROTTE2,PROTTE,Protium,tenuifolium,Burseraceae,0,Charco
CHPROTTE3,PROTTE,Protium,tenuifolium,Burseraceae,0,Charco
CHPROTTE4,PROTTE,Protium,tenuifolium,Burseraceae,0,Charco
CHPROTTE5,PROTTE,Protium,tenuifolium,Burseraceae,0,Charco
CHPROTTE6,PROTTE,Protium,tenuifolium,Burseraceae,0,Charco
OLPROTTE1,PROTTE,Protium,tenuifolium,Burseraceae,0,Oleoducto
OLPROTTE2,PROTTE,Protium,tenuifolium,Burseraceae,0,Oleoducto
OLPROTTE3,PROTTE,Protium,tenuifolium,Burseraceae,0,Oleoducto
OLPROTTE4,PROTTE,Protium,tenuifolium,Burseraceae,0,Oleoducto
OLPROTTE5,PROTTE,Protium,tenuifolium,Burseraceae,0,Oleoducto
OLPROTTE6,PROTTE,Protium,tenuifolium,Burseraceae,0,Oleoducto
OLTET2PA1,TET2PA,Tetragastris,panamensis,Burseraceae,0,Oleoducto
OLTET2PA2,TET2PA,Tetragastris,panamensis,Burseraceae,0,Oleoducto
OLTET2PA3,TET2PA,Tetragastris,panamensis,Burseraceae,0,Oleoducto
OLTET2PA4,TET2PA,Tetragastris,panamensis,Burseraceae,0,Oleoducto
OLTET2PA5,TET2PA,Tetragastris,panamensis,Burseraceae,0,Oleoducto
OLTET2PA6,TET2PA,Tetragastris,panamensis,Burseraceae,0,Oleoducto
BVTET2PA1,TET2PA,Tetragastris,panamensis,Burseraceae,0,Buena Vista
BVTET2PA2,TET2PA,Tetragastris,panamensis,Burseraceae,0,Buena Vista
BVTET2PA3,TET2PA,Tetragastris,panamensis,Burseraceae,0,Buena Vista
BVTET2PA4,TET2PA,Tetragastris,panamensis,Burseraceae,0,Buena Vista
BVTET2PA5,TET2PA,Tetragastris,panamensis,Burseraceae,0,Buena Vista
BVTET2PA6,TET2PA,Tetragastris,panamensis,Burseraceae,0,Buena Vista
BVPROTTE1,PROTTE,Protium,tenuifolium,Burseraceae,0,Buena Vista
BVPROTTE2,PROTTE,Protium,tenuifolium,Burseraceae,0,Buena Vista
BVPROTTE3,PROTTE,Protium,tenuifolium,Burseraceae,0,Buena Vista
BVPROTTE4,PROTTE,Protium,tenuifolium,Burseraceae,0,Buena Vista
BVPROTTE5,PROTTE,Protium,tenuifolium,Burseraceae,0,Buena Vista
BVPROTTE6,PROTTE,Protium,tenuifolium,Burseraceae,0,Buena Vista
BVPROTPA1,PROTPA,Protium,panamense,Burseraceae,0,Buena Vista
BVPROTPA2,PROTPA,Protium,panamense,Burseraceae,0,Buena Vista
BVPROTPA3,PROTPA,Protium,panamense,Burseraceae,0,Buena Vista
BVPROTPA4,PROTPA,Protium,panamense,Burseraceae,0,Buena Vista
BVPROTPA5,PROTPA,Protium,panamense,Burseraceae,0,Buena Vista
BVPROTPA6,PROTPA,Protium,panamense,Burseraceae,0,Buena Vista
SHPROTPA1,PROTPA,Protium,panamense,Burseraceae,0,Sherman
SHPROTPA2,PROTPA,Protium,panamense,Burseraceae,0,Sherman
SHPROTPA3,PROTPA,Protium,panamense,Burseraceae,0,Sherman
SHPROTPA4,PROTPA,Protium,panamense,Burseraceae,0,Sherman
SHPROTPA5,PROTPA,Protium,panamense,Burseraceae,0,Sherman
SHPROTPA6,PROTPA,Protium,panamense,Burseraceae,0,Sherman
BAR0001,TET2PA,Tetragastris,Tetragastris panamensis,Burseraceae,0,BAR
BAR0002,TET2PA,Tetragastris,Tetragastris panamensis,Burseraceae,0,BAR
BAR0003,TET2PA,Tetragastris,Tetragastris panamensis,Burseraceae,0,BAR
BAR0004,TET2PA,Tetragastris,Tetragastris panamensis,Burseraceae,0,BAR
BAR0006,TET2PA,Tetragastris,Tetragastris panamensis,Burseraceae,0,BAR
BAR0010,TET2PA,Tetragastris,Tetragastris panamensis,Burseraceae,0,BAR
BAR0014,TET2PA,Tetragastris,Tetragastris panamensis,Burseraceae,0,BAR
BAR0015,TET2PA,Tetragastris,Tetragastris panamensis,Burseraceae,0,BAR
BAR0016,TET2PA,Tetragastris,Tetragastris panamensis,Burseraceae,0,BAR
BAR0017,TET2PA,Tetragastris,Tetragastris panamensis,Burseraceae,0,BAR
BAR0019,TET2PA,Tetragastris,Tetragastris panamensis,Burseraceae,0,BAR
BAR0020,TET2PA,Tetragastris,Tetragastris panamensis,Burseraceae,0,BAR
BAR0021,TET2PA,Tetragastris,Tetragastris panamensis,Burseraceae,0,BAR
BAR0022,TET2PA,Tetragastris,Tetragastris panamensis,Burseraceae,0,BAR
BAR0029,TET2PA,Tetragastris,Tetragastris panamensis,Burseraceae,0,BAR
BAR0032,TET2PA,Tetragastris,Tetragastris panamensis,Burseraceae,0,BAR
BAR0035,TET2PA,Tetragastris,Tetragastris panamensis,Burseraceae,0,BAR
BAR0036,TET2PA,Tetragastris,Tetragastris panamensis,Burseraceae,0,BAR
BAR0037,TET2PA,Tetragastris,Tetragastris panamensis,Burseraceae,0,BAR
BAR0038,TET2PA,Tetragastris,Tetragastris panamensis,Burseraceae,0,BAR
BAR0041,TET2PA,Tetragastris,Tetragastris panamensis,Burseraceae,0,BAR
BAR0046,TET2PA,Tetragastris,Tetragastris panamensis,Burseraceae,0,BAR
BAR0054,TET2PA,Tetragastris,Tetragastris panamensis,Burseraceae,0,BAR
BAR0056,TET2PA,Tetragastris,Tetragastris panamensis,Burseraceae,0,BAR
BAR0057,TET2PA,Tetragastris,Tetragastris panamensis,Burseraceae,0,BAR
BAR0065,PROTTE,Protium,Protium tenuifolium,Burseraceae,0,BAR
BAR0084,PROTTE,Protium,Protium tenuifolium,Burseraceae,0,BAR
BAR0106,PROTPA,Protium,Protium panamense,Burseraceae,0,BAR
BAR0176,PROTPA,Protium,Protium panamense,Burseraceae,0,BAR
BAR0178,PROTTE,Protium,Protium tenuifolium,Burseraceae,0,BAR
BAR0179,PROTTE,Protium,Protium tenuifolium,Burseraceae,0,BAR
BAR0186,PROTTE,Protium,Protium tenuifolium,Burseraceae,0,BAR
BAR0187,PROTTE,Protium,Protium tenuifolium,Burseraceae,0,BAR
BAR0188,PROTTE,Protium,Protium tenuifolium,Burseraceae,0,BAR
BAR0190,PROTTE,Protium,Protium tenuifolium,Burseraceae,0,BAR
BAR0194,PROTTE,Protium,Protium tenuifolium,Burseraceae,0,BAR
BAR0217,PROTPA,Protium,Protium panamense,Burseraceae,0,BAR
BAR0227,PROTPA,Protium,Protium panamense,Burseraceae,0,BAR
BAR0245,PROTPA,Protium,Protium panamense,Burseraceae,0,BAR
BAR0250,PROTPA,Protium,Protium panamense,Burseraceae,0,BAR
BAR0265,PROTPA,Protium,Protium panamense,Burseraceae,0,BAR
BAR0280,PROTTE,Protium,Protium tenuifolium,Burseraceae,0,BAR
BAR0314,PROTPA,Protium,Protium panamense,Burseraceae,0,BAR
BAR0321,PROTTE,Protium,Protium tenuifolium,Burseraceae,0,BAR
BAR0326,PROTTE,Protium,Protium tenuifolium,Burseraceae,0,BAR
BAR0365,PROTPA,Protium,Protium panamense,Burseraceae,0,BAR
BAR0437,PROTPA,Protium,Protium panamense,Burseraceae,0,BAR
BAR0442,TET2PA,Tetragastris,Tetragastris panamensis,Burseraceae,0,BAR
BAR0445,TET2PA,Tetragastris,Tetragastris panamensis,Burseraceae,0,BAR
BAR0451,TET2PA,Tetragastris,Tetragastris panamensis,Burseraceae,0,BAR
BAR0452,PROTPA,Protium,Protium panamense,Burseraceae,0,BAR
BAR0455,PROTPA,Protium,Protium panamense,Burseraceae,0,BAR
BAR0465,PROTPA,Protium,Protium panamense,Burseraceae,0,BAR
BAR0467,PROTTE,Protium,Protium tenuifolium,Burseraceae,0,BAR
BAR0534,PROTTE,Protium,Protium tenuifolium,Burseraceae,0,BAR
BAR0541,PROTPA,Protium,Protium panamense,Burseraceae,0,BAR
BAR0545,PROTPA,Protium,Protium panamense,Burseraceae,0,BAR
BAR0549,PROTPA,Protium,Protium panamense,Burseraceae,0,BAR
BAR0554,TET2PA,Tetragastris,Tetragastris panamensis,Burseraceae,0,BAR
BAR0556,TET2PA,Tetragastris,Tetragastris panamensis,Burseraceae,0,BAR
BAR0557,TET2PA,Tetragastris,Tetragastris panamensis,Burseraceae,0,BAR
BAR0563,PROTPA,Protium,Protium panamense,Burseraceae,0,BAR
BAR0567,PROTPA,Protium,Protium panamense,Burseraceae,0,BAR
BAR0569,PROTTE,Protium,Protium tenuifolium,Burseraceae,0,BAR
BAR0570,PROTPA,Protium,Protium panamense,Burseraceae,0,BAR
BAR0585,PROTPA,Protium,Protium panamense,Burseraceae,0,BAR
BAR0589,PROTPA,Protium,Protium panamense,Burseraceae,0,BAR
BAR0590,PROTTE,Protium,Protium tenuifolium,Burseraceae,0,BAR
PEA0077,PROTTE,Protium,Protium tenuifolium,Burseraceae,0,PEA
PEA0120,PROTTE,Protium,Protium tenuifolium,Burseraceae,0,PEA
PEA0123,PROTTE,Protium,Protium tenuifolium,Burseraceae,0,PEA
PEA0130,PROTTE,Protium,Protium tenuifolium,Burseraceae,0,PEA
PEA0131,PROTTE,Protium,Protium tenuifolium,Burseraceae,0,PEA
PEA0161,PROTTE,Protium,Protium tenuifolium,Burseraceae,0,PEA
PEA0201,PROTTE,Protium,Protium tenuifolium,Burseraceae,0,PEA
PEA0218,PROTTE,Protium,Protium tenuifolium,Burseraceae,0,PEA
PEA0223,PROTTE,Protium,Protium tenuifolium,Burseraceae,0,PEA
PEA0238,TET2PA,Tetragastris,Tetragastris panamensis,Burseraceae,0,PEA
PEA0239,TET2PA,Tetragastris,Tetragastris panamensis,Burseraceae,0,PEA
PEA0240,TET2PA,Tetragastris,Tetragastris panamensis,Burseraceae,0,PEA
PEA0241,TET2PA,Tetragastris,Tetragastris panamensis,Burseraceae,0,PEA
PEA0242,TET2PA,Tetragastris,Tetragastris panamensis,Burseraceae,0,PEA
PEA0243,TET2PA,Tetragastris,Tetragastris panamensis,Burseraceae,0,PEA
PEA0245,TET2PA,Tetragastris,Tetragastris panamensis,Burseraceae,0,PEA
PEA0246,TET2PA,Tetragastris,Tetragastris panamensis,Burseraceae,0,PEA
PEA0247,TET2PA,Tetragastris,Tetragastris panamensis,Burseraceae,0,PEA
PEA0273,PROTTE,Protium,Protium tenuifolium,Burseraceae,0,PEA
PEA0277,TET2PA,Tetragastris,Tetragastris panamensis,Burseraceae,0,PEA
PEA0280,TET2PA,Tetragastris,Tetragastris panamensis,Burseraceae,0,PEA
PEA0281,TET2PA,Tetragastris,Tetragastris panamensis,Burseraceae,0,PEA
PEA0282,TET2PA,Tetragastris,Tetragastris panamensis,Burseraceae,0,PEA
PEA0283,TET2PA,Tetragastris,Tetragastris panamensis,Burseraceae,0,PEA
PEA0284,TET2PA,Tetragastris,Tetragastris panamensis,Burseraceae,0,PEA
PEA0285,TET2PA,Tetragastris,Tetragastris panamensis,Burseraceae,0,PEA
PEA0286,TET2PA,Tetragastris,Tetragastris panamensis,Burseraceae,0,PEA
PEA0287,TET2PA,Tetragastris,Tetragastris panamensis,Burseraceae,0,PEA
PEA0288,TET2PA,Tetragastris,Tetragastris panamensis,Burseraceae,0,PEA
PEA0289,TET2PA,Tetragastris,Tetragastris panamensis,Burseraceae,0,PEA
PEA0290,TET2PA,Tetragastris,Tetragastris panamensis,Burseraceae,0,PEA
PEA0291,TET2PA,Tetragastris,Tetragastris panamensis,Burseraceae,0,PEA
PEA0292,TET2PA,Tetragastris,Tetragastris panamensis,Burseraceae,0,PEA
PEA0317,PROTTE,Protium,Protium tenuifolium,Burseraceae,0,PEA
PEA0324,TET2PA,Tetragastris,Tetragastris panamensis,Burseraceae,0,PEA
PEA0325,TET2PA,Tetragastris,Tetragastris panamensis,Burseraceae,0,PEA
PEA0326,TET2PA,Tetragastris,Tetragastris panamensis,Burseraceae,0,PEA
PEA0327,TET2PA,Tetragastris,Tetragastris panamensis,Burseraceae,0,PEA
PEA0328,TET2PA,Tetragastris,Tetragastris panamensis,Burseraceae,0,PEA
PEA0343,TET2PA,Tetragastris,Tetragastris panamensis,Burseraceae,0,PEA
PEA0344,TET2PA,Tetragastris,Tetragastris panamensis,Burseraceae,0,PEA
PEA0347,TET2PA,Tetragastris,Tetragastris panamensis,Burseraceae,0,PEA
PEA0349,TET2PA,Tetragastris,Tetragastris panamensis,Burseraceae,0,PEA
PEA0350,TET2PA,Tetragastris,Tetragastris panamensis,Burseraceae,0,PEA
PEA0382,PROTTE,Protium,Protium tenuifolium,Burseraceae,0,PEA
PMCAPPIN1,CAPPIN,Capparis,indica,Capparaceae,0,Metropolitano
PMCAPPIN2,CAPPIN,Capparis,indica,Capparaceae,0,Metropolitano
PMCAPPIN3,CAPPIN,Capparis,indica,Capparaceae,0,Metropolitano
PMCAPPIN4,CAPPIN,Capparis,indica,Capparaceae,0,Metropolitano
PMCAPPIN5,CAPPIN,Capparis,indica,Capparaceae,0,Metropolitano
PMCAPPIN6,CAPPIN,Capparis,indica,Capparaceae,0,Metropolitano
BAR0018,CAPPFR,Capparidastrum,Capparidastrum frondosum,Capparaceae,0,BAR
BAR0024,CAPPFR,Capparidastrum,Capparidastrum frondosum,Capparaceae,0,BAR
BAR0030,CAPPFR,Capparidastrum,Capparidastrum frondosum,Capparaceae,0,BAR
BAR0031,CAPPFR,Capparidastrum,Capparidastrum frondosum,Capparaceae,0,BAR
BAR0050,CAPPFR,Capparidastrum,Capparidastrum frondosum,Capparaceae,0,BAR
BAR0058,CAPPFR,Capparidastrum,Capparidastrum frondosum,Capparaceae,0,BAR
BAR0066,CAPPFR,Capparidastrum,Capparidastrum frondosum,Capparaceae,0,BAR
BAR0067,CAPPFR,Capparidastrum,Capparidastrum frondosum,Capparaceae,0,BAR
BAR0202,CAPPFR,Capparidastrum,Capparidastrum frondosum,Capparaceae,0,BAR
BAR0203,CAPPFR,Capparidastrum,Capparidastrum frondosum,Capparaceae,0,BAR
BAR0210,CAPPFR,Capparidastrum,Capparidastrum frondosum,Capparaceae,0,BAR
BAR0211,CAPPFR,Capparidastrum,Capparidastrum frondosum,Capparaceae,0,BAR
BAR0212,CAPPFR,Capparidastrum,Capparidastrum frondosum,Capparaceae,0,BAR
BAR0275,CAPPFR,Capparidastrum,Capparidastrum frondosum,Capparaceae,0,BAR
BAR0276,CAPPFR,Capparidastrum,Capparidastrum frondosum,Capparaceae,0,BAR
BAR0278,CAPPFR,Capparidastrum,Capparidastrum frondosum,Capparaceae,0,BAR
BAR0279,CAPPFR,Capparidastrum,Capparidastrum frondosum,Capparaceae,0,BAR
BAR0281,CAPPFR,Capparidastrum,Capparidastrum frondosum,Capparaceae,0,BAR
BAR0282,CAPPFR,Capparidastrum,Capparidastrum frondosum,Capparaceae,0,BAR
BAR0283,CAPPFR,Capparidastrum,Capparidastrum frondosum,Capparaceae,0,BAR
BAR0290,CAPPFR,Capparidastrum,Capparidastrum frondosum,Capparaceae,0,BAR
BAR0292,CAPPFR,Capparidastrum,Capparidastrum frondosum,Capparaceae,0,BAR
BAR0293,CAPPFR,Capparidastrum,Capparidastrum frondosum,Capparaceae,0,BAR
BAR0381,CAPPFR,Capparidastrum,Capparidastrum frondosum,Capparaceae,0,BAR
BAR0382,CAPPFR,Capparidastrum,Capparidastrum frondosum,Capparaceae,0,BAR
BAR0384,CAPPFR,Capparidastrum,Capparidastrum frondosum,Capparaceae,0,BAR
BAR0387,CAPPFR,Capparidastrum,Capparidastrum frondosum,Capparaceae,0,BAR
BAR0576,CAPPFR,Capparidastrum,Capparidastrum frondosum,Capparaceae,0,BAR
BAR0580,CAPPFR,Capparidastrum,Capparidastrum frondosum,Capparaceae,0,BAR
BAR0581,CAPPFR,Capparidastrum,Capparidastrum frondosum,Capparaceae,0,BAR
PEA0006,CAPPFR,Capparidastrum,Capparidastrum frondosum,Capparaceae,0,PEA
PEA0009,CAPPFR,Capparidastrum,Capparidastrum frondosum,Capparaceae,0,PEA
PEA0029,CAPPFR,Capparidastrum,Capparidastrum frondosum,Capparaceae,0,PEA
PEA0104,CAPPFR,Capparidastrum,Capparidastrum frondosum,Capparaceae,0,PEA
PEA0109,CAPPFR,Capparidastrum,Capparidastrum frondosum,Capparaceae,0,PEA
PEA0122,CAPPFR,Capparidastrum,Capparidastrum frondosum,Capparaceae,0,PEA
PEA0184,CAPPFR,Capparidastrum,Capparidastrum frondosum,Capparaceae,0,PEA
PEA0220,CAPPFR,Capparidastrum,Capparidastrum frondosum,Capparaceae,0,PEA
PEA0261,CAPPFR,Capparidastrum,Capparidastrum frondosum,Capparaceae,0,PEA
PEA0262,CAPPFR,Capparidastrum,Capparidastrum frondosum,Capparaceae,0,PEA
PEA0296,CAPPFR,Capparidastrum,Capparidastrum frondosum,Capparaceae,0,PEA
PEA0301,CAPPFR,Capparidastrum,Capparidastrum frondosum,Capparaceae,0,PEA
PEA0304,CAPPFR,Capparidastrum,Capparidastrum frondosum,Capparaceae,0,PEA
PEA0371,CAPPFR,Capparidastrum,Capparidastrum frondosum,Capparaceae,0,PEA
PEA0383,CAPPFR,Capparidastrum,Capparidastrum frondosum,Capparaceae,0,PEA
BVMAYTSC1,MAYTSC,Maytenus,schippii,Celastraceae,0,Buena Vista
BVMAYTSC2,MAYTSC,Maytenus,schippii,Celastraceae,0,Buena Vista
BVMAYTSC3,MAYTSC,Maytenus,schippii,Celastraceae,0,Buena Vista
BVMAYTSC4,MAYTSC,Maytenus,schippii,Celastraceae,0,Buena Vista
BVMAYTSC5,MAYTSC,Maytenus,schippii,Celastraceae,0,Buena Vista
BVMAYTSC6,MAYTSC,Maytenus,schippii,Celastraceae,0,Buena Vista
BAR0081,PRI1AS,Prionostemma,Prionostemma asperum,Celastraceae,1,BAR
BAR0088,PRI1AS,Prionostemma,Prionostemma asperum,Celastraceae,1,BAR
BAR0103,PRI1AS,Prionostemma,Prionostemma asperum,Celastraceae,1,BAR
BAR0104,PRI1AS,Prionostemma,Prionostemma asperum,Celastraceae,1,BAR
BAR0111,HYLEPR,Hylenaea,Hylenaea praecelsa,Celastraceae,1,BAR
BAR0112,HYLEPR,Hylenaea,Hylenaea praecelsa,Celastraceae,1,BAR
BAR0113,HYLEPR,Hylenaea,Hylenaea praecelsa,Celastraceae,1,BAR
BAR0114,HYLEPR,Hylenaea,Hylenaea praecelsa,Celastraceae,1,BAR
BAR0115,HYLEPR,Hylenaea,Hylenaea praecelsa,Celastraceae,1,BAR
BAR0116,HYLEPR,Hylenaea,Hylenaea praecelsa,Celastraceae,1,BAR
BAR0119,PRI1AS,Prionostemma,Prionostemma asperum,Celastraceae,1,BAR
BAR0133,PRI1AS,Prionostemma,Prionostemma asperum,Celastraceae,1,BAR
BAR0139,PRI1AS,Prionostemma,Prionostemma asperum,Celastraceae,1,BAR
BAR0167,HYLEPR,Hylenaea,Hylenaea praecelsa,Celastraceae,1,BAR
BAR0168,HYLEPR,Hylenaea,Hylenaea praecelsa,Celastraceae,1,BAR
BAR0169,HYLEPR,Hylenaea,Hylenaea praecelsa,Celastraceae,1,BAR
BAR0170,HYLEPR,Hylenaea,Hylenaea praecelsa,Celastraceae,1,BAR
BAR0171,HYLEPR,Hylenaea,Hylenaea praecelsa,Celastraceae,1,BAR
BAR0172,HYLEPR,Hylenaea,Hylenaea praecelsa,Celastraceae,1,BAR
BAR0173,HYLEPR,Hylenaea,Hylenaea praecelsa,Celastraceae,1,BAR
BAR0214,PRI1AS,Prionostemma,Prionostemma asperum,Celastraceae,1,BAR
BAR0223,PRI1AS,Prionostemma,Prionostemma asperum,Celastraceae,1,BAR
BAR0224,PRI1AS,Prionostemma,Prionostemma asperum,Celastraceae,1,BAR
BAR0234,PRI1AS,Prionostemma,Prionostemma asperum,Celastraceae,1,BAR
BAR0236,PRI1AS,Prionostemma,Prionostemma asperum,Celastraceae,1,BAR
BAR0260,PRI1AS,Prionostemma,Prionostemma asperum,Celastraceae,1,BAR
BAR0267,PRI1AS,Prionostemma,Prionostemma asperum,Celastraceae,1,BAR
BAR0272,PRI1AS,Prionostemma,Prionostemma asperum,Celastraceae,1,BAR
BAR0285,PRI1AS,Prionostemma,Prionostemma asperum,Celastraceae,1,BAR
BAR0286,PRI1AS,Prionostemma,Prionostemma asperum,Celastraceae,1,BAR
BAR0305,PRI1AS,Prionostemma,Prionostemma asperum,Celastraceae,1,BAR
BAR0325,PRI1AS,Prionostemma,Prionostemma asperum,Celastraceae,1,BAR
BAR0464,PRI1AS,Prionostemma,Prionostemma asperum,Celastraceae,1,BAR
BAR0466,PRI1AS,Prionostemma,Prionostemma asperum,Celastraceae,1,BAR
BAR0474,HYLEPR,Hylenaea,Hylenaea praecelsa,Celastraceae,1,BAR
BAR0475,HYLEPR,Hylenaea,Hylenaea praecelsa,Celastraceae,1,BAR
BAR0476,HYLEPR,Hylenaea,Hylenaea praecelsa,Celastraceae,1,BAR
BAR0477,HYLEPR,Hylenaea,Hylenaea praecelsa,Celastraceae,1,BAR
BAR0478,HYLEPR,Hylenaea,Hylenaea praecelsa,Celastraceae,1,BAR
BAR0479,HYLEPR,Hylenaea,Hylenaea praecelsa,Celastraceae,1,BAR
BAR0480,HYLEPR,Hylenaea,Hylenaea praecelsa,Celastraceae,1,BAR
BAR0481,HYLEPR,Hylenaea,Hylenaea praecelsa,Celastraceae,1,BAR
BAR0482,HYLEPR,Hylenaea,Hylenaea praecelsa,Celastraceae,1,BAR
BAR0483,HYLEPR,Hylenaea,Hylenaea praecelsa,Celastraceae,1,BAR
BAR0484,HYLEPR,Hylenaea,Hylenaea praecelsa,Celastraceae,1,BAR
BAR0486,HYLEPR,Hylenaea,Hylenaea praecelsa,Celastraceae,1,BAR
BAR0487,HYLEPR,Hylenaea,Hylenaea praecelsa,Celastraceae,1,BAR
BAR0489,HYLEPR,Hylenaea,Hylenaea praecelsa,Celastraceae,1,BAR
BAR0490,HYLEPR,Hylenaea,Hylenaea praecelsa,Celastraceae,1,BAR
BAR0491,HYLEPR,Hylenaea,Hylenaea praecelsa,Celastraceae,1,BAR
BAR0492,HYLEPR,Hylenaea,Hylenaea praecelsa,Celastraceae,1,BAR
BAR0493,HYLEPR,Hylenaea,Hylenaea praecelsa,Celastraceae,1,BAR
BAR0494,HYLEPR,Hylenaea,Hylenaea praecelsa,Celastraceae,1,BAR
BAR0495,HYLEPR,Hylenaea,Hylenaea praecelsa,Celastraceae,1,BAR
BAR0496,HYLEPR,Hylenaea,Hylenaea praecelsa,Celastraceae,1,BAR
BAR0497,HYLEPR,Hylenaea,Hylenaea praecelsa,Celastraceae,1,BAR
BAR0524,PRI1AS,Prionostemma,Prionostemma asperum,Celastraceae,1,BAR
BAR0529,PRI1AS,Prionostemma,Prionostemma asperum,Celastraceae,1,BAR
BAR0530,PRI1AS,Prionostemma,Prionostemma asperum,Celastraceae,1,BAR
BAR0532,PRI1AS,Prionostemma,Prionostemma asperum,Celastraceae,1,BAR
BAR0552,PRI1AS,Prionostemma,Prionostemma asperum,Celastraceae,1,BAR
BAR0553,PRI1AS,Prionostemma,Prionostemma asperum,Celastraceae,1,BAR
BAR0555,PRI1AS,Prionostemma,Prionostemma asperum,Celastraceae,1,BAR
BAR0561,PRI1AS,Prionostemma,Prionostemma asperum,Celastraceae,1,BAR
BAR0562,PRI1AS,Prionostemma,Prionostemma asperum,Celastraceae,1,BAR
PEA0003,PRI1AS,Prionostemma,Prionostemma asperum,Celastraceae,1,PEA
PEA0021,PRI1AS,Prionostemma,Prionostemma asperum,Celastraceae,1,PEA
PEA0033,PRI1AS,Prionostemma,Prionostemma asperum,Celastraceae,1,PEA
PEA0036,PRI1AS,Prionostemma,Prionostemma asperum,Celastraceae,1,PEA
PEA0042,PRI1AS,Prionostemma,Prionostemma asperum,Celastraceae,1,PEA
PEA0043,PRI1AS,Prionostemma,Prionostemma asperum,Celastraceae,1,PEA
PEA0061,PRI1AS,Prionostemma,Prionostemma asperum,Celastraceae,1,PEA
PEA0071,PRI1AS,Prionostemma,Prionostemma asperum,Celastraceae,1,PEA
PEA0072,PRI1AS,Prionostemma,Prionostemma asperum,Celastraceae,1,PEA
PEA0074,PRI1AS,Prionostemma,Prionostemma asperum,Celastraceae,1,PEA
PEA0078,PRI1AS,Prionostemma,Prionostemma asperum,Celastraceae,1,PEA
PEA0088,PRI1AS,Prionostemma,Prionostemma asperum,Celastraceae,1,PEA
PEA0126,PRI1AS,Prionostemma,Prionostemma asperum,Celastraceae,1,PEA
PEA0134,PRI1AS,Prionostemma,Prionostemma asperum,Celastraceae,1,PEA
PEA0164,PRI1AS,Prionostemma,Prionostemma asperum,Celastraceae,1,PEA
PEA0198,PRI1AS,Prionostemma,Prionostemma asperum,Celastraceae,1,PEA
PEA0200,PRI1AS,Prionostemma,Prionostemma asperum,Celastraceae,1,PEA
PEA0267,PRI1AS,Prionostemma,Prionostemma asperum,Celastraceae,1,PEA
PEA0311,PRI1AS,Prionostemma,Prionostemma asperum,Celastraceae,1,PEA
PEA0312,PRI1AS,Prionostemma,Prionostemma asperum,Celastraceae,1,PEA
PEA0348,PRI1AS,Prionostemma,Prionostemma asperum,Celastraceae,1,PEA
PPHIRTAM1,HIRTAM,Hirtella,americana,Chrysobalanaceae,0,Panama Pacifico
PPHIRTAM2,HIRTAM,Hirtella,americana,Chrysobalanaceae,0,Panama Pacifico
PPHIRTAM3,HIRTAM,Hirtella,americana,Chrysobalanaceae,0,Panama Pacifico
PPHIRTAM4,HIRTAM,Hirtella,americana,Chrysobalanaceae,0,Panama Pacifico
PPHIRTAM5,HIRTAM,Hirtella,americana,Chrysobalanaceae,0,Panama Pacifico
PPHIRTAM6,HIRTAM,Hirtella,americana,Chrysobalanaceae,0,Panama Pacifico
PMHIRTRA1,HIRTRA,Hirtella,racemosa,Chrysobalanaceae,0,Metropolitano
PMHIRTRA2,HIRTRA,Hirtella,racemosa,Chrysobalanaceae,0,Metropolitano
PMHIRTRA3,HIRTRA,Hirtella,racemosa,Chrysobalanaceae,0,Metropolitano
PMHIRTRA4,HIRTRA,Hirtella,racemosa,Chrysobalanaceae,0,Metropolitano
PMHIRTRA5,HIRTRA,Hirtella,racemosa,Chrysobalanaceae,0,Metropolitano
PMHIRTRA6,HIRTRA,Hirtella,racemosa,Chrysobalanaceae,0,Metropolitano
ANHIRTRA1,HIRTRA,Hirtella,racemosa,Chrysobalanaceae,0,ANAM
ANHIRTRA2,HIRTRA,Hirtella,racemosa,Chrysobalanaceae,0,ANAM
ANHIRTRA3,HIRTRA,Hirtella,racemosa,Chrysobalanaceae,0,ANAM
ANHIRTRA4,HIRTRA,Hirtella,racemosa,Chrysobalanaceae,0,ANAM
ANHIRTRA5,HIRTRA,Hirtella,racemosa,Chrysobalanaceae,0,ANAM
ANHIRTRA6,HIRTRA,Hirtella,racemosa,Chrysobalanaceae,0,ANAM
ANHIRTAM1,HIRTAM,Hirtella,americana,Chrysobalanaceae,0,ANAM
ANHIRTAM2,HIRTAM,Hirtella,americana,Chrysobalanaceae,0,ANAM
ANHIRTAM3,HIRTAM,Hirtella,americana,Chrysobalanaceae,0,ANAM
ANHIRTAM4,HIRTAM,Hirtella,americana,Chrysobalanaceae,0,ANAM
ANHIRTAM5,HIRTAM,Hirtella,americana,Chrysobalanaceae,0,ANAM
ANHIRTAM6,HIRTAM,Hirtella,americana,Chrysobalanaceae,0,ANAM
OLHIRTTR1,HIRTTR,Hirtella,triandra,Chrysobalanaceae,0,Oleoducto
OLHIRTTR2,HIRTTR,Hirtella,triandra,Chrysobalanaceae,0,Oleoducto
OLHIRTTR3,HIRTTR,Hirtella,triandra,Chrysobalanaceae,0,Oleoducto
OLHIRTTR4,HIRTTR,Hirtella,triandra,Chrysobalanaceae,0,Oleoducto
OLHIRTTR5,HIRTTR,Hirtella,triandra,Chrysobalanaceae,0,Oleoducto
OLHIRTTR6,HIRTTR,Hirtella,triandra,Chrysobalanaceae,0,Oleoducto
SRLICAHY1,LICAHY,Licania,hypoleuca,Chrysobalanaceae,0,Santa Rita
SRLICAHY2,LICAHY,Licania,hypoleuca,Chrysobalanaceae,0,Santa Rita
SRLICAHY3,LICAHY,Licania,hypoleuca,Chrysobalanaceae,0,Santa Rita
SRLICAHY4,LICAHY,Licania,hypoleuca,Chrysobalanaceae,0,Santa Rita
SRLICAHY5,LICAHY,Licania,hypoleuca,Chrysobalanaceae,0,Santa Rita
SRLICAHY6,LICAHY,Licania,hypoleuca,Chrysobalanaceae,0,Santa Rita
SRLICAAF1,LICAAF,Licania,affinis,Chrysobalanaceae,0,Santa Rita
SRLICAAF2,LICAAF,Licania,affinis,Chrysobalanaceae,0,Santa Rita
SRLICAAF3,LICAAF,Licania,affinis,Chrysobalanaceae,0,Santa Rita
SRLICAAF4,LICAAF,Licania,affinis,Chrysobalanaceae,0,Santa Rita
SRLICAAF5,LICAAF,Licania,affinis,Chrysobalanaceae,0,Santa Rita
SRLICAAF6,LICAAF,Licania,affinis,Chrysobalanaceae,0,Santa Rita
SRHIRTRA1,HIRTRA,Hirtella,racemosa,Chrysobalanaceae,0,Santa Rita
SRHIRTRA2,HIRTRA,Hirtella,racemosa,Chrysobalanaceae,0,Santa Rita
SRHIRTRA3,HIRTRA,Hirtella,racemosa,Chrysobalanaceae,0,Santa Rita
SRHIRTRA4,HIRTRA,Hirtella,racemosa,Chrysobalanaceae,0,Santa Rita
SRHIRTRA5,HIRTRA,Hirtella,racemosa,Chrysobalanaceae,0,Santa Rita
SRHIRTRA6,HIRTRA,Hirtella,racemosa,Chrysobalanaceae,0,Santa Rita
SHHIRTRA1,HIRTRA,Hirtella,racemosa,Chrysobalanaceae,0,Sherman
SHHIRTRA2,HIRTRA,Hirtella,racemosa,Chrysobalanaceae,0,Sherman
SHHIRTRA3,HIRTRA,Hirtella,racemosa,Chrysobalanaceae,0,Sherman
SHHIRTRA4,HIRTRA,Hirtella,racemosa,Chrysobalanaceae,0,Sherman
SHHIRTRA5,HIRTRA,Hirtella,racemosa,Chrysobalanaceae,0,Sherman
SHHIRTRA6,HIRTRA,Hirtella,racemosa,Chrysobalanaceae,0,Sherman
ANVISMMA1,VISMMA,Vismia,macrophylla,Clusiaceae,0,ANAM
ANVISMMA2,VISMMA,Vismia,macrophylla,Clusiaceae,0,ANAM
ANVISMMA3,VISMMA,Vismia,macrophylla,Clusiaceae,0,ANAM
ANVISMMA4,VISMMA,Vismia,macrophylla,Clusiaceae,0,ANAM
ANVISMMA5,VISMMA,Vismia,macrophylla,Clusiaceae,0,ANAM
ANVISMMA6,VISMMA,Vismia,macrophylla,Clusiaceae,0,ANAM
BVCALOLO1,CALOLO,Calophyllum,longifolium,Clusiaceae,0,Buena Vista
BVCALOLO2,CALOLO,Calophyllum,longifolium,Clusiaceae,0,Buena Vista
BVCALOLO3,CALOLO,Calophyllum,longifolium,Clusiaceae,0,Buena Vista
BVCALOLO4,CALOLO,Calophyllum,longifolium,Clusiaceae,0,Buena Vista
BVCALOLO5,CALOLO,Calophyllum,longifolium,Clusiaceae,0,Buena Vista
BVCALOLO6,CALOLO,Calophyllum,longifolium,Clusiaceae,0,Buena Vista
SRTOVOLO1,TOVOLO,Tovomita,longifolia,Clusiaceae,0,Santa Rita
SRTOVOLO2,TOVOLO,Tovomita,longifolia,Clusiaceae,0,Santa Rita
SRTOVOLO3,TOVOLO,Tovomita,longifolia,Clusiaceae,0,Santa Rita
SRTOVOLO4,TOVOLO,Tovomita,longifolia,Clusiaceae,0,Santa Rita
SRTOVOLO5,TOVOLO,Tovomita,longifolia,Clusiaceae,0,Santa Rita
SRTOVOLO6,TOVOLO,Tovomita,longifolia,Clusiaceae,0,Santa Rita
SRSYMPGL1,SYMPGL,Symphonia,globulifera,Clusiaceae,0,Santa Rita
SRSYMPGL2,SYMPGL,Symphonia,globulifera,Clusiaceae,0,Santa Rita
SRSYMPGL3,SYMPGL,Symphonia,globulifera,Clusiaceae,0,Santa Rita
SRSYMPGL4,SYMPGL,Symphonia,globulifera,Clusiaceae,0,Santa Rita
SRSYMPGL5,SYMPGL,Symphonia,globulifera,Clusiaceae,0,Santa Rita
SRSYMPGL6,SYMPGL,Symphonia,globulifera,Clusiaceae,0,Santa Rita
SRTOVOST1,TOVOST,Tovomita,stylosa,Clusiaceae,0,Santa Rita
SRTOVOST2,TOVOST,Tovomita,stylosa,Clusiaceae,0,Santa Rita
SRTOVOST3,TOVOST,Tovomita,stylosa,Clusiaceae,0,Santa Rita
SRTOVOST4,TOVOST,Tovomita,stylosa,Clusiaceae,0,Santa Rita
SRTOVOST5,TOVOST,Tovomita,stylosa,Clusiaceae,0,Santa Rita
SRTOVOST6,TOVOST,Tovomita,stylosa,Clusiaceae,0,Santa Rita
SHTOVOLO1,TOVOLO,Tovomita,longifolia,Clusiaceae,0,Sherman
SHTOVOLO2,TOVOLO,Tovomita,longifolia,Clusiaceae,0,Sherman
SHTOVOLO3,TOVOLO,Tovomita,longifolia,Clusiaceae,0,Sherman
SHTOVOLO4,TOVOLO,Tovomita,longifolia,Clusiaceae,0,Sherman
SHTOVOLO5,TOVOLO,Tovomita,longifolia,Clusiaceae,0,Sherman
SHTOVOLO6,TOVOLO,Tovomita,longifolia,Clusiaceae,0,Sherman
SHTOVOST1,TOVOST,Tovomita,stylosa,Clusiaceae,0,Sherman
SHTOVOST2,TOVOST,Tovomita,stylosa,Clusiaceae,0,Sherman
SHTOVOST3,TOVOST,Tovomita,stylosa,Clusiaceae,0,Sherman
SHTOVOST4,TOVOST,Tovomita,stylosa,Clusiaceae,0,Sherman
SHTOVOST5,TOVOST,Tovomita,stylosa,Clusiaceae,0,Sherman
SHTOVOST6,TOVOST,Tovomita,stylosa,Clusiaceae,0,Sherman
SHCALOLO1,CALOLO,Calophyllum,longifolium,Clusiaceae,0,Sherman
SHCALOLO2,CALOLO,Calophyllum,longifolium,Clusiaceae,0,Sherman
SHCALOLO3,CALOLO,Calophyllum,longifolium,Clusiaceae,0,Sherman
SHCALOLO4,CALOLO,Calophyllum,longifolium,Clusiaceae,0,Sherman
SHCALOLO5,CALOLO,Calophyllum,longifolium,Clusiaceae,0,Sherman
SHCALOLO6,CALOLO,Calophyllum,longifolium,Clusiaceae,0,Sherman
PPTERMOB1,TERMOB,Terminalia,oblonga,Combretaceae,0,Panama Pacifico
PPTERMOB2,TERMOB,Terminalia,oblonga,Combretaceae,0,Panama Pacifico
PPTERMOB3,TERMOB,Terminalia,oblonga,Combretaceae,0,Panama Pacifico
PPTERMOB4,TERMOB,Terminalia,oblonga,Combretaceae,0,Panama Pacifico
PPTERMOB5,TERMOB,Terminalia,oblonga,Combretaceae,0,Panama Pacifico
PPTERMOB6,TERMOB,Terminalia,oblonga,Combretaceae,0,Panama Pacifico
PMCOMBDE1,COMBDE,Combretum,decandrum,Combretaceae,1,Metropolitano
PMCOMBDE2,COMBDE,Combretum,decandrum,Combretaceae,1,Metropolitano
PMCOMBDE3,COMBDE,Combretum,decandrum,Combretaceae,1,Metropolitano
PMCOMBDE4,COMBDE,Combretum,decandrum,Combretaceae,1,Metropolitano
PMCOMBDE5,COMBDE,Combretum,decandrum,Combretaceae,1,Metropolitano
PMCOMBDE6,COMBDE,Combretum,decandrum,Combretaceae,1,Metropolitano
PPCNESRU1,CNESRU,Cnestidium,rufescens,Connaraceae,1,Panama Pacifico
PPCNESRU2,CNESRU,Cnestidium,rufescens,Connaraceae,1,Panama Pacifico
PPCNESRU3,CNESRU,Cnestidium,rufescens,Connaraceae,1,Panama Pacifico
PPCNESRU4,CNESRU,Cnestidium,rufescens,Connaraceae,1,Panama Pacifico
PPCNESRU5,CNESRU,Cnestidium,rufescens,Connaraceae,1,Panama Pacifico
PPCNESRU6,CNESRU,Cnestidium,rufescens,Connaraceae,1,Panama Pacifico
PMCNESRU1,CNESRU,Cnestidium,rufescens,Connaraceae,1,Metropolitano
PMCNESRU2,CNESRU,Cnestidium,rufescens,Connaraceae,1,Metropolitano
PMCNESRU3,CNESRU,Cnestidium,rufescens,Connaraceae,1,Metropolitano
PMCNESRU4,CNESRU,Cnestidium,rufescens,Connaraceae,1,Metropolitano
PMCNESRU5,CNESRU,Cnestidium,rufescens,Connaraceae,1,Metropolitano
PMCNESRU6,CNESRU,Cnestidium,rufescens,Connaraceae,1,Metropolitano
ANCONNPA1,CONNPA,Connarus,panamensis,Connaraceae,1,ANAM
ANCONNPA2,CONNPA,Connarus,panamensis,Connaraceae,1,ANAM
ANCONNPA3,CONNPA,Connarus,panamensis,Connaraceae,1,ANAM
ANCONNPA4,CONNPA,Connarus,panamensis,Connaraceae,1,ANAM
ANCONNPA5,CONNPA,Connarus,panamensis,Connaraceae,1,ANAM
ANCONNPA6,CONNPA,Connarus,panamensis,Connaraceae,1,ANAM
ANCNESRU1,CNESRU,Cnestidium,rufescens,Connaraceae,1,ANAM
ANCNESRU2,CNESRU,Cnestidium,rufescens,Connaraceae,1,ANAM
ANCNESRU3,CNESRU,Cnestidium,rufescens,Connaraceae,1,ANAM
ANCNESRU4,CNESRU,Cnestidium,rufescens,Connaraceae,1,ANAM
ANCNESRU5,CNESRU,Cnestidium,rufescens,Connaraceae,1,ANAM
ANCNESRU6,CNESRU,Cnestidium,rufescens,Connaraceae,1,ANAM
CHCNESRU1,CNESRU,Cnestidium,rufescens,Connaraceae,1,Charco
CHCNESRU2,CNESRU,Cnestidium,rufescens,Connaraceae,1,Charco
CHCNESRU3,CNESRU,Cnestidium,rufescens,Connaraceae,1,Charco
CHCNESRU4,CNESRU,Cnestidium,rufescens,Connaraceae,1,Charco
CHCNESRU5,CNESRU,Cnestidium,rufescens,Connaraceae,1,Charco
CHCNESRU6,CNESRU,Cnestidium,rufescens,Connaraceae,1,Charco
BVCONNPA1,CONNPA,Connarus,panamensis,Connaraceae,1,Buena Vista
BVCONNPA2,CONNPA,Connarus,panamensis,Connaraceae,1,Buena Vista
BVCONNPA3,CONNPA,Connarus,panamensis,Connaraceae,1,Buena Vista
BVCONNPA4,CONNPA,Connarus,panamensis,Connaraceae,1,Buena Vista
BVCONNPA5,CONNPA,Connarus,panamensis,Connaraceae,1,Buena Vista
BVCONNPA6,CONNPA,Connarus,panamensis,Connaraceae,1,Buena Vista
BVCNESRU1,CNESRU,Cnestidium,rufescens,Connaraceae,1,Buena Vista
BVCNESRU2,CNESRU,Cnestidium,rufescens,Connaraceae,1,Buena Vista
BVCNESRU3,CNESRU,Cnestidium,rufescens,Connaraceae,1,Buena Vista
BVCNESRU4,CNESRU,Cnestidium,rufescens,Connaraceae,1,Buena Vista
BVCNESRU5,CNESRU,Cnestidium,rufescens,Connaraceae,1,Buena Vista
BVCNESRU6,CNESRU,Cnestidium,rufescens,Connaraceae,1,Buena Vista
BAR0033,CONNTU,Connarus,Connarus turczaninowii,Connaraceae,1,BAR
BAR0053,CNESRU,Cnestidium,Cnestidium rufescens,Connaraceae,1,BAR
BAR0063,CONNTU,Connarus,Connarus turczaninowii,Connaraceae,1,BAR
BAR0099,CNESRU,Cnestidium,Cnestidium rufescens,Connaraceae,1,BAR
BAR0101,CNESRU,Cnestidium,Cnestidium rufescens,Connaraceae,1,BAR
BAR0125,CONNTU,Connarus,Connarus turczaninowii,Connaraceae,1,BAR
BAR0127,CONNTU,Connarus,Connarus turczaninowii,Connaraceae,1,BAR
BAR0183,CONNTU,Connarus,Connarus turczaninowii,Connaraceae,1,BAR
BAR0199,CONNTU,Connarus,Connarus turczaninowii,Connaraceae,1,BAR
BAR0201,CONNTU,Connarus,Connarus turczaninowii,Connaraceae,1,BAR
BAR0204,CNESRU,Cnestidium,Cnestidium rufescens,Connaraceae,1,BAR
BAR0216,CONNTU,Connarus,Connarus turczaninowii,Connaraceae,1,BAR
BAR0226,CONNTU,Connarus,Connarus turczaninowii,Connaraceae,1,BAR
BAR0242,CNESRU,Cnestidium,Cnestidium rufescens,Connaraceae,1,BAR
BAR0246,CONNTU,Connarus,Connarus turczaninowii,Connaraceae,1,BAR
BAR0253,CONNTU,Connarus,Connarus turczaninowii,Connaraceae,1,BAR
BAR0254,CNESRU,Cnestidium,Cnestidium rufescens,Connaraceae,1,BAR
BAR0258,CONNTU,Connarus,Connarus turczaninowii,Connaraceae,1,BAR
BAR0259,CNESRU,Cnestidium,Cnestidium rufescens,Connaraceae,1,BAR
BAR0263,CONNTU,Connarus,Connarus turczaninowii,Connaraceae,1,BAR
BAR0284,CONNTU,Connarus,Connarus turczaninowii,Connaraceae,1,BAR
BAR0294,CONNTU,Connarus,Connarus turczaninowii,Connaraceae,1,BAR
BAR0295,CONNTU,Connarus,Connarus turczaninowii,Connaraceae,1,BAR
BAR0315,CONNTU,Connarus,Connarus turczaninowii,Connaraceae,1,BAR
BAR0322,CONNTU,Connarus,Connarus turczaninowii,Connaraceae,1,BAR
BAR0327,CONNTU,Connarus,Connarus turczaninowii,Connaraceae,1,BAR
BAR0328,CONNTU,Connarus,Connarus turczaninowii,Connaraceae,1,BAR
BAR0329,CNESRU,Cnestidium,Cnestidium rufescens,Connaraceae,1,BAR
BAR0336,CONNTU,Connarus,Connarus turczaninowii,Connaraceae,1,BAR
BAR0343,CONNTU,Connarus,Connarus turczaninowii,Connaraceae,1,BAR
BAR0366,CONNTU,Connarus,Connarus turczaninowii,Connaraceae,1,BAR
BAR0374,CONNTU,Connarus,Connarus turczaninowii,Connaraceae,1,BAR
BAR0375,CONNTU,Connarus,Connarus turczaninowii,Connaraceae,1,BAR
BAR0391,CONNTU,Connarus,Connarus turczaninowii,Connaraceae,1,BAR
BAR0418,CNESRU,Cnestidium,Cnestidium rufescens,Connaraceae,1,BAR
BAR0424,CNESRU,Cnestidium,Cnestidium rufescens,Connaraceae,1,BAR
BAR0433,CNESRU,Cnestidium,Cnestidium rufescens,Connaraceae,1,BAR
BAR0463,CONNTU,Connarus,Connarus turczaninowii,Connaraceae,1,BAR
BAR0468,CNESRU,Cnestidium,Cnestidium rufescens,Connaraceae,1,BAR
BAR0470,CNESRU,Cnestidium,Cnestidium rufescens,Connaraceae,1,BAR
BAR0500,CONNTU,Connarus,Connarus turczaninowii,Connaraceae,1,BAR
BAR0501,CONNTU,Connarus,Connarus turczaninowii,Connaraceae,1,BAR
BAR0539,CONNTU,Connarus,Connarus turczaninowii,Connaraceae,1,BAR
BAR0564,CNESRU,Cnestidium,Cnestidium rufescens,Connaraceae,1,BAR
PPMAR2PA1,MAR2PA,Maripa,panamensis,Convolvulaceae,1,Panama Pacifico
PPMAR2PA2,MAR2PA,Maripa,panamensis,Convolvulaceae,1,Panama Pacifico
PPMAR2PA3,MAR2PA,Maripa,panamensis,Convolvulaceae,1,Panama Pacifico
PPMAR2PA4,MAR2PA,Maripa,panamensis,Convolvulaceae,1,Panama Pacifico
PPMAR2PA5,MAR2PA,Maripa,panamensis,Convolvulaceae,1,Panama Pacifico
PPMAR2PA6,MAR2PA,Maripa,panamensis,Convolvulaceae,1,Panama Pacifico
PPBONATR1,BONATR,Bonamia,trichantha,Convolvulaceae,1,Panama Pacifico
PPBONATR2,BONATR,Bonamia,trichantha,Convolvulaceae,1,Panama Pacifico
PPBONATR3,BONATR,Bonamia,trichantha,Convolvulaceae,1,Panama Pacifico
PPBONATR4,BONATR,Bonamia,trichantha,Convolvulaceae,1,Panama Pacifico
PPBONATR5,BONATR,Bonamia,trichantha,Convolvulaceae,1,Panama Pacifico
PPBONATR6,BONATR,Bonamia,trichantha,Convolvulaceae,1,Panama Pacifico
PMBONATR1,BONATR,Bonamia,trichantha,Convolvulaceae,1,Metropolitano
PMBONATR2,BONATR,Bonamia,trichantha,Convolvulaceae,1,Metropolitano
PMBONATR3,BONATR,Bonamia,trichantha,Convolvulaceae,1,Metropolitano
PMBONATR4,BONATR,Bonamia,trichantha,Convolvulaceae,1,Metropolitano
PMBONATR5,BONATR,Bonamia,trichantha,Convolvulaceae,1,Metropolitano
PMBONATR6,BONATR,Bonamia,trichantha,Convolvulaceae,1,Metropolitano
ANMAR2PA1,MAR2PA,Maripa,panamensis,Convolvulaceae,1,ANAM
ANMAR2PA2,MAR2PA,Maripa,panamensis,Convolvulaceae,1,ANAM
ANMAR2PA3,MAR2PA,Maripa,panamensis,Convolvulaceae,1,ANAM
ANMAR2PA4,MAR2PA,Maripa,panamensis,Convolvulaceae,1,ANAM
ANMAR2PA5,MAR2PA,Maripa,panamensis,Convolvulaceae,1,ANAM
ANMAR2PA6,MAR2PA,Maripa,panamensis,Convolvulaceae,1,ANAM
CHMAR2PA1,MAR2PA,Maripa,panamensis,Convolvulaceae,1,Charco
CHMAR2PA2,MAR2PA,Maripa,panamensis,Convolvulaceae,1,Charco
CHMAR2PA3,MAR2PA,Maripa,panamensis,Convolvulaceae,1,Charco
CHMAR2PA4,MAR2PA,Maripa,panamensis,Convolvulaceae,1,Charco
CHMAR2PA5,MAR2PA,Maripa,panamensis,Convolvulaceae,1,Charco
CHMAR2PA6,MAR2PA,Maripa,panamensis,Convolvulaceae,1,Charco
OLMAR2PA1,MAR2PA,Maripa,panamensis,Convolvulaceae,1,Oleoducto
OLMAR2PA2,MAR2PA,Maripa,panamensis,Convolvulaceae,1,Oleoducto
OLMAR2PA3,MAR2PA,Maripa,panamensis,Convolvulaceae,1,Oleoducto
OLMAR2PA4,MAR2PA,Maripa,panamensis,Convolvulaceae,1,Oleoducto
OLMAR2PA5,MAR2PA,Maripa,panamensis,Convolvulaceae,1,Oleoducto
OLMAR2PA6,MAR2PA,Maripa,panamensis,Convolvulaceae,1,Oleoducto
BVMAR2PA1,MAR2PA,Maripa,panamensis,Convolvulaceae,1,Buena Vista
BVMAR2PA2,MAR2PA,Maripa,panamensis,Convolvulaceae,1,Buena Vista
BVMAR2PA3,MAR2PA,Maripa,panamensis,Convolvulaceae,1,Buena Vista
BVMAR2PA4,MAR2PA,Maripa,panamensis,Convolvulaceae,1,Buena Vista
BVMAR2PA5,MAR2PA,Maripa,panamensis,Convolvulaceae,1,Buena Vista
BVMAR2PA6,MAR2PA,Maripa,panamensis,Convolvulaceae,1,Buena Vista
SRMARILE1,MARILE,Maripa,lewisii,Convolvulaceae,0,Santa Rita
SRMARILE2,MARILE,Maripa,lewisii,Convolvulaceae,0,Santa Rita
SRMARILE3,MARILE,Maripa,lewisii,Convolvulaceae,0,Santa Rita
SRMARILE4,MARILE,Maripa,lewisii,Convolvulaceae,0,Santa Rita
SRMARILE5,MARILE,Maripa,lewisii,Convolvulaceae,0,Santa Rita
SRMARILE6,MARILE,Maripa,lewisii,Convolvulaceae,0,Santa Rita
SRMAR2PA1,MAR2PA,Maripa,panamensis,Convolvulaceae,1,Santa Rita
SRMAR2PA2,MAR2PA,Maripa,panamensis,Convolvulaceae,1,Santa Rita
SRMAR2PA3,MAR2PA,Maripa,panamensis,Convolvulaceae,1,Santa Rita
SRMAR2PA4,MAR2PA,Maripa,panamensis,Convolvulaceae,1,Santa Rita
SRMAR2PA5,MAR2PA,Maripa,panamensis,Convolvulaceae,1,Santa Rita
SRMAR2PA6,MAR2PA,Maripa,panamensis,Convolvulaceae,1,Santa Rita
SHMAR2PA1,MAR2PA,Maripa,panamensis,Convolvulaceae,1,Sherman
SHMAR2PA2,MAR2PA,Maripa,panamensis,Convolvulaceae,1,Sherman
SHMAR2PA3,MAR2PA,Maripa,panamensis,Convolvulaceae,1,Sherman
SHMAR2PA4,MAR2PA,Maripa,panamensis,Convolvulaceae,1,Sherman
SHMAR2PA5,MAR2PA,Maripa,panamensis,Convolvulaceae,1,Sherman
SHMAR2PA6,MAR2PA,Maripa,panamensis,Convolvulaceae,1,Sherman
BAR0268,MAR2PA,Maripa,Maripa panamensis,Convolvulaceae,1,BAR
BAR0334,MAR2PA,Maripa,Maripa panamensis,Convolvulaceae,1,BAR
BAR0338,MAR2PA,Maripa,Maripa panamensis,Convolvulaceae,1,BAR
BAR0380,MAR2PA,Maripa,Maripa panamensis,Convolvulaceae,1,BAR
BAR0385,MAR2PA,Maripa,Maripa panamensis,Convolvulaceae,1,BAR
BAR0488,MAR2PA,Maripa,Maripa panamensis,Convolvulaceae,1,BAR
BAR0511,MAR2PA,Maripa,Maripa panamensis,Convolvulaceae,1,BAR
BAR0558,MAR2PA,Maripa,Maripa panamensis,Convolvulaceae,1,BAR
BAR0573,MAR2PA,Maripa,Maripa panamensis,Convolvulaceae,1,BAR
BAR0584,MAR2PA,Maripa,Maripa panamensis,Convolvulaceae,1,BAR
PEA0015,MAR2PA,Maripa,Maripa panamensis,Convolvulaceae,1,PEA
PEA0047,MAR2PA,Maripa,Maripa panamensis,Convolvulaceae,1,PEA
PEA0048,MAR2PA,Maripa,Maripa panamensis,Convolvulaceae,1,PEA
PEA0102,MAR2PA,Maripa,Maripa panamensis,Convolvulaceae,1,PEA
PEA0140,MAR2PA,Maripa,Maripa panamensis,Convolvulaceae,1,PEA
PEA0142,MAR2PA,Maripa,Maripa panamensis,Convolvulaceae,1,PEA
PEA0196,MAR2PA,Maripa,Maripa panamensis,Convolvulaceae,1,PEA
PEA0213,MAR2PA,Maripa,Maripa panamensis,Convolvulaceae,1,PEA
PEA0214,MAR2PA,Maripa,Maripa panamensis,Convolvulaceae,1,PEA
PEA0217,MAR2PA,Maripa,Maripa panamensis,Convolvulaceae,1,PEA
PEA0224,MAR2PA,Maripa,Maripa panamensis,Convolvulaceae,1,PEA
PEA0234,MAR2PA,Maripa,Maripa panamensis,Convolvulaceae,1,PEA
PEA0235,MAR2PA,Maripa,Maripa panamensis,Convolvulaceae,1,PEA
PEA0255,MAR2PA,Maripa,Maripa panamensis,Convolvulaceae,1,PEA
PEA0257,MAR2PA,Maripa,Maripa panamensis,Convolvulaceae,1,PEA
PEA0274,MAR2PA,Maripa,Maripa panamensis,Convolvulaceae,1,PEA
PEA0276,MAR2PA,Maripa,Maripa panamensis,Convolvulaceae,1,PEA
PEA0298,MAR2PA,Maripa,Maripa panamensis,Convolvulaceae,1,PEA
PEA0302,MAR2PA,Maripa,Maripa panamensis,Convolvulaceae,1,PEA
PEA0303,MAR2PA,Maripa,Maripa panamensis,Convolvulaceae,1,PEA
PEA0323,MAR2PA,Maripa,Maripa panamensis,Convolvulaceae,1,PEA
PEA0329,MAR2PA,Maripa,Maripa panamensis,Convolvulaceae,1,PEA
PEA0335,MAR2PA,Maripa,Maripa panamensis,Convolvulaceae,1,PEA
PEA0345,MAR2PA,Maripa,Maripa panamensis,Convolvulaceae,1,PEA
PEA0351,MAR2PA,Maripa,Maripa panamensis,Convolvulaceae,1,PEA
PEA0352,MAR2PA,Maripa,Maripa panamensis,Convolvulaceae,1,PEA
PEA0354,MAR2PA,Maripa,Maripa panamensis,Convolvulaceae,1,PEA
PEA0364,MAR2PA,Maripa,Maripa panamensis,Convolvulaceae,1,PEA
OLDICHGE1,DICHGE,Dichapetalum,gentryi,Dichapetalaceae,0,Oleoducto
OLDICHGE2,DICHGE,Dichapetalum,gentryi,Dichapetalaceae,0,Oleoducto
OLDICHGE3,DICHGE,Dichapetalum,gentryi,Dichapetalaceae,0,Oleoducto
OLDICHGE4,DICHGE,Dichapetalum,gentryi,Dichapetalaceae,0,Oleoducto
OLDICHGE5,DICHGE,Dichapetalum,gentryi,Dichapetalaceae,0,Oleoducto
OLDICHGE6,DICHGE,Dichapetalum,gentryi,Dichapetalaceae,0,Oleoducto
SRDICHGE1,DICHGE,Dichapetalum,gentryi,Dichapetalaceae,0,Santa Rita
SRDICHGE2,DICHGE,Dichapetalum,gentryi,Dichapetalaceae,0,Santa Rita
SRDICHGE3,DICHGE,Dichapetalum,gentryi,Dichapetalaceae,0,Santa Rita
SRDICHGE4,DICHGE,Dichapetalum,gentryi,Dichapetalaceae,0,Santa Rita
SRDICHGE5,DICHGE,Dichapetalum,gentryi,Dichapetalaceae,0,Santa Rita
SRDICHGE6,DICHGE,Dichapetalum,gentryi,Dichapetalaceae,0,Santa Rita
PPDOLIMA1,DOLIMA,Doliocarpus,major,Dilleniaceae,1,Panama Pacifico
PPDOLIMA2,DOLIMA,Doliocarpus,major,Dilleniaceae,1,Panama Pacifico
PPDOLIMA3,DOLIMA,Doliocarpus,major,Dilleniaceae,1,Panama Pacifico
PPDOLIMA4,DOLIMA,Doliocarpus,major,Dilleniaceae,1,Panama Pacifico
PPDOLIMA5,DOLIMA,Doliocarpus,major,Dilleniaceae,1,Panama Pacifico
PPDOLIMA6,DOLIMA,Doliocarpus,major,Dilleniaceae,1,Panama Pacifico
PMDOLIMA1,DOLIMA,Doliocarpus,major,Dilleniaceae,1,Metropolitano
PMDOLIMA2,DOLIMA,Doliocarpus,major,Dilleniaceae,1,Metropolitano
PMDOLIMA3,DOLIMA,Doliocarpus,major,Dilleniaceae,1,Metropolitano
PMDOLIMA4,DOLIMA,Doliocarpus,major,Dilleniaceae,1,Metropolitano
PMDOLIMA5,DOLIMA,Doliocarpus,major,Dilleniaceae,1,Metropolitano
PMDOLIMA6,DOLIMA,Doliocarpus,major,Dilleniaceae,1,Metropolitano
PMTET1PO1,TET1PO,Tetracera,portobellensis,Dilleniaceae,1,Metropolitano
PMTET1PO2,TET1PO,Tetracera,portobellensis,Dilleniaceae,1,Metropolitano
PMTET1PO3,TET1PO,Tetracera,portobellensis,Dilleniaceae,1,Metropolitano
PMTET1PO4,TET1PO,Tetracera,portobellensis,Dilleniaceae,1,Metropolitano
PMTET1PO5,TET1PO,Tetracera,portobellensis,Dilleniaceae,1,Metropolitano
PMTET1PO6,TET1PO,Tetracera,portobellensis,Dilleniaceae,1,Metropolitano
ANDOLIDE1,DOLIDE,Doliocarpus,dentatus,Dilleniaceae,1,ANAM
ANDOLIDE2,DOLIDE,Doliocarpus,dentatus,Dilleniaceae,1,ANAM
ANDOLIDE3,DOLIDE,Doliocarpus,dentatus,Dilleniaceae,1,ANAM
ANDOLIDE4,DOLIDE,Doliocarpus,dentatus,Dilleniaceae,1,ANAM
ANDOLIDE5,DOLIDE,Doliocarpus,dentatus,Dilleniaceae,1,ANAM
ANDOLIDE6,DOLIDE,Doliocarpus,dentatus,Dilleniaceae,1,ANAM
ANDOLIMA1,DOLIMA,Doliocarpus,major,Dilleniaceae,1,ANAM
ANDOLIMA2,DOLIMA,Doliocarpus,major,Dilleniaceae,1,ANAM
ANDOLIMA3,DOLIMA,Doliocarpus,major,Dilleniaceae,1,ANAM
ANDOLIMA4,DOLIMA,Doliocarpus,major,Dilleniaceae,1,ANAM
ANDOLIMA5,DOLIMA,Doliocarpus,major,Dilleniaceae,1,ANAM
ANDOLIMA6,DOLIMA,Doliocarpus,major,Dilleniaceae,1,ANAM
ANTET1PO1,TET1PO,Tetracera,portobellensis,Dilleniaceae,1,ANAM
ANTET1PO2,TET1PO,Tetracera,portobellensis,Dilleniaceae,1,ANAM
ANTET1PO3,TET1PO,Tetracera,portobellensis,Dilleniaceae,1,ANAM
ANTET1PO4,TET1PO,Tetracera,portobellensis,Dilleniaceae,1,ANAM
ANTET1PO5,TET1PO,Tetracera,portobellensis,Dilleniaceae,1,ANAM
ANTET1PO6,TET1PO,Tetracera,portobellensis,Dilleniaceae,1,ANAM
CHDOLIDE1,DOLIDE,Doliocarpus,dentatus,Dilleniaceae,1,Charco
CHDOLIDE2,DOLIDE,Doliocarpus,dentatus,Dilleniaceae,1,Charco
CHDOLIDE3,DOLIDE,Doliocarpus,dentatus,Dilleniaceae,1,Charco
CHDOLIDE4,DOLIDE,Doliocarpus,dentatus,Dilleniaceae,1,Charco
CHDOLIDE5,DOLIDE,Doliocarpus,dentatus,Dilleniaceae,1,Charco
CHDOLIDE6,DOLIDE,Doliocarpus,dentatus,Dilleniaceae,1,Charco
CHDOLIMA1,DOLIMA,Doliocarpus,major,Dilleniaceae,1,Charco
CHDOLIMA2,DOLIMA,Doliocarpus,major,Dilleniaceae,1,Charco
CHDOLIMA3,DOLIMA,Doliocarpus,major,Dilleniaceae,1,Charco
CHDOLIMA4,DOLIMA,Doliocarpus,major,Dilleniaceae,1,Charco
CHDOLIMA5,DOLIMA,Doliocarpus,major,Dilleniaceae,1,Charco
CHDOLIMA6,DOLIMA,Doliocarpus,major,Dilleniaceae,1,Charco
CHDOLIOL1,DOLIOL,Doliocarpus,olivaceus,Dilleniaceae,1,Charco
CHDOLIOL2,DOLIOL,Doliocarpus,olivaceus,Dilleniaceae,1,Charco
CHDOLIOL3,DOLIOL,Doliocarpus,olivaceus,Dilleniaceae,1,Charco
CHDOLIOL4,DOLIOL,Doliocarpus,olivaceus,Dilleniaceae,1,Charco
CHDOLIOL5,DOLIOL,Doliocarpus,olivaceus,Dilleniaceae,1,Charco
CHDOLIOL6,DOLIOL,Doliocarpus,olivaceus,Dilleniaceae,1,Charco
OLDOLIMA1,DOLIMA,Doliocarpus,major,Dilleniaceae,1,Oleoducto
OLDOLIMA2,DOLIMA,Doliocarpus,major,Dilleniaceae,1,Oleoducto
OLDOLIMA3,DOLIMA,Doliocarpus,major,Dilleniaceae,1,Oleoducto
OLDOLIMA4,DOLIMA,Doliocarpus,major,Dilleniaceae,1,Oleoducto
OLDOLIMA5,DOLIMA,Doliocarpus,major,Dilleniaceae,1,Oleoducto
OLDOLIMA6,DOLIMA,Doliocarpus,major,Dilleniaceae,1,Oleoducto
OLTET1HY1,TET1HY,Tetracera,hydrophila,Dilleniaceae,1,Oleoducto
OLTET1HY2,TET1HY,Tetracera,hydrophila,Dilleniaceae,1,Oleoducto
OLTET1HY3,TET1HY,Tetracera,hydrophila,Dilleniaceae,1,Oleoducto
OLTET1HY4,TET1HY,Tetracera,hydrophila,Dilleniaceae,1,Oleoducto
OLTET1HY5,TET1HY,Tetracera,hydrophila,Dilleniaceae,1,Oleoducto
OLTET1HY6,TET1HY,Tetracera,hydrophila,Dilleniaceae,1,Oleoducto
OLDOLIDE1,DOLIDE,Doliocarpus,dentatus,Dilleniaceae,1,Oleoducto
OLDOLIDE2,DOLIDE,Doliocarpus,dentatus,Dilleniaceae,1,Oleoducto
OLDOLIDE3,DOLIDE,Doliocarpus,dentatus,Dilleniaceae,1,Oleoducto
OLDOLIDE4,DOLIDE,Doliocarpus,dentatus,Dilleniaceae,1,Oleoducto
OLDOLIDE5,DOLIDE,Doliocarpus,dentatus,Dilleniaceae,1,Oleoducto
OLDOLIDE6,DOLIDE,Doliocarpus,dentatus,Dilleniaceae,1,Oleoducto
BVDOLIMA1,DOLIMA,Doliocarpus,major,Dilleniaceae,1,Buena Vista
BVDOLIMA2,DOLIMA,Doliocarpus,major,Dilleniaceae,1,Buena Vista
BVDOLIMA3,DOLIMA,Doliocarpus,major,Dilleniaceae,1,Buena Vista
BVDOLIMA4,DOLIMA,Doliocarpus,major,Dilleniaceae,1,Buena Vista
BVDOLIMA5,DOLIMA,Doliocarpus,major,Dilleniaceae,1,Buena Vista
BVDOLIMA6,DOLIMA,Doliocarpus,major,Dilleniaceae,1,Buena Vista
BVTET1PO1,TET1PO,Tetracera,portobellensis,Dilleniaceae,1,Buena Vista
BVTET1PO2,TET1PO,Tetracera,portobellensis,Dilleniaceae,1,Buena Vista
BVTET1PO3,TET1PO,Tetracera,portobellensis,Dilleniaceae,1,Buena Vista
BVTET1PO4,TET1PO,Tetracera,portobellensis,Dilleniaceae,1,Buena Vista
BVTET1PO5,TET1PO,Tetracera,portobellensis,Dilleniaceae,1,Buena Vista
BVTET1PO6,TET1PO,Tetracera,portobellensis,Dilleniaceae,1,Buena Vista
SRDOLIDE1,DOLIDE,Doliocarpus,dentatus,Dilleniaceae,1,Santa Rita
SRDOLIDE2,DOLIDE,Doliocarpus,dentatus,Dilleniaceae,1,Santa Rita
SRDOLIDE3,DOLIDE,Doliocarpus,dentatus,Dilleniaceae,1,Santa Rita
SRDOLIDE4,DOLIDE,Doliocarpus,dentatus,Dilleniaceae,1,Santa Rita
SRDOLIDE5,DOLIDE,Doliocarpus,dentatus,Dilleniaceae,1,Santa Rita
SRDOLIDE6,DOLIDE,Doliocarpus,dentatus,Dilleniaceae,1,Santa Rita
SHDOLIDE1,DOLIDE,Doliocarpus,dentatus,Dilleniaceae,1,Sherman
SHDOLIDE2,DOLIDE,Doliocarpus,dentatus,Dilleniaceae,1,Sherman
SHDOLIDE3,DOLIDE,Doliocarpus,dentatus,Dilleniaceae,1,Sherman
SHDOLIDE4,DOLIDE,Doliocarpus,dentatus,Dilleniaceae,1,Sherman
SHDOLIDE5,DOLIDE,Doliocarpus,dentatus,Dilleniaceae,1,Sherman
SHDOLIDE6,DOLIDE,Doliocarpus,dentatus,Dilleniaceae,1,Sherman
BAR0062,DOLIOL,Doliocarpus,Doliocarpus olivaceus,Dilleniaceae,1,BAR
BAR0092,DOLIMA,Doliocarpus,Doliocarpus major,Dilleniaceae,1,BAR
BAR0093,DOLIMA,Doliocarpus,Doliocarpus major,Dilleniaceae,1,BAR
BAR0094,DOLIMA,Doliocarpus,Doliocarpus major,Dilleniaceae,1,BAR
BAR0096,DOLIMA,Doliocarpus,Doliocarpus major,Dilleniaceae,1,BAR
BAR0097,DOLIMA,Doliocarpus,Doliocarpus major,Dilleniaceae,1,BAR
BAR0098,DOLIMA,Doliocarpus,Doliocarpus major,Dilleniaceae,1,BAR
BAR0100,DOLIMA,Doliocarpus,Doliocarpus major,Dilleniaceae,1,BAR
BAR0108,DOLIOL,Doliocarpus,Doliocarpus olivaceus,Dilleniaceae,1,BAR
BAR0128,DOLIOL,Doliocarpus,Doliocarpus olivaceus,Dilleniaceae,1,BAR
BAR0136,DOLIOL,Doliocarpus,Doliocarpus olivaceus,Dilleniaceae,1,BAR
BAR0157,DOLIMA,Doliocarpus,Doliocarpus major,Dilleniaceae,1,BAR
BAR0158,DOLIMA,Doliocarpus,Doliocarpus major,Dilleniaceae,1,BAR
BAR0161,DOLIMA,Doliocarpus,Doliocarpus major,Dilleniaceae,1,BAR
BAR0162,DOLIMA,Doliocarpus,Doliocarpus major,Dilleniaceae,1,BAR
BAR0163,DOLIMA,Doliocarpus,Doliocarpus major,Dilleniaceae,1,BAR
BAR0164,DOLIMA,Doliocarpus,Doliocarpus major,Dilleniaceae,1,BAR
BAR0165,DOLIMA,Doliocarpus,Doliocarpus major,Dilleniaceae,1,BAR
BAR0243,DOLIOL,Doliocarpus,Doliocarpus olivaceus,Dilleniaceae,1,BAR
BAR0255,DOLIOL,Doliocarpus,Doliocarpus olivaceus,Dilleniaceae,1,BAR
BAR0261,DOLIOL,Doliocarpus,Doliocarpus olivaceus,Dilleniaceae,1,BAR
BAR0287,DOLIOL,Doliocarpus,Doliocarpus olivaceus,Dilleniaceae,1,BAR
BAR0323,DOLIOL,Doliocarpus,Doliocarpus olivaceus,Dilleniaceae,1,BAR
BAR0332,DOLIOL,Doliocarpus,Doliocarpus olivaceus,Dilleniaceae,1,BAR
BAR0344,DOLIOL,Doliocarpus,Doliocarpus olivaceus,Dilleniaceae,1,BAR
BAR0348,DOLIMA,Doliocarpus,Doliocarpus major,Dilleniaceae,1,BAR
BAR0351,DOLIMA,Doliocarpus,Doliocarpus major,Dilleniaceae,1,BAR
BAR0353,DOLIMA,Doliocarpus,Doliocarpus major,Dilleniaceae,1,BAR
BAR0354,DOLIMA,Doliocarpus,Doliocarpus major,Dilleniaceae,1,BAR
BAR0356,DOLIMA,Doliocarpus,Doliocarpus major,Dilleniaceae,1,BAR
BAR0357,DOLIMA,Doliocarpus,Doliocarpus major,Dilleniaceae,1,BAR
BAR0358,DOLIMA,Doliocarpus,Doliocarpus major,Dilleniaceae,1,BAR
BAR0359,DOLIMA,Doliocarpus,Doliocarpus major,Dilleniaceae,1,BAR
BAR0360,DOLIMA,Doliocarpus,Doliocarpus major,Dilleniaceae,1,BAR
BAR0361,DOLIMA,Doliocarpus,Doliocarpus major,Dilleniaceae,1,BAR
BAR0363,DOLIOL,Doliocarpus,Doliocarpus olivaceus,Dilleniaceae,1,BAR
BAR0394,DOLIMA,Doliocarpus,Doliocarpus major,Dilleniaceae,1,BAR
BAR0395,DOLIMA,Doliocarpus,Doliocarpus major,Dilleniaceae,1,BAR
BAR0396,DOLIMA,Doliocarpus,Doliocarpus major,Dilleniaceae,1,BAR
BAR0397,DOLIMA,Doliocarpus,Doliocarpus major,Dilleniaceae,1,BAR
BAR0398,DOLIMA,Doliocarpus,Doliocarpus major,Dilleniaceae,1,BAR
BAR0405,DOLIMA,Doliocarpus,Doliocarpus major,Dilleniaceae,1,BAR
BAR0406,DOLIMA,Doliocarpus,Doliocarpus major,Dilleniaceae,1,BAR
BAR0408,DOLIMA,Doliocarpus,Doliocarpus major,Dilleniaceae,1,BAR
BAR0426,DOLIOL,Doliocarpus,Doliocarpus olivaceus,Dilleniaceae,1,BAR
BAR0431,DOLIOL,Doliocarpus,Doliocarpus olivaceus,Dilleniaceae,1,BAR
BAR0440,DOLIOL,Doliocarpus,Doliocarpus olivaceus,Dilleniaceae,1,BAR
BAR0502,DOLIOL,Doliocarpus,Doliocarpus olivaceus,Dilleniaceae,1,BAR
BAR0508,DOLIOL,Doliocarpus,Doliocarpus olivaceus,Dilleniaceae,1,BAR
BAR0510,DOLIOL,Doliocarpus,Doliocarpus olivaceus,Dilleniaceae,1,BAR
BAR0542,DOLIOL,Doliocarpus,Doliocarpus olivaceus,Dilleniaceae,1,BAR
PEA0013,DOLIOL,Doliocarpus,Doliocarpus olivaceus,Dilleniaceae,1,PEA
PEA0016,DOLIMA,Doliocarpus,Doliocarpus major,Dilleniaceae,1,PEA
PEA0017,DOLIOL,Doliocarpus,Doliocarpus olivaceus,Dilleniaceae,1,PEA
PEA0018,DOLIMA,Doliocarpus,Doliocarpus major,Dilleniaceae,1,PEA
PEA0019,DOLIOL,Doliocarpus,Doliocarpus olivaceus,Dilleniaceae,1,PEA
PEA0020,DOLIMA,Doliocarpus,Doliocarpus major,Dilleniaceae,1,PEA
PEA0023,DOLIMA,Doliocarpus,Doliocarpus major,Dilleniaceae,1,PEA
PEA0024,DOLIMA,Doliocarpus,Doliocarpus major,Dilleniaceae,1,PEA
PEA0025,DOLIMA,Doliocarpus,Doliocarpus major,Dilleniaceae,1,PEA
PEA0026,DOLIMA,Doliocarpus,Doliocarpus major,Dilleniaceae,1,PEA
PEA0027,DOLIMA,Doliocarpus,Doliocarpus major,Dilleniaceae,1,PEA
PEA0028,DOLIOL,Doliocarpus,Doliocarpus olivaceus,Dilleniaceae,1,PEA
PEA0034,DOLIOL,Doliocarpus,Doliocarpus olivaceus,Dilleniaceae,1,PEA
PEA0050,DOLIOL,Doliocarpus,Doliocarpus olivaceus,Dilleniaceae,1,PEA
PEA0053,DOLIOL,Doliocarpus,Doliocarpus olivaceus,Dilleniaceae,1,PEA
PEA0063,DOLIMA,Doliocarpus,Doliocarpus major,Dilleniaceae,1,PEA
PEA0064,DOLIMA,Doliocarpus,Doliocarpus major,Dilleniaceae,1,PEA
PEA0065,DOLIMA,Doliocarpus,Doliocarpus major,Dilleniaceae,1,PEA
PEA0066,DOLIMA,Doliocarpus,Doliocarpus major,Dilleniaceae,1,PEA
PEA0067,DOLIMA,Doliocarpus,Doliocarpus major,Dilleniaceae,1,PEA
PEA0068,DOLIMA,Doliocarpus,Doliocarpus major,Dilleniaceae,1,PEA
PEA0070,DOLIMA,Doliocarpus,Doliocarpus major,Dilleniaceae,1,PEA
PEA0103,DOLIOL,Doliocarpus,Doliocarpus olivaceus,Dilleniaceae,1,PEA
PEA0105,DOLIOL,Doliocarpus,Doliocarpus olivaceus,Dilleniaceae,1,PEA
PEA0112,DOLIMA,Doliocarpus,Doliocarpus major,Dilleniaceae,1,PEA
PEA0113,DOLIMA,Doliocarpus,Doliocarpus major,Dilleniaceae,1,PEA
PEA0114,DOLIMA,Doliocarpus,Doliocarpus major,Dilleniaceae,1,PEA
PEA0115,DOLIMA,Doliocarpus,Doliocarpus major,Dilleniaceae,1,PEA
PEA0116,DOLIMA,Doliocarpus,Doliocarpus major,Dilleniaceae,1,PEA
PEA0117,DOLIMA,Doliocarpus,Doliocarpus major,Dilleniaceae,1,PEA
PEA0121,DOLIOL,Doliocarpus,Doliocarpus olivaceus,Dilleniaceae,1,PEA
PEA0124,DOLIOL,Doliocarpus,Doliocarpus olivaceus,Dilleniaceae,1,PEA
PEA0125,DOLIOL,Doliocarpus,Doliocarpus olivaceus,Dilleniaceae,1,PEA
PEA0129,DOLIOL,Doliocarpus,Doliocarpus olivaceus,Dilleniaceae,1,PEA
PEA0166,DOLIOL,Doliocarpus,Doliocarpus olivaceus,Dilleniaceae,1,PEA
PEA0169,DOLIOL,Doliocarpus,Doliocarpus olivaceus,Dilleniaceae,1,PEA
PEA0170,DOLIOL,Doliocarpus,Doliocarpus olivaceus,Dilleniaceae,1,PEA
PEA0171,DOLIOL,Doliocarpus,Doliocarpus olivaceus,Dilleniaceae,1,PEA
PEA0172,DOLIOL,Doliocarpus,Doliocarpus olivaceus,Dilleniaceae,1,PEA
PEA0175,DOLIOL,Doliocarpus,Doliocarpus olivaceus,Dilleniaceae,1,PEA
PEA0179,DOLIOL,Doliocarpus,Doliocarpus olivaceus,Dilleniaceae,1,PEA
PEA0180,DOLIOL,Doliocarpus,Doliocarpus olivaceus,Dilleniaceae,1,PEA
PEA0197,DOLIOL,Doliocarpus,Doliocarpus olivaceus,Dilleniaceae,1,PEA
PEA0211,DOLIOL,Doliocarpus,Doliocarpus olivaceus,Dilleniaceae,1,PEA
PEA0229,DOLIOL,Doliocarpus,Doliocarpus olivaceus,Dilleniaceae,1,PEA
PEA0230,DOLIOL,Doliocarpus,Doliocarpus olivaceus,Dilleniaceae,1,PEA
PEA0244,DOLIOL,Doliocarpus,Doliocarpus olivaceus,Dilleniaceae,1,PEA
PEA0248,DOLIOL,Doliocarpus,Doliocarpus olivaceus,Dilleniaceae,1,PEA
PEA0294,DOLIOL,Doliocarpus,Doliocarpus olivaceus,Dilleniaceae,1,PEA
PEA0356,DOLIMA,Doliocarpus,Doliocarpus major,Dilleniaceae,1,PEA
PEA0357,DOLIMA,Doliocarpus,Doliocarpus major,Dilleniaceae,1,PEA
PEA0358,DOLIMA,Doliocarpus,Doliocarpus major,Dilleniaceae,1,PEA
PEA0359,DOLIMA,Doliocarpus,Doliocarpus major,Dilleniaceae,1,PEA
PEA0360,DOLIMA,Doliocarpus,Doliocarpus major,Dilleniaceae,1,PEA
PEA0361,DOLIMA,Doliocarpus,Doliocarpus major,Dilleniaceae,1,PEA
PEA0365,DOLIMA,Doliocarpus,Doliocarpus major,Dilleniaceae,1,PEA
PEA0366,DOLIMA,Doliocarpus,Doliocarpus major,Dilleniaceae,1,PEA
PEA0367,DOLIMA,Doliocarpus,Doliocarpus major,Dilleniaceae,1,PEA
PEA0369,DOLIOL,Doliocarpus,Doliocarpus olivaceus,Dilleniaceae,1,PEA
PEA0370,DOLIMA,Doliocarpus,Doliocarpus major,Dilleniaceae,1,PEA
PEA0372,DOLIMA,Doliocarpus,Doliocarpus major,Dilleniaceae,1,PEA
PEA0376,DOLIMA,Doliocarpus,Doliocarpus major,Dilleniaceae,1,PEA
PEA0377,DOLIOL,Doliocarpus,Doliocarpus olivaceus,Dilleniaceae,1,PEA
SHDIO2AR1,DIO2AR,Diospyros,artanthifolia,Ebenaceae,0,Sherman
SHDIO2AR2,DIO2AR,Diospyros,artanthifolia,Ebenaceae,0,Sherman
SHDIO2AR3,DIO2AR,Diospyros,artanthifolia,Ebenaceae,0,Sherman
SHDIO2AR4,DIO2AR,Diospyros,artanthifolia,Ebenaceae,0,Sherman
SHDIO2AR5,DIO2AR,Diospyros,artanthifolia,Ebenaceae,0,Sherman
SHDIO2AR6,DIO2AR,Diospyros,artanthifolia,Ebenaceae,0,Sherman
SRSLOAOB1,SLOAOB,Sloanea,obtusifolia,Elaeocarpaceae,0,Santa Rita
SRSLOAOB2,SLOAOB,Sloanea,obtusifolia,Elaeocarpaceae,0,Santa Rita
SRSLOAOB3,SLOAOB,Sloanea,obtusifolia,Elaeocarpaceae,0,Santa Rita
SRSLOAOB4,SLOAOB,Sloanea,obtusifolia,Elaeocarpaceae,0,Santa Rita
SRSLOAOB5,SLOAOB,Sloanea,obtusifolia,Elaeocarpaceae,0,Santa Rita
SRSLOAOB6,SLOAOB,Sloanea,obtusifolia,Elaeocarpaceae,0,Santa Rita
OLHEISCO1,HEISCO,Heisteria,concinna,Erythropalaceae,0,Oleoducto
OLHEISCO2,HEISCO,Heisteria,concinna,Erythropalaceae,0,Oleoducto
OLHEISCO3,HEISCO,Heisteria,concinna,Erythropalaceae,0,Oleoducto
OLHEISCO4,HEISCO,Heisteria,concinna,Erythropalaceae,0,Oleoducto
OLHEISCO5,HEISCO,Heisteria,concinna,Erythropalaceae,0,Oleoducto
OLHEISCO6,HEISCO,Heisteria,concinna,Erythropalaceae,0,Oleoducto
BVHEISCO1,HEISCO,Heisteria,concinna,Erythropalaceae,0,Buena Vista
BVHEISCO2,HEISCO,Heisteria,concinna,Erythropalaceae,0,Buena Vista
BVHEISCO3,HEISCO,Heisteria,concinna,Erythropalaceae,0,Buena Vista
BVHEISCO4,HEISCO,Heisteria,concinna,Erythropalaceae,0,Buena Vista
BVHEISCO5,HEISCO,Heisteria,concinna,Erythropalaceae,0,Buena Vista
BVHEISCO6,HEISCO,Heisteria,concinna,Erythropalaceae,0,Buena Vista
BVHEISAC1,HEISAC,Heisteria,acuminata,Erythropalaceae,0,Buena Vista
BVHEISAC2,HEISAC,Heisteria,acuminata,Erythropalaceae,0,Buena Vista
BVHEISAC3,HEISAC,Heisteria,acuminata,Erythropalaceae,0,Buena Vista
BVHEISAC4,HEISAC,Heisteria,acuminata,Erythropalaceae,0,Buena Vista
BVHEISAC5,HEISAC,Heisteria,acuminata,Erythropalaceae,0,Buena Vista
BVHEISAC6,HEISAC,Heisteria,acuminata,Erythropalaceae,0,Buena Vista
SRHEISC11,HEISC1,Heisteria,costaricensis,Erythropalaceae,0,Santa Rita
SRHEISC12,HEISC1,Heisteria,costaricensis,Erythropalaceae,0,Santa Rita
SRHEISC13,HEISC1,Heisteria,costaricensis,Erythropalaceae,0,Santa Rita
SRHEISC14,HEISC1,Heisteria,costaricensis,Erythropalaceae,0,Santa Rita
SRHEISC15,HEISC1,Heisteria,costaricensis,Erythropalaceae,0,Santa Rita
SRHEISC16,HEISC1,Heisteria,costaricensis,Erythropalaceae,0,Santa Rita
SHHEISAC1,HEISAC,Heisteria,acuminata,Erythropalaceae,0,Sherman
SHHEISAC2,HEISAC,Heisteria,acuminata,Erythropalaceae,0,Sherman
SHHEISAC3,HEISAC,Heisteria,acuminata,Erythropalaceae,0,Sherman
SHHEISAC4,HEISAC,Heisteria,acuminata,Erythropalaceae,0,Sherman
SHHEISAC5,HEISAC,Heisteria,acuminata,Erythropalaceae,0,Sherman
SHHEISAC6,HEISAC,Heisteria,acuminata,Erythropalaceae,0,Sherman
ANERY2MA1,ERY2MA,Erythroxylum,macrophyllum,Erythroxylaceae,0,ANAM
ANERY2MA2,ERY2MA,Erythroxylum,macrophyllum,Erythroxylaceae,0,ANAM
ANERY2MA3,ERY2MA,Erythroxylum,macrophyllum,Erythroxylaceae,0,ANAM
ANERY2MA4,ERY2MA,Erythroxylum,macrophyllum,Erythroxylaceae,0,ANAM
ANERY2MA5,ERY2MA,Erythroxylum,macrophyllum,Erythroxylaceae,0,ANAM
ANERY2MA6,ERY2MA,Erythroxylum,macrophyllum,Erythroxylaceae,0,ANAM
ANMAPRGU1,MAPRGU,Maprounea,guianensis,Euphorbiaceae,0,ANAM
ANMAPRGU2,MAPRGU,Maprounea,guianensis,Euphorbiaceae,0,ANAM
ANMAPRGU3,MAPRGU,Maprounea,guianensis,Euphorbiaceae,0,ANAM
ANMAPRGU4,MAPRGU,Maprounea,guianensis,Euphorbiaceae,0,ANAM
ANMAPRGU5,MAPRGU,Maprounea,guianensis,Euphorbiaceae,0,ANAM
ANMAPRGU6,MAPRGU,Maprounea,guianensis,Euphorbiaceae,0,ANAM
ANPERAAR1,PERAAR,Pera,arborea,Euphorbiaceae,0,ANAM
ANPERAAR2,PERAAR,Pera,arborea,Euphorbiaceae,0,ANAM
ANPERAAR3,PERAAR,Pera,arborea,Euphorbiaceae,0,ANAM
ANPERAAR4,PERAAR,Pera,arborea,Euphorbiaceae,0,ANAM
ANPERAAR5,PERAAR,Pera,arborea,Euphorbiaceae,0,ANAM
ANPERAAR6,PERAAR,Pera,arborea,Euphorbiaceae,0,ANAM
ANACALDI1,ACALDI,Acalypha,diversifolia,Euphorbiaceae,0,ANAM
ANACALDI2,ACALDI,Acalypha,diversifolia,Euphorbiaceae,0,ANAM
ANACALDI3,ACALDI,Acalypha,diversifolia,Euphorbiaceae,0,ANAM
ANACALDI4,ACALDI,Acalypha,diversifolia,Euphorbiaceae,0,ANAM
ANACALDI5,ACALDI,Acalypha,diversifolia,Euphorbiaceae,0,ANAM
ANACALDI6,ACALDI,Acalypha,diversifolia,Euphorbiaceae,0,ANAM
OLCROTBI1,CROTBI,Croton,billbergianus,Euphorbiaceae,0,Oleoducto
OLCROTBI2,CROTBI,Croton,billbergianus,Euphorbiaceae,0,Oleoducto
OLCROTBI3,CROTBI,Croton,billbergianus,Euphorbiaceae,0,Oleoducto
OLCROTBI4,CROTBI,Croton,billbergianus,Euphorbiaceae,0,Oleoducto
OLCROTBI5,CROTBI,Croton,billbergianus,Euphorbiaceae,0,Oleoducto
OLCROTBI6,CROTBI,Croton,billbergianus,Euphorbiaceae,0,Oleoducto
SHPERAAR1,PERAAR,Pera,arborea,Euphorbiaceae,0,Sherman
SHPERAAR2,PERAAR,Pera,arborea,Euphorbiaceae,0,Sherman
SHPERAAR3,PERAAR,Pera,arborea,Euphorbiaceae,0,Sherman
SHPERAAR4,PERAAR,Pera,arborea,Euphorbiaceae,0,Sherman
SHPERAAR5,PERAAR,Pera,arborea,Euphorbiaceae,0,Sherman
SHPERAAR6,PERAAR,Pera,arborea,Euphorbiaceae,0,Sherman
PEA0093,ACALDI,Acalypha,Acalypha diversifolia,Euphorbiaceae,0,PEA
PEA0111,ACALDI,Acalypha,Acalypha diversifolia,Euphorbiaceae,0,PEA
PEA0206,ACALDI,Acalypha,Acalypha diversifolia,Euphorbiaceae,0,PEA
PEA0207,ACALDI,Acalypha,Acalypha diversifolia,Euphorbiaceae,0,PEA
PEA0208,ACALDI,Acalypha,Acalypha diversifolia,Euphorbiaceae,0,PEA
PEA0209,ACALDI,Acalypha,Acalypha diversifolia,Euphorbiaceae,0,PEA
PEA0210,ACALDI,Acalypha,Acalypha diversifolia,Euphorbiaceae,0,PEA
PEA0256,ACALDI,Acalypha,Acalypha diversifolia,Euphorbiaceae,0,PEA
PEA0293,ACALDI,Acalypha,Acalypha diversifolia,Euphorbiaceae,0,PEA
PEA0380,ACALDI,Acalypha,Acalypha diversifolia,Euphorbiaceae,0,PEA
BAR0027,SWARS2,Swartzia,Swartzia simplex var. continentalis,Fabaceae,0,BAR
BAR0039,ACACHA,Senegalia,Senegalia hayesii,Fabaceae,1,BAR
BAR0040,ACACHA,Senegalia,Senegalia hayesii,Fabaceae,1,BAR
BAR0042,ACACHA,Senegalia,Senegalia hayesii,Fabaceae,1,BAR
BAR0043,ACACHA,Senegalia,Senegalia hayesii,Fabaceae,1,BAR
BAR0044,SWARS1,Swartzia,Swartzia simplex var. grandiflora,Fabaceae,0,BAR
BAR0061,SWARS1,Swartzia,Swartzia simplex var. grandiflora,Fabaceae,0,BAR
BAR0075,SWARS1,Swartzia,Swartzia simplex var. grandiflora,Fabaceae,0,BAR
BAR0080,SWARS1,Swartzia,Swartzia simplex var. grandiflora,Fabaceae,0,BAR
BAR0110,SWARS2,Swartzia,Swartzia simplex var. continentalis,Fabaceae,0,BAR
BAR0117,SWARS2,Swartzia,Swartzia simplex var. continentalis,Fabaceae,0,BAR
BAR0147,SWARS2,Swartzia,Swartzia simplex var. continentalis,Fabaceae,0,BAR
BAR0154,SWARS1,Swartzia,Swartzia simplex var. grandiflora,Fabaceae,0,BAR
BAR0288,SWARS1,Swartzia,Swartzia simplex var. grandiflora,Fabaceae,0,BAR
BAR0289,SWARS2,Swartzia,Swartzia simplex var. continentalis,Fabaceae,0,BAR
BAR0296,SWARS1,Swartzia,Swartzia simplex var. grandiflora,Fabaceae,0,BAR
BAR0318,ACACHA,Senegalia,Senegalia hayesii,Fabaceae,1,BAR
BAR0349,ACACHA,Senegalia,Senegalia hayesii,Fabaceae,1,BAR
BAR0350,ACACHA,Senegalia,Senegalia hayesii,Fabaceae,1,BAR
BAR0352,SWARS1,Swartzia,Swartzia simplex var. grandiflora,Fabaceae,0,BAR
BAR0355,ACACHA,Senegalia,Senegalia hayesii,Fabaceae,1,BAR
BAR0371,ACACHA,Senegalia,Senegalia hayesii,Fabaceae,1,BAR
BAR0372,ACACHA,Senegalia,Senegalia hayesii,Fabaceae,1,BAR
BAR0373,ACACHA,Senegalia,Senegalia hayesii,Fabaceae,1,BAR
BAR0390,SWARS2,Swartzia,Swartzia simplex var. continentalis,Fabaceae,0,BAR
BAR0423,SWARS2,Swartzia,Swartzia simplex var. continentalis,Fabaceae,0,BAR
BAR0430,SWARS1,Swartzia,Swartzia simplex var. grandiflora,Fabaceae,0,BAR
BAR0460,ACACHA,Senegalia,Senegalia hayesii,Fabaceae,1,BAR
BAR0485,SWARS2,Swartzia,Swartzia simplex var. continentalis,Fabaceae,0,BAR
BAR0498,SWARS1,Swartzia,Swartzia simplex var. grandiflora,Fabaceae,0,BAR
BAR0499,SWARS2,Swartzia,Swartzia simplex var. continentalis,Fabaceae,0,BAR
BAR0504,SWARS1,Swartzia,Swartzia simplex var. grandiflora,Fabaceae,0,BAR
BAR0505,SWARS1,Swartzia,Swartzia simplex var. grandiflora,Fabaceae,0,BAR
BAR0506,SWARS1,Swartzia,Swartzia simplex var. grandiflora,Fabaceae,0,BAR
BAR0507,SWARS1,Swartzia,Swartzia simplex var. grandiflora,Fabaceae,0,BAR
BAR0520,ACACHA,Senegalia,Senegalia hayesii,Fabaceae,1,BAR
BAR0543,SWARS1,Swartzia,Swartzia simplex var. grandiflora,Fabaceae,0,BAR
BAR0566,SWARS1,Swartzia,Swartzia simplex var. grandiflora,Fabaceae,0,BAR
BAR0571,SWARS2,Swartzia,Swartzia simplex var. continentalis,Fabaceae,0,BAR
BAR0588,SWARS2,Swartzia,Swartzia simplex var. continentalis,Fabaceae,0,BAR
BAR0597,SWARS2,Swartzia,Swartzia simplex var. continentalis,Fabaceae,0,BAR
PEA0005,SWARS2,Swartzia,Swartzia simplex var. continentalis,Fabaceae,0,PEA
PEA0030,SWARS2,Swartzia,Swartzia simplex var. continentalis,Fabaceae,0,PEA
PEA0089,SWARS2,Swartzia,Swartzia simplex var. continentalis,Fabaceae,0,PEA
PEA0135,SWARS2,Swartzia,Swartzia simplex var. continentalis,Fabaceae,0,PEA
PEA0138,SWARS2,Swartzia,Swartzia simplex var. continentalis,Fabaceae,0,PEA
PEA0144,SWARS2,Swartzia,Swartzia simplex var. continentalis,Fabaceae,0,PEA
PEA0146,SWARS2,Swartzia,Swartzia simplex var. continentalis,Fabaceae,0,PEA
PEA0149,SWARS2,Swartzia,Swartzia simplex var. continentalis,Fabaceae,0,PEA
PEA0157,SWARS2,Swartzia,Swartzia simplex var. continentalis,Fabaceae,0,PEA
PEA0163,SWARS2,Swartzia,Swartzia simplex var. continentalis,Fabaceae,0,PEA
PEA0181,SWARS2,Swartzia,Swartzia simplex var. continentalis,Fabaceae,0,PEA
PEA0195,SWARS2,Swartzia,Swartzia simplex var. continentalis,Fabaceae,0,PEA
PEA0219,SWARS2,Swartzia,Swartzia simplex var. continentalis,Fabaceae,0,PEA
PEA0236,SWARS2,Swartzia,Swartzia simplex var. continentalis,Fabaceae,0,PEA
PEA0299,SWARS2,Swartzia,Swartzia simplex var. continentalis,Fabaceae,0,PEA
PEA0330,SWARS2,Swartzia,Swartzia simplex var. continentalis,Fabaceae,0,PEA
PEA0331,SWARS2,Swartzia,Swartzia simplex var. continentalis,Fabaceae,0,PEA
PEA0332,SWARS2,Swartzia,Swartzia simplex var. continentalis,Fabaceae,0,PEA
PEA0363,SWARS2,Swartzia,Swartzia simplex var. continentalis,Fabaceae,0,PEA
PEA0375,SWARS2,Swartzia,Swartzia simplex var. continentalis,Fabaceae,0,PEA
SHTACHVE1,TACHVE,Tachigali,versicolor,Fabaceae,0,Sherman
SHTACHVE2,TACHVE,Tachigali,versicolor,Fabaceae,0,Sherman
SHTACHVE3,TACHVE,Tachigali,versicolor,Fabaceae,0,Sherman
SHTACHVE4,TACHVE,Tachigali,versicolor,Fabaceae,0,Sherman
SHTACHVE5,TACHVE,Tachigali,versicolor,Fabaceae,0,Sherman
SHTACHVE6,TACHVE,Tachigali,versicolor,Fabaceae,0,Sherman
PPINGAPU1,INGAPU,Inga,punctata,Fabaceae,0,Panama Pacifico
PPINGAPU2,INGAPU,Inga,punctata,Fabaceae,0,Panama Pacifico
PPINGAPU3,INGAPU,Inga,punctata,Fabaceae,0,Panama Pacifico
PPINGAPU4,INGAPU,Inga,punctata,Fabaceae,0,Panama Pacifico
PPINGAPU5,INGAPU,Inga,punctata,Fabaceae,0,Panama Pacifico
PPINGAPU6,INGAPU,Inga,punctata,Fabaceae,0,Panama Pacifico
PPPIT1RU1,PIT1RU,Cojoba,rufescens,Fabaceae,0,Panama Pacifico
PPPIT1RU2,PIT1RU,Cojoba,rufescens,Fabaceae,0,Panama Pacifico
PPPIT1RU3,PIT1RU,Cojoba,rufescens,Fabaceae,0,Panama Pacifico
PPPIT1RU4,PIT1RU,Cojoba,rufescens,Fabaceae,0,Panama Pacifico
PPPIT1RU5,PIT1RU,Cojoba,rufescens,Fabaceae,0,Panama Pacifico
PPPIT1RU6,PIT1RU,Cojoba,rufescens,Fabaceae,0,Panama Pacifico
PMPIT1RU1,PIT1RU,Cojoba,rufescens,Fabaceae,0,Metropolitano
PMPIT1RU2,PIT1RU,Cojoba,rufescens,Fabaceae,0,Metropolitano
PMPIT1RU3,PIT1RU,Cojoba,rufescens,Fabaceae,0,Metropolitano
PMPIT1RU4,PIT1RU,Cojoba,rufescens,Fabaceae,0,Metropolitano
PMPIT1RU5,PIT1RU,Cojoba,rufescens,Fabaceae,0,Metropolitano
PMPIT1RU6,PIT1RU,Cojoba,rufescens,Fabaceae,0,Metropolitano
PMINGAVE1,INGAVE,Inga,vera,Fabaceae,0,Metropolitano
PMINGAVE2,INGAVE,Inga,vera,Fabaceae,0,Metropolitano
PMINGAVE3,INGAVE,Inga,vera,Fabaceae,0,Metropolitano
PMINGAVE4,INGAVE,Inga,vera,Fabaceae,0,Metropolitano
PMINGAVE5,INGAVE,Inga,vera,Fabaceae,0,Metropolitano
PMINGAVE6,INGAVE,Inga,vera,Fabaceae,0,Metropolitano
PMALBIAD1,ALBIAD,Albizia,adinocephala,Fabaceae,0,Metropolitano
PMALBIAD2,ALBIAD,Albizia,adinocephala,Fabaceae,0,Metropolitano
PMALBIAD3,ALBIAD,Albizia,adinocephala,Fabaceae,0,Metropolitano
PMALBIAD4,ALBIAD,Albizia,adinocephala,Fabaceae,0,Metropolitano
PMALBIAD5,ALBIAD,Albizia,adinocephala,Fabaceae,0,Metropolitano
PMALBIAD6,ALBIAD,Albizia,adinocephala,Fabaceae,0,Metropolitano
ANENTESC1,ENTESC,Enterolobium,schomburgkii,Fabaceae,0,ANAM
ANENTESC2,ENTESC,Enterolobium,schomburgkii,Fabaceae,0,ANAM
ANENTESC3,ENTESC,Enterolobium,schomburgkii,Fabaceae,0,ANAM
ANENTESC4,ENTESC,Enterolobium,schomburgkii,Fabaceae,0,ANAM
ANENTESC5,ENTESC,Enterolobium,schomburgkii,Fabaceae,0,ANAM
ANENTESC6,ENTESC,Enterolobium,schomburgkii,Fabaceae,0,ANAM
ANINGAFA1,INGAFA,Inga,laurina,Fabaceae,0,ANAM
ANINGAFA2,INGAFA,Inga,laurina,Fabaceae,0,ANAM
ANINGAFA3,INGAFA,Inga,laurina,Fabaceae,0,ANAM
ANINGAFA4,INGAFA,Inga,laurina,Fabaceae,0,ANAM
ANINGAFA5,INGAFA,Inga,laurina,Fabaceae,0,ANAM
ANINGAFA6,INGAFA,Inga,laurina,Fabaceae,0,ANAM
CHINGAFA1,INGAFA,Inga,laurina,Fabaceae,0,Charco
CHINGAFA2,INGAFA,Inga,laurina,Fabaceae,0,Charco
CHINGAFA3,INGAFA,Inga,laurina,Fabaceae,0,Charco
CHINGAFA4,INGAFA,Inga,laurina,Fabaceae,0,Charco
CHINGAFA5,INGAFA,Inga,laurina,Fabaceae,0,Charco
CHINGAFA6,INGAFA,Inga,laurina,Fabaceae,0,Charco
CHINGASA1,INGASA,Inga,sapindoides,Fabaceae,0,Charco
CHINGASA2,INGASA,Inga,sapindoides,Fabaceae,0,Charco
CHINGASA3,INGASA,Inga,sapindoides,Fabaceae,0,Charco
CHINGASA4,INGASA,Inga,sapindoides,Fabaceae,0,Charco
CHINGASA5,INGASA,Inga,sapindoides,Fabaceae,0,Charco
CHINGASA6,INGASA,Inga,sapindoides,Fabaceae,0,Charco
BVINGAVE1,INGAVE,Inga,vera,Fabaceae,0,Buena Vista
BVINGAVE2,INGAVE,Inga,vera,Fabaceae,0,Buena Vista
BVINGAVE3,INGAVE,Inga,vera,Fabaceae,0,Buena Vista
BVINGAVE4,INGAVE,Inga,vera,Fabaceae,0,Buena Vista
BVINGAVE5,INGAVE,Inga,vera,Fabaceae,0,Buena Vista
BVINGAVE6,INGAVE,Inga,vera,Fabaceae,0,Buena Vista
SHINGATH1,INGATH,Inga,thibaudiana,Fabaceae,0,Sherman
SHINGATH2,INGATH,Inga,thibaudiana,Fabaceae,0,Sherman
SHINGATH3,INGATH,Inga,thibaudiana,Fabaceae,0,Sherman
SHINGATH4,INGATH,Inga,thibaudiana,Fabaceae,0,Sherman
SHINGATH5,INGATH,Inga,thibaudiana,Fabaceae,0,Sherman
SHINGATH6,INGATH,Inga,thibaudiana,Fabaceae,0,Sherman
SHINGAPE1,INGAPE,Inga,pezizifera,Fabaceae,0,Sherman
SHINGAPE2,INGAPE,Inga,pezizifera,Fabaceae,0,Sherman
SHINGAPE3,INGAPE,Inga,pezizifera,Fabaceae,0,Sherman
SHINGAPE4,INGAPE,Inga,pezizifera,Fabaceae,0,Sherman
SHINGAPE5,INGAPE,Inga,pezizifera,Fabaceae,0,Sherman
SHINGAPE6,INGAPE,Inga,pezizifera,Fabaceae,0,Sherman
PPSWARS11,SWARS1,Swartzia,simplex,Fabaceae,0,Panama Pacifico
PPSWARS12,SWARS1,Swartzia,simplex,Fabaceae,0,Panama Pacifico
PPSWARS13,SWARS1,Swartzia,simplex,Fabaceae,0,Panama Pacifico
PPSWARS14,SWARS1,Swartzia,simplex,Fabaceae,0,Panama Pacifico
PPSWARS15,SWARS1,Swartzia,simplex,Fabaceae,0,Panama Pacifico
PPSWARS16,SWARS1,Swartzia,simplex,Fabaceae,0,Panama Pacifico
PMMACHM21,MACHM2,Machaerium,milleflorum,Fabaceae,1,Metropolitano
PMMACHM22,MACHM2,Machaerium,milleflorum,Fabaceae,1,Metropolitano
PMMACHM23,MACHM2,Machaerium,milleflorum,Fabaceae,1,Metropolitano
PMMACHM24,MACHM2,Machaerium,milleflorum,Fabaceae,1,Metropolitano
PMMACHM25,MACHM2,Machaerium,milleflorum,Fabaceae,1,Metropolitano
PMMACHM26,MACHM2,Machaerium,milleflorum,Fabaceae,1,Metropolitano
CHSWARS11,SWARS1,Swartzia,simplex,Fabaceae,0,Charco
CHSWARS12,SWARS1,Swartzia,simplex,Fabaceae,0,Charco
CHSWARS13,SWARS1,Swartzia,simplex,Fabaceae,0,Charco
CHSWARS14,SWARS1,Swartzia,simplex,Fabaceae,0,Charco
CHSWARS15,SWARS1,Swartzia,simplex,Fabaceae,0,Charco
CHSWARS16,SWARS1,Swartzia,simplex,Fabaceae,0,Charco
SRLONCAT1,LONCAT,Lonchocarpus,atropurpureus,Fabaceae,0,Santa Rita
SRLONCAT2,LONCAT,Lonchocarpus,atropurpureus,Fabaceae,0,Santa Rita
SRLONCAT3,LONCAT,Lonchocarpus,atropurpureus,Fabaceae,0,Santa Rita
SRLONCAT4,LONCAT,Lonchocarpus,atropurpureus,Fabaceae,0,Santa Rita
SRLONCAT5,LONCAT,Lonchocarpus,atropurpureus,Fabaceae,0,Santa Rita
SRLONCAT6,LONCAT,Lonchocarpus,atropurpureus,Fabaceae,0,Santa Rita
SHSWARS11,SWARS1,Swartzia,simplex,Fabaceae,0,Sherman
SHSWARS12,SWARS1,Swartzia,simplex,Fabaceae,0,Sherman
SHSWARS13,SWARS1,Swartzia,simplex,Fabaceae,0,Sherman
SHSWARS14,SWARS1,Swartzia,simplex,Fabaceae,0,Sherman
SHSWARS15,SWARS1,Swartzia,simplex,Fabaceae,0,Sherman
SHSWARS16,SWARS1,Swartzia,simplex,Fabaceae,0,Sherman
SRLISIJE1,LISIJE,Lisianthius,jefensis,Gentianaceae,0,Santa Rita
SRLISIJE2,LISIJE,Lisianthius,jefensis,Gentianaceae,0,Santa Rita
SRLISIJE3,LISIJE,Lisianthius,jefensis,Gentianaceae,0,Santa Rita
SRLISIJE4,LISIJE,Lisianthius,jefensis,Gentianaceae,0,Santa Rita
SRLISIJE5,LISIJE,Lisianthius,jefensis,Gentianaceae,0,Santa Rita
SRLISIJE6,LISIJE,Lisianthius,jefensis,Gentianaceae,0,Santa Rita
PPHIPPVO1,HIPPVO,Hippocratea,volubilis,Celastraceae,1,Panama Pacifico
PPHIPPVO2,HIPPVO,Hippocratea,volubilis,Celastraceae,1,Panama Pacifico
PPHIPPVO3,HIPPVO,Hippocratea,volubilis,Celastraceae,1,Panama Pacifico
PPHIPPVO4,HIPPVO,Hippocratea,volubilis,Celastraceae,1,Panama Pacifico
PPHIPPVO5,HIPPVO,Hippocratea,volubilis,Celastraceae,1,Panama Pacifico
PPHIPPVO6,HIPPVO,Hippocratea,volubilis,Celastraceae,1,Panama Pacifico
PPPERIPR1,PERIPR,Peritassa,pruinosa,Celastraceae,1,Panama Pacifico
PPPERIPR2,PERIPR,Peritassa,pruinosa,Celastraceae,1,Panama Pacifico
PPPERIPR3,PERIPR,Peritassa,pruinosa,Celastraceae,1,Panama Pacifico
PPPERIPR4,PERIPR,Peritassa,pruinosa,Celastraceae,1,Panama Pacifico
PPPERIPR5,PERIPR,Peritassa,pruinosa,Celastraceae,1,Panama Pacifico
PPPERIPR6,PERIPR,Peritassa,pruinosa,Celastraceae,1,Panama Pacifico
PPPRI1AS1,PRI1AS,Prionostemma,aspera,Celastraceae,1,Panama Pacifico
PPPRI1AS2,PRI1AS,Prionostemma,aspera,Celastraceae,1,Panama Pacifico
PPPRI1AS3,PRI1AS,Prionostemma,aspera,Celastraceae,1,Panama Pacifico
PPPRI1AS4,PRI1AS,Prionostemma,aspera,Celastraceae,1,Panama Pacifico
PPPRI1AS5,PRI1AS,Prionostemma,aspera,Celastraceae,1,Panama Pacifico
PPPRI1AS6,PRI1AS,Prionostemma,aspera,Celastraceae,1,Panama Pacifico
PMPERIPR1,PERIPR,Peritassa,pruinosa,Celastraceae,1,Metropolitano
PMPERIPR2,PERIPR,Peritassa,pruinosa,Celastraceae,1,Metropolitano
PMPERIPR3,PERIPR,Peritassa,pruinosa,Celastraceae,1,Metropolitano
PMPERIPR4,PERIPR,Peritassa,pruinosa,Celastraceae,1,Metropolitano
PMPERIPR5,PERIPR,Peritassa,pruinosa,Celastraceae,1,Metropolitano
PMPERIPR6,PERIPR,Peritassa,pruinosa,Celastraceae,1,Metropolitano
PMHIPPVO1,HIPPVO,Hippocratea,volubilis,Celastraceae,1,Metropolitano
PMHIPPVO2,HIPPVO,Hippocratea,volubilis,Celastraceae,1,Metropolitano
PMHIPPVO3,HIPPVO,Hippocratea,volubilis,Celastraceae,1,Metropolitano
PMHIPPVO4,HIPPVO,Hippocratea,volubilis,Celastraceae,1,Metropolitano
PMHIPPVO5,HIPPVO,Hippocratea,volubilis,Celastraceae,1,Metropolitano
PMHIPPVO6,HIPPVO,Hippocratea,volubilis,Celastraceae,1,Metropolitano
OLPRI1AS1,PRI1AS,Prionostemma,aspera,Celastraceae,1,Oleoducto
OLPRI1AS2,PRI1AS,Prionostemma,aspera,Celastraceae,1,Oleoducto
OLPRI1AS3,PRI1AS,Prionostemma,aspera,Celastraceae,1,Oleoducto
OLPRI1AS4,PRI1AS,Prionostemma,aspera,Celastraceae,1,Oleoducto
OLPRI1AS5,PRI1AS,Prionostemma,aspera,Celastraceae,1,Oleoducto
OLPRI1AS6,PRI1AS,Prionostemma,aspera,Celastraceae,1,Oleoducto
OLHIPPVO1,HIPPVO,Hippocratea,volubilis,Celastraceae,1,Oleoducto
OLHIPPVO2,HIPPVO,Hippocratea,volubilis,Celastraceae,1,Oleoducto
OLHIPPVO3,HIPPVO,Hippocratea,volubilis,Celastraceae,1,Oleoducto
OLHIPPVO4,HIPPVO,Hippocratea,volubilis,Celastraceae,1,Oleoducto
OLHIPPVO5,HIPPVO,Hippocratea,volubilis,Celastraceae,1,Oleoducto
OLHIPPVO6,HIPPVO,Hippocratea,volubilis,Celastraceae,1,Oleoducto
SHPERIPR1,PERIPR,Peritassa,pruinosa,Celastraceae,1,Sherman
SHPERIPR2,PERIPR,Peritassa,pruinosa,Celastraceae,1,Sherman
SHPERIPR3,PERIPR,Peritassa,pruinosa,Celastraceae,1,Sherman
SHPERIPR4,PERIPR,Peritassa,pruinosa,Celastraceae,1,Sherman
SHPERIPR5,PERIPR,Peritassa,pruinosa,Celastraceae,1,Sherman
SHPERIPR6,PERIPR,Peritassa,pruinosa,Celastraceae,1,Sherman
SHTONTOV1,TONTOV,Tontelea,ovalifolia,Celastraceae,1,Sherman
SHTONTOV2,TONTOV,Tontelea,ovalifolia,Celastraceae,1,Sherman
SHTONTOV3,TONTOV,Tontelea,ovalifolia,Celastraceae,1,Sherman
SHTONTOV4,TONTOV,Tontelea,ovalifolia,Celastraceae,1,Sherman
SHTONTOV5,TONTOV,Tontelea,ovalifolia,Celastraceae,1,Sherman
SHTONTOV6,TONTOV,Tontelea,ovalifolia,Celastraceae,1,Sherman
PPLACIAG1,LACIAG,Lacistema,aggregatum,Lacistemataceae,0,Panama Pacifico
PPLACIAG2,LACIAG,Lacistema,aggregatum,Lacistemataceae,0,Panama Pacifico
PPLACIAG3,LACIAG,Lacistema,aggregatum,Lacistemataceae,0,Panama Pacifico
PPLACIAG4,LACIAG,Lacistema,aggregatum,Lacistemataceae,0,Panama Pacifico
PPLACIAG5,LACIAG,Lacistema,aggregatum,Lacistemataceae,0,Panama Pacifico
PPLACIAG6,LACIAG,Lacistema,aggregatum,Lacistemataceae,0,Panama Pacifico
PMLACIAG1,LACIAG,Lacistema,aggregatum,Lacistemataceae,0,Metropolitano
PMLACIAG2,LACIAG,Lacistema,aggregatum,Lacistemataceae,0,Metropolitano
PMLACIAG3,LACIAG,Lacistema,aggregatum,Lacistemataceae,0,Metropolitano
PMLACIAG4,LACIAG,Lacistema,aggregatum,Lacistemataceae,0,Metropolitano
PMLACIAG5,LACIAG,Lacistema,aggregatum,Lacistemataceae,0,Metropolitano
PMLACIAG6,LACIAG,Lacistema,aggregatum,Lacistemataceae,0,Metropolitano
ANLACIAG1,LACIAG,Lacistema,aggregatum,Lacistemataceae,0,ANAM
ANLACIAG2,LACIAG,Lacistema,aggregatum,Lacistemataceae,0,ANAM
ANLACIAG3,LACIAG,Lacistema,aggregatum,Lacistemataceae,0,ANAM
ANLACIAG4,LACIAG,Lacistema,aggregatum,Lacistemataceae,0,ANAM
ANLACIAG5,LACIAG,Lacistema,aggregatum,Lacistemataceae,0,ANAM
ANLACIAG6,LACIAG,Lacistema,aggregatum,Lacistemataceae,0,ANAM
CHLACIAG1,LACIAG,Lacistema,aggregatum,Lacistemataceae,0,Charco
CHLACIAG2,LACIAG,Lacistema,aggregatum,Lacistemataceae,0,Charco
CHLACIAG3,LACIAG,Lacistema,aggregatum,Lacistemataceae,0,Charco
CHLACIAG4,LACIAG,Lacistema,aggregatum,Lacistemataceae,0,Charco
CHLACIAG5,LACIAG,Lacistema,aggregatum,Lacistemataceae,0,Charco
CHLACIAG6,LACIAG,Lacistema,aggregatum,Lacistemataceae,0,Charco
OLLACIAG1,LACIAG,Lacistema,aggregatum,Lacistemataceae,0,Oleoducto
OLLACIAG2,LACIAG,Lacistema,aggregatum,Lacistemataceae,0,Oleoducto
OLLACIAG3,LACIAG,Lacistema,aggregatum,Lacistemataceae,0,Oleoducto
OLLACIAG4,LACIAG,Lacistema,aggregatum,Lacistemataceae,0,Oleoducto
OLLACIAG5,LACIAG,Lacistema,aggregatum,Lacistemataceae,0,Oleoducto
OLLACIAG6,LACIAG,Lacistema,aggregatum,Lacistemataceae,0,Oleoducto
BVLACIAG1,LACIAG,Lacistema,aggregatum,Lacistemataceae,0,Buena Vista
BVLACIAG2,LACIAG,Lacistema,aggregatum,Lacistemataceae,0,Buena Vista
BVLACIAG3,LACIAG,Lacistema,aggregatum,Lacistemataceae,0,Buena Vista
BVLACIAG4,LACIAG,Lacistema,aggregatum,Lacistemataceae,0,Buena Vista
BVLACIAG5,LACIAG,Lacistema,aggregatum,Lacistemataceae,0,Buena Vista
BVLACIAG6,LACIAG,Lacistema,aggregatum,Lacistemataceae,0,Buena Vista
SHLACIAG1,LACIAG,Lacistema,aggregatum,Lacistemataceae,0,Sherman
SHLACIAG2,LACIAG,Lacistema,aggregatum,Lacistemataceae,0,Sherman
SHLACIAG3,LACIAG,Lacistema,aggregatum,Lacistemataceae,0,Sherman
SHLACIAG4,LACIAG,Lacistema,aggregatum,Lacistemataceae,0,Sherman
SHLACIAG5,LACIAG,Lacistema,aggregatum,Lacistemataceae,0,Sherman
SHLACIAG6,LACIAG,Lacistema,aggregatum,Lacistemataceae,0,Sherman
SHLOZAPI1,LOZAPI,Lozania,pittieri,Lacistemataceae,0,Sherman
SHLOZAPI2,LOZAPI,Lozania,pittieri,Lacistemataceae,0,Sherman
SHLOZAPI3,LOZAPI,Lozania,pittieri,Lacistemataceae,0,Sherman
SHLOZAPI4,LOZAPI,Lozania,pittieri,Lacistemataceae,0,Sherman
SHLOZAPI5,LOZAPI,Lozania,pittieri,Lacistemataceae,0,Sherman
SHLOZAPI6,LOZAPI,Lozania,pittieri,Lacistemataceae,0,Sherman
PEA0049,LACIAG,Lacistema,Lacistema aggregatum,Lacistemataceae,0,PEA
PEA0051,LACIAG,Lacistema,Lacistema aggregatum,Lacistemataceae,0,PEA
PEA0094,LACIAG,Lacistema,Lacistema aggregatum,Lacistemataceae,0,PEA
PEA0141,LACIAG,Lacistema,Lacistema aggregatum,Lacistemataceae,0,PEA
PEA0178,LACIAG,Lacistema,Lacistema aggregatum,Lacistemataceae,0,PEA
PEA0182,LACIAG,Lacistema,Lacistema aggregatum,Lacistemataceae,0,PEA
PEA0183,LACIAG,Lacistema,Lacistema aggregatum,Lacistemataceae,0,PEA
PEA0187,LACIAG,Lacistema,Lacistema aggregatum,Lacistemataceae,0,PEA
PEA0212,LACIAG,Lacistema,Lacistema aggregatum,Lacistemataceae,0,PEA
PEA0266,LACIAG,Lacistema,Lacistema aggregatum,Lacistemataceae,0,PEA
PEA0297,LACIAG,Lacistema,Lacistema aggregatum,Lacistemataceae,0,PEA
PEA0300,LACIAG,Lacistema,Lacistema aggregatum,Lacistemataceae,0,PEA
PEA0373,LACIAG,Lacistema,Lacistema aggregatum,Lacistemataceae,0,PEA
PEA0374,LACIAG,Lacistema,Lacistema aggregatum,Lacistemataceae,0,PEA
PMNECTMA1,NECTMA,Nectandra,martinicensis,Lauraceae,0,Metropolitano
PMNECTMA2,NECTMA,Nectandra,martinicensis,Lauraceae,0,Metropolitano
PMNECTMA3,NECTMA,Nectandra,martinicensis,Lauraceae,0,Metropolitano
PMNECTMA4,NECTMA,Nectandra,martinicensis,Lauraceae,0,Metropolitano
PMNECTMA5,NECTMA,Nectandra,martinicensis,Lauraceae,0,Metropolitano
PMNECTMA6,NECTMA,Nectandra,martinicensis,Lauraceae,0,Metropolitano
ANNECTCU1,NECTCU,Nectandra,cuspidata,Lauraceae,0,ANAM
ANNECTCU2,NECTCU,Nectandra,cuspidata,Lauraceae,0,ANAM
ANNECTCU3,NECTCU,Nectandra,cuspidata,Lauraceae,0,ANAM
ANNECTCU4,NECTCU,Nectandra,cuspidata,Lauraceae,0,ANAM
ANNECTCU5,NECTCU,Nectandra,cuspidata,Lauraceae,0,ANAM
ANNECTCU6,NECTCU,Nectandra,cuspidata,Lauraceae,0,ANAM
SHBEILPE1,BEILPE,Beilschmiedia,pendula,Lauraceae,0,Sherman
SHBEILPE2,BEILPE,Beilschmiedia,pendula,Lauraceae,0,Sherman
SHBEILPE3,BEILPE,Beilschmiedia,pendula,Lauraceae,0,Sherman
SHBEILPE4,BEILPE,Beilschmiedia,pendula,Lauraceae,0,Sherman
SHBEILPE5,BEILPE,Beilschmiedia,pendula,Lauraceae,0,Sherman
SHBEILPE6,BEILPE,Beilschmiedia,pendula,Lauraceae,0,Sherman
SHNECTPU1,NECTPU,Nectandra,purpurea,Lauraceae,0,Sherman
SHNECTPU2,NECTPU,Nectandra,purpurea,Lauraceae,0,Sherman
SHNECTPU3,NECTPU,Nectandra,purpurea,Lauraceae,0,Sherman
SHNECTPU4,NECTPU,Nectandra,purpurea,Lauraceae,0,Sherman
SHNECTPU5,NECTPU,Nectandra,purpurea,Lauraceae,0,Sherman
SHNECTPU6,NECTPU,Nectandra,purpurea,Lauraceae,0,Sherman
PPGUSTSU1,GUSTSU,Gustavia,superba,Lecythidaceae,0,Panama Pacifico
PPGUSTSU2,GUSTSU,Gustavia,superba,Lecythidaceae,0,Panama Pacifico
PPGUSTSU3,GUSTSU,Gustavia,superba,Lecythidaceae,0,Panama Pacifico
PPGUSTSU4,GUSTSU,Gustavia,superba,Lecythidaceae,0,Panama Pacifico
PPGUSTSU5,GUSTSU,Gustavia,superba,Lecythidaceae,0,Panama Pacifico
PPGUSTSU6,GUSTSU,Gustavia,superba,Lecythidaceae,0,Panama Pacifico
CHGUSTSU1,GUSTSU,Gustavia,superba,Lecythidaceae,0,Charco
CHGUSTSU2,GUSTSU,Gustavia,superba,Lecythidaceae,0,Charco
CHGUSTSU3,GUSTSU,Gustavia,superba,Lecythidaceae,0,Charco
CHGUSTSU4,GUSTSU,Gustavia,superba,Lecythidaceae,0,Charco
CHGUSTSU5,GUSTSU,Gustavia,superba,Lecythidaceae,0,Charco
CHGUSTSU6,GUSTSU,Gustavia,superba,Lecythidaceae,0,Charco
BAR0045,GUSTSU,Gustavia,Gustavia superba,Lecythidaceae,0,BAR
BAR0049,GUSTSU,Gustavia,Gustavia superba,Lecythidaceae,0,BAR
BAR0052,GUSTSU,Gustavia,Gustavia superba,Lecythidaceae,0,BAR
BAR0069,GUSTSU,Gustavia,Gustavia superba,Lecythidaceae,0,BAR
BAR0071,GUSTSU,Gustavia,Gustavia superba,Lecythidaceae,0,BAR
BAR0074,GUSTSU,Gustavia,Gustavia superba,Lecythidaceae,0,BAR
BAR0076,GUSTSU,Gustavia,Gustavia superba,Lecythidaceae,0,BAR
BAR0087,GUSTSU,Gustavia,Gustavia superba,Lecythidaceae,0,BAR
BAR0089,GUSTSU,Gustavia,Gustavia superba,Lecythidaceae,0,BAR
BAR0090,GUSTSU,Gustavia,Gustavia superba,Lecythidaceae,0,BAR
BAR0091,GUSTSU,Gustavia,Gustavia superba,Lecythidaceae,0,BAR
BAR0123,GUSTSU,Gustavia,Gustavia superba,Lecythidaceae,0,BAR
BAR0124,GUSTSU,Gustavia,Gustavia superba,Lecythidaceae,0,BAR
BAR0153,GUSTSU,Gustavia,Gustavia superba,Lecythidaceae,0,BAR
BAR0155,GUSTSU,Gustavia,Gustavia superba,Lecythidaceae,0,BAR
BAR0221,GUSTSU,Gustavia,Gustavia superba,Lecythidaceae,0,BAR
BAR0222,GUSTSU,Gustavia,Gustavia superba,Lecythidaceae,0,BAR
BAR0231,GUSTSU,Gustavia,Gustavia superba,Lecythidaceae,0,BAR
BAR0232,GUSTSU,Gustavia,Gustavia superba,Lecythidaceae,0,BAR
BAR0233,GUSTSU,Gustavia,Gustavia superba,Lecythidaceae,0,BAR
BAR0237,GUSTSU,Gustavia,Gustavia superba,Lecythidaceae,0,BAR
BAR0238,GUSTSU,Gustavia,Gustavia superba,Lecythidaceae,0,BAR
BAR0513,GUSTSU,Gustavia,Gustavia superba,Lecythidaceae,0,BAR
BAR0515,GUSTSU,Gustavia,Gustavia superba,Lecythidaceae,0,BAR
BAR0516,GUSTSU,Gustavia,Gustavia superba,Lecythidaceae,0,BAR
BAR0517,GUSTSU,Gustavia,Gustavia superba,Lecythidaceae,0,BAR
BAR0518,GUSTSU,Gustavia,Gustavia superba,Lecythidaceae,0,BAR
BAR0546,GUSTSU,Gustavia,Gustavia superba,Lecythidaceae,0,BAR
BAR0547,GUSTSU,Gustavia,Gustavia superba,Lecythidaceae,0,BAR
BAR0548,GUSTSU,Gustavia,Gustavia superba,Lecythidaceae,0,BAR
PEA0054,GUSTSU,Gustavia,Gustavia superba,Lecythidaceae,0,PEA
PEA0058,GUSTSU,Gustavia,Gustavia superba,Lecythidaceae,0,PEA
PEA0095,GUSTSU,Gustavia,Gustavia superba,Lecythidaceae,0,PEA
PEA0096,GUSTSU,Gustavia,Gustavia superba,Lecythidaceae,0,PEA
PEA0097,GUSTSU,Gustavia,Gustavia superba,Lecythidaceae,0,PEA
PEA0098,GUSTSU,Gustavia,Gustavia superba,Lecythidaceae,0,PEA
PEA0099,GUSTSU,Gustavia,Gustavia superba,Lecythidaceae,0,PEA
PEA0139,GUSTSU,Gustavia,Gustavia superba,Lecythidaceae,0,PEA
PEA0152,GUSTSU,Gustavia,Gustavia superba,Lecythidaceae,0,PEA
PEA0155,GUSTSU,Gustavia,Gustavia superba,Lecythidaceae,0,PEA
PEA0158,GUSTSU,Gustavia,Gustavia superba,Lecythidaceae,0,PEA
PEA0160,GUSTSU,Gustavia,Gustavia superba,Lecythidaceae,0,PEA
PEA0186,GUSTSU,Gustavia,Gustavia superba,Lecythidaceae,0,PEA
PEA0226,GUSTSU,Gustavia,Gustavia superba,Lecythidaceae,0,PEA
PEA0232,GUSTSU,Gustavia,Gustavia superba,Lecythidaceae,0,PEA
PEA0237,GUSTSU,Gustavia,Gustavia superba,Lecythidaceae,0,PEA
PEA0316,GUSTSU,Gustavia,Gustavia superba,Lecythidaceae,0,PEA
PPSTRYPA1,STRYPA,Strychnos,panamensis,Loganiaceae,1,Panama Pacifico
PPSTRYPA2,STRYPA,Strychnos,panamensis,Loganiaceae,1,Panama Pacifico
PPSTRYPA3,STRYPA,Strychnos,panamensis,Loganiaceae,1,Panama Pacifico
PPSTRYPA4,STRYPA,Strychnos,panamensis,Loganiaceae,1,Panama Pacifico
PPSTRYPA5,STRYPA,Strychnos,panamensis,Loganiaceae,1,Panama Pacifico
PPSTRYPA6,STRYPA,Strychnos,panamensis,Loganiaceae,1,Panama Pacifico
PMSTRYPA1,STRYPA,Strychnos,panamensis,Loganiaceae,1,Metropolitano
PMSTRYPA2,STRYPA,Strychnos,panamensis,Loganiaceae,1,Metropolitano
PMSTRYPA3,STRYPA,Strychnos,panamensis,Loganiaceae,1,Metropolitano
PMSTRYPA4,STRYPA,Strychnos,panamensis,Loganiaceae,1,Metropolitano
PMSTRYPA5,STRYPA,Strychnos,panamensis,Loganiaceae,1,Metropolitano
PMSTRYPA6,STRYPA,Strychnos,panamensis,Loganiaceae,1,Metropolitano
BVSTRYPA1,STRYPA,Strychnos,panamensis,Loganiaceae,1,Buena Vista
BVSTRYPA2,STRYPA,Strychnos,panamensis,Loganiaceae,1,Buena Vista
BVSTRYPA3,STRYPA,Strychnos,panamensis,Loganiaceae,1,Buena Vista
BVSTRYPA4,STRYPA,Strychnos,panamensis,Loganiaceae,1,Buena Vista
BVSTRYPA5,STRYPA,Strychnos,panamensis,Loganiaceae,1,Buena Vista
BVSTRYPA6,STRYPA,Strychnos,panamensis,Loganiaceae,1,Buena Vista
PMMASCNE1,MASCNE,Mascagnia,ovatifolia,Malpighiaceae,1,Metropolitano
PMMASCNE2,MASCNE,Mascagnia,ovatifolia,Malpighiaceae,1,Metropolitano
PMMASCNE3,MASCNE,Mascagnia,ovatifolia,Malpighiaceae,1,Metropolitano
PMMASCNE4,MASCNE,Mascagnia,ovatifolia,Malpighiaceae,1,Metropolitano
PMMASCNE5,MASCNE,Mascagnia,ovatifolia,Malpighiaceae,1,Metropolitano
PMMASCNE6,MASCNE,Mascagnia,ovatifolia,Malpighiaceae,1,Metropolitano
OLHIRAFA1,HIRAFA,Hiraea,faginea,Malpighiaceae,1,Oleoducto
OLHIRAFA2,HIRAFA,Hiraea,faginea,Malpighiaceae,1,Oleoducto
OLHIRAFA3,HIRAFA,Hiraea,faginea,Malpighiaceae,1,Oleoducto
OLHIRAFA4,HIRAFA,Hiraea,faginea,Malpighiaceae,1,Oleoducto
OLHIRAFA5,HIRAFA,Hiraea,faginea,Malpighiaceae,1,Oleoducto
OLHIRAFA6,HIRAFA,Hiraea,faginea,Malpighiaceae,1,Oleoducto
SRBANICO1,BANICO,Banisteriopsis,cornifolia,Malpighiaceae,1,Santa Rita
SRBANICO2,BANICO,Banisteriopsis,cornifolia,Malpighiaceae,1,Santa Rita
SRBANICO3,BANICO,Banisteriopsis,cornifolia,Malpighiaceae,1,Santa Rita
SRBANICO4,BANICO,Banisteriopsis,cornifolia,Malpighiaceae,1,Santa Rita
SRBANICO5,BANICO,Banisteriopsis,cornifolia,Malpighiaceae,1,Santa Rita
SRBANICO6,BANICO,Banisteriopsis,cornifolia,Malpighiaceae,1,Santa Rita
BAR0175,HIRARE,Hiraea,Hiraea reclinata,Malpighiaceae,1,BAR
BAR0195,HIRARE,Hiraea,Hiraea reclinata,Malpighiaceae,1,BAR
BAR0196,HIRARE,Hiraea,Hiraea reclinata,Malpighiaceae,1,BAR
BAR0197,HIRARE,Hiraea,Hiraea reclinata,Malpighiaceae,1,BAR
BAR0311,HIRARE,Hiraea,Hiraea reclinata,Malpighiaceae,1,BAR
BAR0316,HIRARE,Hiraea,Hiraea reclinata,Malpighiaceae,1,BAR
BAR0320,HIRARE,Hiraea,Hiraea reclinata,Malpighiaceae,1,BAR
BAR0370,HIRARE,Hiraea,Hiraea reclinata,Malpighiaceae,1,BAR
BAR0409,HIRARE,Hiraea,Hiraea reclinata,Malpighiaceae,1,BAR
BAR0411,HIRARE,Hiraea,Hiraea reclinata,Malpighiaceae,1,BAR
BAR0413,HIRARE,Hiraea,Hiraea reclinata,Malpighiaceae,1,BAR
BAR0417,HIRARE,Hiraea,Hiraea reclinata,Malpighiaceae,1,BAR
BAR0420,HIRARE,Hiraea,Hiraea reclinata,Malpighiaceae,1,BAR
BAR0422,HIRARE,Hiraea,Hiraea reclinata,Malpighiaceae,1,BAR
BAR0521,HIRARE,Hiraea,Hiraea reclinata,Malpighiaceae,1,BAR
BAR0522,HIRARE,Hiraea,Hiraea reclinata,Malpighiaceae,1,BAR
BAR0523,HIRARE,Hiraea,Hiraea reclinata,Malpighiaceae,1,BAR
BAR0526,HIRARE,Hiraea,Hiraea reclinata,Malpighiaceae,1,BAR
BAR0527,HIRARE,Hiraea,Hiraea reclinata,Malpighiaceae,1,BAR
BAR0528,HIRARE,Hiraea,Hiraea reclinata,Malpighiaceae,1,BAR
BAR0533,HIRARE,Hiraea,Hiraea reclinata,Malpighiaceae,1,BAR
BAR0535,HIRARE,Hiraea,Hiraea reclinata,Malpighiaceae,1,BAR
BAR0536,HIRARE,Hiraea,Hiraea reclinata,Malpighiaceae,1,BAR
BAR0537,HIRARE,Hiraea,Hiraea reclinata,Malpighiaceae,1,BAR
BAR0538,HIRARE,Hiraea,Hiraea reclinata,Malpighiaceae,1,BAR
BAR0544,HIRARE,Hiraea,Hiraea reclinata,Malpighiaceae,1,BAR
BAR0568,HIRARE,Hiraea,Hiraea reclinata,Malpighiaceae,1,BAR
BVPOCHSE1,POCHSE,Pachira,sessilis,Malvaceae,0,Buena Vista
BVPOCHSE2,POCHSE,Pachira,sessilis,Malvaceae,0,Buena Vista
BVPOCHSE3,POCHSE,Pachira,sessilis,Malvaceae,0,Buena Vista
BVPOCHSE4,POCHSE,Pachira,sessilis,Malvaceae,0,Buena Vista
BVPOCHSE5,POCHSE,Pachira,sessilis,Malvaceae,0,Buena Vista
BVPOCHSE6,POCHSE,Pachira,sessilis,Malvaceae,0,Buena Vista
ANMICOEL1,MICOEL,Miconia,elata,Melastomataceae,0,ANAM
ANMICOEL2,MICOEL,Miconia,elata,Melastomataceae,0,ANAM
ANMICOEL3,MICOEL,Miconia,elata,Melastomataceae,0,ANAM
ANMICOEL4,MICOEL,Miconia,elata,Melastomataceae,0,ANAM
ANMICOEL5,MICOEL,Miconia,elata,Melastomataceae,0,ANAM
ANMICOEL6,MICOEL,Miconia,elata,Melastomataceae,0,ANAM
ANMICOAF1,MICOAF,Miconia,affinis,Melastomataceae,0,ANAM
ANMICOAF2,MICOAF,Miconia,affinis,Melastomataceae,0,ANAM
ANMICOAF3,MICOAF,Miconia,affinis,Melastomataceae,0,ANAM
ANMICOAF4,MICOAF,Miconia,affinis,Melastomataceae,0,ANAM
ANMICOAF5,MICOAF,Miconia,affinis,Melastomataceae,0,ANAM
ANMICOAF6,MICOAF,Miconia,affinis,Melastomataceae,0,ANAM
ANMICOLA1,MICOLA,Miconia,lacera,Melastomataceae,0,ANAM
ANMICOLA2,MICOLA,Miconia,lacera,Melastomataceae,0,ANAM
ANMICOLA3,MICOLA,Miconia,lacera,Melastomataceae,0,ANAM
ANMICOLA4,MICOLA,Miconia,lacera,Melastomataceae,0,ANAM
ANMICOLA5,MICOLA,Miconia,lacera,Melastomataceae,0,ANAM
ANMICOLA6,MICOLA,Miconia,lacera,Melastomataceae,0,ANAM
BVMOURMY1,MOURMY,Mouriri,myrtilloides,Melastomataceae,0,Buena Vista
BVMOURMY2,MOURMY,Mouriri,myrtilloides,Melastomataceae,0,Buena Vista
BVMOURMY3,MOURMY,Mouriri,myrtilloides,Melastomataceae,0,Buena Vista
BVMOURMY4,MOURMY,Mouriri,myrtilloides,Melastomataceae,0,Buena Vista
BVMOURMY5,MOURMY,Mouriri,myrtilloides,Melastomataceae,0,Buena Vista
BVMOURMY6,MOURMY,Mouriri,myrtilloides,Melastomataceae,0,Buena Vista
SRMOURPA1,MOURPA,Mouriri,panamensis,Melastomataceae,0,Santa Rita
SRMOURPA2,MOURPA,Mouriri,panamensis,Melastomataceae,0,Santa Rita
SRMOURPA3,MOURPA,Mouriri,panamensis,Melastomataceae,0,Santa Rita
SRMOURPA4,MOURPA,Mouriri,panamensis,Melastomataceae,0,Santa Rita
SRMOURPA5,MOURPA,Mouriri,panamensis,Melastomataceae,0,Santa Rita
SRMOURPA6,MOURPA,Mouriri,panamensis,Melastomataceae,0,Santa Rita
SRMICOEL1,MICOEL,Miconia,elata,Melastomataceae,0,Santa Rita
SRMICOEL2,MICOEL,Miconia,elata,Melastomataceae,0,Santa Rita
SRMICOEL3,MICOEL,Miconia,elata,Melastomataceae,0,Santa Rita
SRMICOEL4,MICOEL,Miconia,elata,Melastomataceae,0,Santa Rita
SRMICOEL5,MICOEL,Miconia,elata,Melastomataceae,0,Santa Rita
SRMICOEL6,MICOEL,Miconia,elata,Melastomataceae,0,Santa Rita
SHMICOSI1,MICOSI,Miconia,simplex,Melastomataceae,0,Sherman
SHMICOSI2,MICOSI,Miconia,simplex,Melastomataceae,0,Sherman
SHMICOSI3,MICOSI,Miconia,simplex,Melastomataceae,0,Sherman
SHMICOSI4,MICOSI,Miconia,simplex,Melastomataceae,0,Sherman
SHMICOSI5,MICOSI,Miconia,simplex,Melastomataceae,0,Sherman
SHMICOSI6,MICOSI,Miconia,simplex,Melastomataceae,0,Sherman
BAR0025,MOURMY,Mouriri,Mouriri myrtilloides,Melastomataceae,0,BAR
BAR0131,MOURMY,Mouriri,Mouriri myrtilloides,Melastomataceae,0,BAR
BAR0137,MOURMY,Mouriri,Mouriri myrtilloides,Melastomataceae,0,BAR
BAR0166,MOURMY,Mouriri,Mouriri myrtilloides,Melastomataceae,0,BAR
BAR0180,MOURMY,Mouriri,Mouriri myrtilloides,Melastomataceae,0,BAR
BAR0218,MOURMY,Mouriri,Mouriri myrtilloides,Melastomataceae,0,BAR
BAR0225,MOURMY,Mouriri,Mouriri myrtilloides,Melastomataceae,0,BAR
BAR0228,MOURMY,Mouriri,Mouriri myrtilloides,Melastomataceae,0,BAR
BAR0230,MOURMY,Mouriri,Mouriri myrtilloides,Melastomataceae,0,BAR
BAR0239,MOURMY,Mouriri,Mouriri myrtilloides,Melastomataceae,0,BAR
BAR0241,MOURMY,Mouriri,Mouriri myrtilloides,Melastomataceae,0,BAR
BAR0244,MOURMY,Mouriri,Mouriri myrtilloides,Melastomataceae,0,BAR
BAR0266,MOURMY,Mouriri,Mouriri myrtilloides,Melastomataceae,0,BAR
BAR0269,MOURMY,Mouriri,Mouriri myrtilloides,Melastomataceae,0,BAR
BAR0403,MOURMY,Mouriri,Mouriri myrtilloides,Melastomataceae,0,BAR
BAR0410,MOURMY,Mouriri,Mouriri myrtilloides,Melastomataceae,0,BAR
BAR0509,MOURMY,Mouriri,Mouriri myrtilloides,Melastomataceae,0,BAR
BAR0531,MOURMY,Mouriri,Mouriri myrtilloides,Melastomataceae,0,BAR
BAR0574,MOURMY,Mouriri,Mouriri myrtilloides,Melastomataceae,0,BAR
BAR0586,MOURMY,Mouriri,Mouriri myrtilloides,Melastomataceae,0,BAR
BAR0587,MOURMY,Mouriri,Mouriri myrtilloides,Melastomataceae,0,BAR
BAR0591,MOURMY,Mouriri,Mouriri myrtilloides,Melastomataceae,0,BAR
PEA0012,MOURMY,Mouriri,Mouriri myrtilloides,Melastomataceae,0,PEA
PEA0037,MOURMY,Mouriri,Mouriri myrtilloides,Melastomataceae,0,PEA
PEA0038,MOURMY,Mouriri,Mouriri myrtilloides,Melastomataceae,0,PEA
PEA0039,MOURMY,Mouriri,Mouriri myrtilloides,Melastomataceae,0,PEA
PEA0069,MOURMY,Mouriri,Mouriri myrtilloides,Melastomataceae,0,PEA
PEA0076,MOURMY,Mouriri,Mouriri myrtilloides,Melastomataceae,0,PEA
PEA0079,MOURMY,Mouriri,Mouriri myrtilloides,Melastomataceae,0,PEA
PEA0150,MOURMY,Mouriri,Mouriri myrtilloides,Melastomataceae,0,PEA
PEA0269,MOURMY,Mouriri,Mouriri myrtilloides,Melastomataceae,0,PEA
PEA0270,MOURMY,Mouriri,Mouriri myrtilloides,Melastomataceae,0,PEA
PEA0306,MOURMY,Mouriri,Mouriri myrtilloides,Melastomataceae,0,PEA
PEA0308,MOURMY,Mouriri,Mouriri myrtilloides,Melastomataceae,0,PEA
PEA0309,MOURMY,Mouriri,Mouriri myrtilloides,Melastomataceae,0,PEA
PEA0321,MOURMY,Mouriri,Mouriri myrtilloides,Melastomataceae,0,PEA
PEA0338,MOURMY,Mouriri,Mouriri myrtilloides,Melastomataceae,0,PEA
PEA0346,MOURMY,Mouriri,Mouriri myrtilloides,Melastomataceae,0,PEA
PPGUARGL1,GUARGL,Guarea,glabra,Meliaceae,0,Panama Pacifico
PPGUARGL2,GUARGL,Guarea,glabra,Meliaceae,0,Panama Pacifico
PPGUARGL3,GUARGL,Guarea,glabra,Meliaceae,0,Panama Pacifico
PPGUARGL4,GUARGL,Guarea,glabra,Meliaceae,0,Panama Pacifico
PPGUARGL5,GUARGL,Guarea,glabra,Meliaceae,0,Panama Pacifico
PPGUARGL6,GUARGL,Guarea,glabra,Meliaceae,0,Panama Pacifico
PPGUARGU1,GUARGU,Guarea,guidonia,Meliaceae,0,Panama Pacifico
PPGUARGU2,GUARGU,Guarea,guidonia,Meliaceae,0,Panama Pacifico
PPGUARGU3,GUARGU,Guarea,guidonia,Meliaceae,0,Panama Pacifico
PPGUARGU4,GUARGU,Guarea,guidonia,Meliaceae,0,Panama Pacifico
PPGUARGU5,GUARGU,Guarea,guidonia,Meliaceae,0,Panama Pacifico
PPGUARGU6,GUARGU,Guarea,guidonia,Meliaceae,0,Panama Pacifico
CHGUARGU1,GUARGU,Guarea,guidonia,Meliaceae,0,Charco
CHGUARGU2,GUARGU,Guarea,guidonia,Meliaceae,0,Charco
CHGUARGU3,GUARGU,Guarea,guidonia,Meliaceae,0,Charco
CHGUARGU4,GUARGU,Guarea,guidonia,Meliaceae,0,Charco
CHGUARGU5,GUARGU,Guarea,guidonia,Meliaceae,0,Charco
CHGUARGU6,GUARGU,Guarea,guidonia,Meliaceae,0,Charco
OLTRI2TU1,TRI2TU,Trichilia,tuberculata,Meliaceae,0,Oleoducto
OLTRI2TU2,TRI2TU,Trichilia,tuberculata,Meliaceae,0,Oleoducto
OLTRI2TU3,TRI2TU,Trichilia,tuberculata,Meliaceae,0,Oleoducto
OLTRI2TU4,TRI2TU,Trichilia,tuberculata,Meliaceae,0,Oleoducto
OLTRI2TU5,TRI2TU,Trichilia,tuberculata,Meliaceae,0,Oleoducto
OLTRI2TU6,TRI2TU,Trichilia,tuberculata,Meliaceae,0,Oleoducto
PPABUTRA1,ABUTRA,Abuta,racemosa,Menispermaceae,1,Panama Pacifico
PPABUTRA2,ABUTRA,Abuta,racemosa,Menispermaceae,1,Panama Pacifico
PPABUTRA3,ABUTRA,Abuta,racemosa,Menispermaceae,1,Panama Pacifico
PPABUTRA4,ABUTRA,Abuta,racemosa,Menispermaceae,1,Panama Pacifico
PPABUTRA5,ABUTRA,Abuta,racemosa,Menispermaceae,1,Panama Pacifico
PPABUTRA6,ABUTRA,Abuta,racemosa,Menispermaceae,1,Panama Pacifico
ANABUTRA1,ABUTRA,Abuta,racemosa,Menispermaceae,1,ANAM
ANABUTRA2,ABUTRA,Abuta,racemosa,Menispermaceae,1,ANAM
ANABUTRA3,ABUTRA,Abuta,racemosa,Menispermaceae,1,ANAM
ANABUTRA4,ABUTRA,Abuta,racemosa,Menispermaceae,1,ANAM
ANABUTRA5,ABUTRA,Abuta,racemosa,Menispermaceae,1,ANAM
ANABUTRA6,ABUTRA,Abuta,racemosa,Menispermaceae,1,ANAM
PPBROSAL1,BROSAL,Brosimum,alicastrum,Moraceae,0,Panama Pacifico
PPBROSAL2,BROSAL,Brosimum,alicastrum,Moraceae,0,Panama Pacifico
PPBROSAL3,BROSAL,Brosimum,alicastrum,Moraceae,0,Panama Pacifico
PPBROSAL4,BROSAL,Brosimum,alicastrum,Moraceae,0,Panama Pacifico
PPBROSAL5,BROSAL,Brosimum,alicastrum,Moraceae,0,Panama Pacifico
PPBROSAL6,BROSAL,Brosimum,alicastrum,Moraceae,0,Panama Pacifico
PPTROPRA1,TROPRA,Trophis,racemosa,Moraceae,0,Panama Pacifico
PPTROPRA2,TROPRA,Trophis,racemosa,Moraceae,0,Panama Pacifico
PPTROPRA3,TROPRA,Trophis,racemosa,Moraceae,0,Panama Pacifico
PPTROPRA4,TROPRA,Trophis,racemosa,Moraceae,0,Panama Pacifico
PPTROPRA5,TROPRA,Trophis,racemosa,Moraceae,0,Panama Pacifico
PPTROPRA6,TROPRA,Trophis,racemosa,Moraceae,0,Panama Pacifico
PMCASTEL1,CASTEL,Castilla,elastica,Moraceae,0,Metropolitano
PMCASTEL2,CASTEL,Castilla,elastica,Moraceae,0,Metropolitano
PMCASTEL3,CASTEL,Castilla,elastica,Moraceae,0,Metropolitano
PMCASTEL4,CASTEL,Castilla,elastica,Moraceae,0,Metropolitano
PMCASTEL5,CASTEL,Castilla,elastica,Moraceae,0,Metropolitano
PMCASTEL6,CASTEL,Castilla,elastica,Moraceae,0,Metropolitano
ANCASTEL1,CASTEL,Castilla,elastica,Moraceae,0,ANAM
ANCASTEL2,CASTEL,Castilla,elastica,Moraceae,0,ANAM
ANCASTEL3,CASTEL,Castilla,elastica,Moraceae,0,ANAM
ANCASTEL4,CASTEL,Castilla,elastica,Moraceae,0,ANAM
ANCASTEL5,CASTEL,Castilla,elastica,Moraceae,0,ANAM
ANCASTEL6,CASTEL,Castilla,elastica,Moraceae,0,ANAM
CHSOROAF1,SOROAF,Sorocea,affinis,Moraceae,0,Charco
CHSOROAF2,SOROAF,Sorocea,affinis,Moraceae,0,Charco
CHSOROAF3,SOROAF,Sorocea,affinis,Moraceae,0,Charco
CHSOROAF4,SOROAF,Sorocea,affinis,Moraceae,0,Charco
CHSOROAF5,SOROAF,Sorocea,affinis,Moraceae,0,Charco
CHSOROAF6,SOROAF,Sorocea,affinis,Moraceae,0,Charco
CHTROPRA1,TROPRA,Trophis,racemosa,Moraceae,0,Charco
CHTROPRA2,TROPRA,Trophis,racemosa,Moraceae,0,Charco
CHTROPRA3,TROPRA,Trophis,racemosa,Moraceae,0,Charco
CHTROPRA4,TROPRA,Trophis,racemosa,Moraceae,0,Charco
CHTROPRA5,TROPRA,Trophis,racemosa,Moraceae,0,Charco
CHTROPRA6,TROPRA,Trophis,racemosa,Moraceae,0,Charco
OLPEREXA1,PEREXA,Perebea,xanthochyma,Moraceae,0,Oleoducto
OLPEREXA2,PEREXA,Perebea,xanthochyma,Moraceae,0,Oleoducto
OLPEREXA3,PEREXA,Perebea,xanthochyma,Moraceae,0,Oleoducto
OLPEREXA4,PEREXA,Perebea,xanthochyma,Moraceae,0,Oleoducto
OLPEREXA5,PEREXA,Perebea,xanthochyma,Moraceae,0,Oleoducto
OLPEREXA6,PEREXA,Perebea,xanthochyma,Moraceae,0,Oleoducto
OLSOROAF1,SOROAF,Sorocea,affinis,Moraceae,0,Oleoducto
OLSOROAF2,SOROAF,Sorocea,affinis,Moraceae,0,Oleoducto
OLSOROAF3,SOROAF,Sorocea,affinis,Moraceae,0,Oleoducto
OLSOROAF4,SOROAF,Sorocea,affinis,Moraceae,0,Oleoducto
OLSOROAF5,SOROAF,Sorocea,affinis,Moraceae,0,Oleoducto
OLSOROAF6,SOROAF,Sorocea,affinis,Moraceae,0,Oleoducto
OLPOULAR1,POULAR,Poulsenia,armata,Moraceae,0,Oleoducto
OLPOULAR2,POULAR,Poulsenia,armata,Moraceae,0,Oleoducto
OLPOULAR3,POULAR,Poulsenia,armata,Moraceae,0,Oleoducto
OLPOULAR4,POULAR,Poulsenia,armata,Moraceae,0,Oleoducto
OLPOULAR5,POULAR,Poulsenia,armata,Moraceae,0,Oleoducto
OLPOULAR6,POULAR,Poulsenia,armata,Moraceae,0,Oleoducto
OLOLMEAS1,OLMEAS,Trophis,caucana,Moraceae,0,Oleoducto
OLOLMEAS2,OLMEAS,Trophis,caucana,Moraceae,0,Oleoducto
OLOLMEAS3,OLMEAS,Trophis,caucana,Moraceae,0,Oleoducto
OLOLMEAS4,OLMEAS,Trophis,caucana,Moraceae,0,Oleoducto
OLOLMEAS5,OLMEAS,Trophis,caucana,Moraceae,0,Oleoducto
OLOLMEAS6,OLMEAS,Trophis,caucana,Moraceae,0,Oleoducto
OLBROSCO1,BROSCO,Brosimum,costaricanum,Moraceae,0,Oleoducto
OLBROSCO2,BROSCO,Brosimum,costaricanum,Moraceae,0,Oleoducto
OLBROSCO3,BROSCO,Brosimum,costaricanum,Moraceae,0,Oleoducto
OLBROSCO4,BROSCO,Brosimum,costaricanum,Moraceae,0,Oleoducto
OLBROSCO5,BROSCO,Brosimum,costaricanum,Moraceae,0,Oleoducto
OLBROSCO6,BROSCO,Brosimum,costaricanum,Moraceae,0,Oleoducto
BVSOROAF1,SOROAF,Sorocea,affinis,Moraceae,0,Buena Vista
BVSOROAF2,SOROAF,Sorocea,affinis,Moraceae,0,Buena Vista
BVSOROAF3,SOROAF,Sorocea,affinis,Moraceae,0,Buena Vista
BVSOROAF4,SOROAF,Sorocea,affinis,Moraceae,0,Buena Vista
BVSOROAF5,SOROAF,Sorocea,affinis,Moraceae,0,Buena Vista
BVSOROAF6,SOROAF,Sorocea,affinis,Moraceae,0,Buena Vista
BVMAQUCO1,MAQUCO,Maquira,guianensis,Moraceae,0,Buena Vista
BVMAQUCO2,MAQUCO,Maquira,guianensis,Moraceae,0,Buena Vista
BVMAQUCO3,MAQUCO,Maquira,guianensis,Moraceae,0,Buena Vista
BVMAQUCO4,MAQUCO,Maquira,guianensis,Moraceae,0,Buena Vista
BVMAQUCO5,MAQUCO,Maquira,guianensis,Moraceae,0,Buena Vista
BVMAQUCO6,MAQUCO,Maquira,guianensis,Moraceae,0,Buena Vista
SHBROSUT1,BROSUT,Brosimum,utile,Moraceae,0,Sherman
SHBROSUT2,BROSUT,Brosimum,utile,Moraceae,0,Sherman
SHBROSUT3,BROSUT,Brosimum,utile,Moraceae,0,Sherman
SHBROSUT4,BROSUT,Brosimum,utile,Moraceae,0,Sherman
SHBROSUT5,BROSUT,Brosimum,utile,Moraceae,0,Sherman
SHBROSUT6,BROSUT,Brosimum,utile,Moraceae,0,Sherman
SHPEREXA1,PEREXA,Perebea,xanthochyma,Moraceae,0,Sherman
SHPEREXA2,PEREXA,Perebea,xanthochyma,Moraceae,0,Sherman
SHPEREXA3,PEREXA,Perebea,xanthochyma,Moraceae,0,Sherman
SHPEREXA4,PEREXA,Perebea,xanthochyma,Moraceae,0,Sherman
SHPEREXA5,PEREXA,Perebea,xanthochyma,Moraceae,0,Sherman
SHPEREXA6,PEREXA,Perebea,xanthochyma,Moraceae,0,Sherman
SHBROSGU1,BROSGU,Brosimum,guianense,Moraceae,0,Sherman
SHBROSGU2,BROSGU,Brosimum,guianense,Moraceae,0,Sherman
SHBROSGU3,BROSGU,Brosimum,guianense,Moraceae,0,Sherman
SHBROSGU4,BROSGU,Brosimum,guianense,Moraceae,0,Sherman
SHBROSGU5,BROSGU,Brosimum,guianense,Moraceae,0,Sherman
SHBROSGU6,BROSGU,Brosimum,guianense,Moraceae,0,Sherman
CHVIROSE1,VIROSE,Virola,sebifera,Myristicaceae,0,Charco
CHVIROSE2,VIROSE,Virola,sebifera,Myristicaceae,0,Charco
CHVIROSE3,VIROSE,Virola,sebifera,Myristicaceae,0,Charco
CHVIROSE4,VIROSE,Virola,sebifera,Myristicaceae,0,Charco
CHVIROSE5,VIROSE,Virola,sebifera,Myristicaceae,0,Charco
CHVIROSE6,VIROSE,Virola,sebifera,Myristicaceae,0,Charco
OLVIROSE1,VIROSE,Virola,sebifera,Myristicaceae,0,Oleoducto
OLVIROSE2,VIROSE,Virola,sebifera,Myristicaceae,0,Oleoducto
OLVIROSE3,VIROSE,Virola,sebifera,Myristicaceae,0,Oleoducto
OLVIROSE4,VIROSE,Virola,sebifera,Myristicaceae,0,Oleoducto
OLVIROSE5,VIROSE,Virola,sebifera,Myristicaceae,0,Oleoducto
OLVIROSE6,VIROSE,Virola,sebifera,Myristicaceae,0,Oleoducto
BVVIROSE1,VIROSE,Virola,sebifera,Myristicaceae,0,Buena Vista
BVVIROSE2,VIROSE,Virola,sebifera,Myristicaceae,0,Buena Vista
BVVIROSE3,VIROSE,Virola,sebifera,Myristicaceae,0,Buena Vista
BVVIROSE4,VIROSE,Virola,sebifera,Myristicaceae,0,Buena Vista
BVVIROSE5,VIROSE,Virola,sebifera,Myristicaceae,0,Buena Vista
BVVIROSE6,VIROSE,Virola,sebifera,Myristicaceae,0,Buena Vista
SRVIROSE1,VIROSE,Virola,sebifera,Myristicaceae,0,Santa Rita
SRVIROSE2,VIROSE,Virola,sebifera,Myristicaceae,0,Santa Rita
SRVIROSE3,VIROSE,Virola,sebifera,Myristicaceae,0,Santa Rita
SRVIROSE4,VIROSE,Virola,sebifera,Myristicaceae,0,Santa Rita
SRVIROSE5,VIROSE,Virola,sebifera,Myristicaceae,0,Santa Rita
SRVIROSE6,VIROSE,Virola,sebifera,Myristicaceae,0,Santa Rita
SHVIROSE1,VIROSE,Virola,sebifera,Myristicaceae,0,Sherman
SHVIROSE2,VIROSE,Virola,sebifera,Myristicaceae,0,Sherman
SHVIROSE3,VIROSE,Virola,sebifera,Myristicaceae,0,Sherman
SHVIROSE4,VIROSE,Virola,sebifera,Myristicaceae,0,Sherman
SHVIROSE5,VIROSE,Virola,sebifera,Myristicaceae,0,Sherman
SHVIROSE6,VIROSE,Virola,sebifera,Myristicaceae,0,Sherman
SHVIROEL1,VIROEL,Virola,elongata,Myristicaceae,0,Sherman
SHVIROEL2,VIROEL,Virola,elongata,Myristicaceae,0,Sherman
SHVIROEL3,VIROEL,Virola,elongata,Myristicaceae,0,Sherman
SHVIROEL4,VIROEL,Virola,elongata,Myristicaceae,0,Sherman
SHVIROEL5,VIROEL,Virola,elongata,Myristicaceae,0,Sherman
SHVIROEL6,VIROEL,Virola,elongata,Myristicaceae,0,Sherman
PPSTYLST1,STYLST,Stylogyne,turbacensis,Primulaceae,0,Panama Pacifico
PPSTYLST2,STYLST,Stylogyne,turbacensis,Primulaceae,0,Panama Pacifico
PPSTYLST3,STYLST,Stylogyne,turbacensis,Primulaceae,0,Panama Pacifico
PPSTYLST4,STYLST,Stylogyne,turbacensis,Primulaceae,0,Panama Pacifico
PPSTYLST5,STYLST,Stylogyne,turbacensis,Primulaceae,0,Panama Pacifico
PPSTYLST6,STYLST,Stylogyne,turbacensis,Primulaceae,0,Panama Pacifico
PMSTYLST1,STYLST,Stylogyne,turbacensis,Primulaceae,0,Metropolitano
PMSTYLST2,STYLST,Stylogyne,turbacensis,Primulaceae,0,Metropolitano
PMSTYLST3,STYLST,Stylogyne,turbacensis,Primulaceae,0,Metropolitano
PMSTYLST4,STYLST,Stylogyne,turbacensis,Primulaceae,0,Metropolitano
PMSTYLST5,STYLST,Stylogyne,turbacensis,Primulaceae,0,Metropolitano
PMSTYLST6,STYLST,Stylogyne,turbacensis,Primulaceae,0,Metropolitano
CHARDIPE1,ARDIPE,Ardisia,pellucida,Primulaceae,0,Charco
CHARDIPE2,ARDIPE,Ardisia,pellucida,Primulaceae,0,Charco
CHARDIPE3,ARDIPE,Ardisia,pellucida,Primulaceae,0,Charco
CHARDIPE4,ARDIPE,Ardisia,pellucida,Primulaceae,0,Charco
CHARDIPE5,ARDIPE,Ardisia,pellucida,Primulaceae,0,Charco
CHARDIPE6,ARDIPE,Ardisia,pellucida,Primulaceae,0,Charco
ANCAL1WA1,CAL1WA,Calycolpus,warszewiczianus,Myrtaceae,0,ANAM
ANCAL1WA2,CAL1WA,Calycolpus,warszewiczianus,Myrtaceae,0,ANAM
ANCAL1WA3,CAL1WA,Calycolpus,warszewiczianus,Myrtaceae,0,ANAM
ANCAL1WA4,CAL1WA,Calycolpus,warszewiczianus,Myrtaceae,0,ANAM
ANCAL1WA5,CAL1WA,Calycolpus,warszewiczianus,Myrtaceae,0,ANAM
ANCAL1WA6,CAL1WA,Calycolpus,warszewiczianus,Myrtaceae,0,ANAM
OLEUGEOE1,EUGEOE,Eugenia,oerstediana,Myrtaceae,0,Oleoducto
OLEUGEOE2,EUGEOE,Eugenia,oerstediana,Myrtaceae,0,Oleoducto
OLEUGEOE3,EUGEOE,Eugenia,oerstediana,Myrtaceae,0,Oleoducto
OLEUGEOE4,EUGEOE,Eugenia,oerstediana,Myrtaceae,0,Oleoducto
OLEUGEOE5,EUGEOE,Eugenia,oerstediana,Myrtaceae,0,Oleoducto
OLEUGEOE6,EUGEOE,Eugenia,oerstediana,Myrtaceae,0,Oleoducto
BVMYRCGA1,MYRCGA,Myrcia,gatunensis,Myrtaceae,0,Buena Vista
BVMYRCGA2,MYRCGA,Myrcia,gatunensis,Myrtaceae,0,Buena Vista
BVMYRCGA3,MYRCGA,Myrcia,gatunensis,Myrtaceae,0,Buena Vista
BVMYRCGA4,MYRCGA,Myrcia,gatunensis,Myrtaceae,0,Buena Vista
BVMYRCGA5,MYRCGA,Myrcia,gatunensis,Myrtaceae,0,Buena Vista
BVMYRCGA6,MYRCGA,Myrcia,gatunensis,Myrtaceae,0,Buena Vista
SRMYRCGA1,MYRCGA,Myrcia,gatunensis,Myrtaceae,0,Santa Rita
SRMYRCGA2,MYRCGA,Myrcia,gatunensis,Myrtaceae,0,Santa Rita
SRMYRCGA3,MYRCGA,Myrcia,gatunensis,Myrtaceae,0,Santa Rita
SRMYRCGA4,MYRCGA,Myrcia,gatunensis,Myrtaceae,0,Santa Rita
SRMYRCGA5,MYRCGA,Myrcia,gatunensis,Myrtaceae,0,Santa Rita
SRMYRCGA6,MYRCGA,Myrcia,gatunensis,Myrtaceae,0,Santa Rita
SRCALYPU1,CALYPU,Calyptranthes,pulchella,Myrtaceae,0,Santa Rita
SRCALYPU2,CALYPU,Calyptranthes,pulchella,Myrtaceae,0,Santa Rita
SRCALYPU3,CALYPU,Calyptranthes,pulchella,Myrtaceae,0,Santa Rita
SRCALYPU4,CALYPU,Calyptranthes,pulchella,Myrtaceae,0,Santa Rita
SRCALYPU5,CALYPU,Calyptranthes,pulchella,Myrtaceae,0,Santa Rita
SRCALYPU6,CALYPU,Calyptranthes,pulchella,Myrtaceae,0,Santa Rita
SHMYRCGA1,MYRCGA,Myrcia,gatunensis,Myrtaceae,0,Sherman
SHMYRCGA2,MYRCGA,Myrcia,gatunensis,Myrtaceae,0,Sherman
SHMYRCGA3,MYRCGA,Myrcia,gatunensis,Myrtaceae,0,Sherman
SHMYRCGA4,MYRCGA,Myrcia,gatunensis,Myrtaceae,0,Sherman
SHMYRCGA5,MYRCGA,Myrcia,gatunensis,Myrtaceae,0,Sherman
SHMYRCGA6,MYRCGA,Myrcia,gatunensis,Myrtaceae,0,Sherman
BAR0005,EUGENE,Eugenia,Eugenia nesiotica,Myrtaceae,0,BAR
BAR0009,EUGENE,Eugenia,Eugenia nesiotica,Myrtaceae,0,BAR
BAR0011,EUGENE,Eugenia,Eugenia nesiotica,Myrtaceae,0,BAR
BAR0012,EUGENE,Eugenia,Eugenia nesiotica,Myrtaceae,0,BAR
BAR0013,EUGENE,Eugenia,Eugenia nesiotica,Myrtaceae,0,BAR
BAR0082,EUGENE,Eugenia,Eugenia nesiotica,Myrtaceae,0,BAR
BAR0095,EUGENE,Eugenia,Eugenia nesiotica,Myrtaceae,0,BAR
BAR0102,EUGENE,Eugenia,Eugenia nesiotica,Myrtaceae,0,BAR
BAR0107,EUGEOE,Eugenia,Eugenia oerstediana,Myrtaceae,0,BAR
BAR0118,EUGENE,Eugenia,Eugenia nesiotica,Myrtaceae,0,BAR
BAR0120,EUGENE,Eugenia,Eugenia nesiotica,Myrtaceae,0,BAR
BAR0129,EUGENE,Eugenia,Eugenia nesiotica,Myrtaceae,0,BAR
BAR0132,EUGEOE,Eugenia,Eugenia oerstediana,Myrtaceae,0,BAR
BAR0141,EUGENE,Eugenia,Eugenia nesiotica,Myrtaceae,0,BAR
BAR0143,EUGEOE,Eugenia,Eugenia oerstediana,Myrtaceae,0,BAR
BAR0144,EUGENE,Eugenia,Eugenia nesiotica,Myrtaceae,0,BAR
BAR0146,EUGENE,Eugenia,Eugenia nesiotica,Myrtaceae,0,BAR
BAR0198,EUGENE,Eugenia,Eugenia nesiotica,Myrtaceae,0,BAR
BAR0229,EUGENE,Eugenia,Eugenia nesiotica,Myrtaceae,0,BAR
BAR0235,EUGENE,Eugenia,Eugenia nesiotica,Myrtaceae,0,BAR
BAR0251,EUGENE,Eugenia,Eugenia nesiotica,Myrtaceae,0,BAR
BAR0273,EUGEOE,Eugenia,Eugenia oerstediana,Myrtaceae,0,BAR
BAR0274,EUGEOE,Eugenia,Eugenia oerstediana,Myrtaceae,0,BAR
BAR0299,EUGENE,Eugenia,Eugenia nesiotica,Myrtaceae,0,BAR
BAR0300,EUGENE,Eugenia,Eugenia nesiotica,Myrtaceae,0,BAR
BAR0335,EUGENE,Eugenia,Eugenia nesiotica,Myrtaceae,0,BAR
BAR0337,EUGENE,Eugenia,Eugenia nesiotica,Myrtaceae,0,BAR
BAR0341,EUGEOE,Eugenia,Eugenia oerstediana,Myrtaceae,0,BAR
BAR0345,EUGEOE,Eugenia,Eugenia oerstediana,Myrtaceae,0,BAR
BAR0364,EUGEOE,Eugenia,Eugenia oerstediana,Myrtaceae,0,BAR
BAR0367,EUGEOE,Eugenia,Eugenia oerstediana,Myrtaceae,0,BAR
BAR0369,EUGEOE,Eugenia,Eugenia oerstediana,Myrtaceae,0,BAR
BAR0377,EUGENE,Eugenia,Eugenia nesiotica,Myrtaceae,0,BAR
BAR0379,EUGENE,Eugenia,Eugenia nesiotica,Myrtaceae,0,BAR
BAR0399,EUGEOE,Eugenia,Eugenia oerstediana,Myrtaceae,0,BAR
BAR0400,EUGEOE,Eugenia,Eugenia oerstediana,Myrtaceae,0,BAR
BAR0402,EUGEOE,Eugenia,Eugenia oerstediana,Myrtaceae,0,BAR
BAR0404,EUGEOE,Eugenia,Eugenia oerstediana,Myrtaceae,0,BAR
BAR0407,EUGEOE,Eugenia,Eugenia oerstediana,Myrtaceae,0,BAR
BAR0414,EUGEOE,Eugenia,Eugenia oerstediana,Myrtaceae,0,BAR
BAR0415,EUGEOE,Eugenia,Eugenia oerstediana,Myrtaceae,0,BAR
BAR0435,EUGEOE,Eugenia,Eugenia oerstediana,Myrtaceae,0,BAR
BAR0436,EUGEOE,Eugenia,Eugenia oerstediana,Myrtaceae,0,BAR
BAR0438,EUGEOE,Eugenia,Eugenia oerstediana,Myrtaceae,0,BAR
BAR0443,EUGEOE,Eugenia,Eugenia oerstediana,Myrtaceae,0,BAR
BAR0444,EUGEOE,Eugenia,Eugenia oerstediana,Myrtaceae,0,BAR
BAR0446,EUGEOE,Eugenia,Eugenia oerstediana,Myrtaceae,0,BAR
BAR0447,EUGENE,Eugenia,Eugenia nesiotica,Myrtaceae,0,BAR
BAR0448,EUGEOE,Eugenia,Eugenia oerstediana,Myrtaceae,0,BAR
BAR0449,EUGEOE,Eugenia,Eugenia oerstediana,Myrtaceae,0,BAR
BAR0453,EUGENE,Eugenia,Eugenia nesiotica,Myrtaceae,0,BAR
BAR0456,EUGEOE,Eugenia,Eugenia oerstediana,Myrtaceae,0,BAR
BAR0458,EUGEOE,Eugenia,Eugenia oerstediana,Myrtaceae,0,BAR
BAR0459,EUGEOE,Eugenia,Eugenia oerstediana,Myrtaceae,0,BAR
BAR0461,EUGEOE,Eugenia,Eugenia oerstediana,Myrtaceae,0,BAR
BAR0462,EUGEOE,Eugenia,Eugenia oerstediana,Myrtaceae,0,BAR
BAR0550,EUGENE,Eugenia,Eugenia nesiotica,Myrtaceae,0,BAR
BAR0551,EUGENE,Eugenia,Eugenia nesiotica,Myrtaceae,0,BAR
BAR0582,EUGENE,Eugenia,Eugenia nesiotica,Myrtaceae,0,BAR
BAR0583,EUGENE,Eugenia,Eugenia nesiotica,Myrtaceae,0,BAR
PEA0011,EUGEOE,Eugenia,Eugenia oerstediana,Myrtaceae,0,PEA
PEA0057,EUGEOE,Eugenia,Eugenia oerstediana,Myrtaceae,0,PEA
PEA0062,EUGEOE,Eugenia,Eugenia oerstediana,Myrtaceae,0,PEA
PEA0092,EUGEOE,Eugenia,Eugenia oerstediana,Myrtaceae,0,PEA
PEA0107,EUGEOE,Eugenia,Eugenia oerstediana,Myrtaceae,0,PEA
PEA0127,EUGEOE,Eugenia,Eugenia oerstediana,Myrtaceae,0,PEA
PEA0128,EUGEOE,Eugenia,Eugenia oerstediana,Myrtaceae,0,PEA
PEA0154,EUGEOE,Eugenia,Eugenia oerstediana,Myrtaceae,0,PEA
PEA0165,EUGEOE,Eugenia,Eugenia oerstediana,Myrtaceae,0,PEA
PEA0199,EUGEOE,Eugenia,Eugenia oerstediana,Myrtaceae,0,PEA
PEA0202,EUGEOE,Eugenia,Eugenia oerstediana,Myrtaceae,0,PEA
PEA0215,EUGEOE,Eugenia,Eugenia oerstediana,Myrtaceae,0,PEA
PEA0231,EUGEOE,Eugenia,Eugenia oerstediana,Myrtaceae,0,PEA
PEA0249,EUGEOE,Eugenia,Eugenia oerstediana,Myrtaceae,0,PEA
PEA0252,EUGEOE,Eugenia,Eugenia oerstediana,Myrtaceae,0,PEA
PEA0254,EUGEOE,Eugenia,Eugenia oerstediana,Myrtaceae,0,PEA
PEA0258,EUGEOE,Eugenia,Eugenia oerstediana,Myrtaceae,0,PEA
PEA0263,EUGEOE,Eugenia,Eugenia oerstediana,Myrtaceae,0,PEA
PEA0268,EUGEOE,Eugenia,Eugenia oerstediana,Myrtaceae,0,PEA
PEA0272,EUGEOE,Eugenia,Eugenia oerstediana,Myrtaceae,0,PEA
PEA0305,EUGEOE,Eugenia,Eugenia oerstediana,Myrtaceae,0,PEA
PEA0315,EUGEOE,Eugenia,Eugenia oerstediana,Myrtaceae,0,PEA
PEA0342,EUGEOE,Eugenia,Eugenia oerstediana,Myrtaceae,0,PEA
PEA0378,EUGEOE,Eugenia,Eugenia oerstediana,Myrtaceae,0,PEA
OLNEEADE1,NEEADE,Neea,delicatula,Nyctaginaceae,0,Oleoducto
OLNEEADE2,NEEADE,Neea,delicatula,Nyctaginaceae,0,Oleoducto
OLNEEADE3,NEEADE,Neea,delicatula,Nyctaginaceae,0,Oleoducto
OLNEEADE4,NEEADE,Neea,delicatula,Nyctaginaceae,0,Oleoducto
OLNEEADE5,NEEADE,Neea,delicatula,Nyctaginaceae,0,Oleoducto
OLNEEADE6,NEEADE,Neea,delicatula,Nyctaginaceae,0,Oleoducto
PMOURALU1,OURALU,Ouratea,lucens,Ochnaceae,0,Metropolitano
PMOURALU2,OURALU,Ouratea,lucens,Ochnaceae,0,Metropolitano
PMOURALU3,OURALU,Ouratea,lucens,Ochnaceae,0,Metropolitano
PMOURALU4,OURALU,Ouratea,lucens,Ochnaceae,0,Metropolitano
PMOURALU5,OURALU,Ouratea,lucens,Ochnaceae,0,Metropolitano
PMOURALU6,OURALU,Ouratea,lucens,Ochnaceae,0,Metropolitano
BVOURALU1,OURALU,Ouratea,lucens,Ochnaceae,0,Buena Vista
BVOURALU2,OURALU,Ouratea,lucens,Ochnaceae,0,Buena Vista
BVOURALU3,OURALU,Ouratea,lucens,Ochnaceae,0,Buena Vista
BVOURALU4,OURALU,Ouratea,lucens,Ochnaceae,0,Buena Vista
BVOURALU5,OURALU,Ouratea,lucens,Ochnaceae,0,Buena Vista
BVOURALU6,OURALU,Ouratea,lucens,Ochnaceae,0,Buena Vista
SROURASU1,OURASU,Ouratea,sulcatinervia,Ochnaceae,0,Santa Rita
SROURASU2,OURASU,Ouratea,sulcatinervia,Ochnaceae,0,Santa Rita
SROURASU3,OURASU,Ouratea,sulcatinervia,Ochnaceae,0,Santa Rita
SROURASU4,OURASU,Ouratea,sulcatinervia,Ochnaceae,0,Santa Rita
SROURASU5,OURASU,Ouratea,sulcatinervia,Ochnaceae,0,Santa Rita
SROURASU6,OURASU,Ouratea,sulcatinervia,Ochnaceae,0,Santa Rita
PMPICRLA1,PICRLA,Picramnia,latifolia,Picramniaceae,0,Metropolitano
PMPICRLA2,PICRLA,Picramnia,latifolia,Picramniaceae,0,Metropolitano
PMPICRLA3,PICRLA,Picramnia,latifolia,Picramniaceae,0,Metropolitano
PMPICRLA4,PICRLA,Picramnia,latifolia,Picramniaceae,0,Metropolitano
PMPICRLA5,PICRLA,Picramnia,latifolia,Picramniaceae,0,Metropolitano
PMPICRLA6,PICRLA,Picramnia,latifolia,Picramniaceae,0,Metropolitano
PPPIPEAE1,PIPEAE,Piper,aequale,Piperaceae,0,Panama Pacifico
PPPIPEAE2,PIPEAE,Piper,aequale,Piperaceae,0,Panama Pacifico
PPPIPEAE3,PIPEAE,Piper,aequale,Piperaceae,0,Panama Pacifico
PPPIPEAE4,PIPEAE,Piper,aequale,Piperaceae,0,Panama Pacifico
PPPIPEAE5,PIPEAE,Piper,aequale,Piperaceae,0,Panama Pacifico
PPPIPEAE6,PIPEAE,Piper,aequale,Piperaceae,0,Panama Pacifico
PMPIPEAE1,PIPEAE,Piper,aequale,Piperaceae,0,Metropolitano
PMPIPEAE2,PIPEAE,Piper,aequale,Piperaceae,0,Metropolitano
PMPIPEAE3,PIPEAE,Piper,aequale,Piperaceae,0,Metropolitano
PMPIPEAE4,PIPEAE,Piper,aequale,Piperaceae,0,Metropolitano
PMPIPEAE5,PIPEAE,Piper,aequale,Piperaceae,0,Metropolitano
PMPIPEAE6,PIPEAE,Piper,aequale,Piperaceae,0,Metropolitano
PMPIPEGR1,PIPEGR,Piper,grande,Piperaceae,0,Metropolitano
PMPIPEGR2,PIPEGR,Piper,grande,Piperaceae,0,Metropolitano
PMPIPEGR3,PIPEGR,Piper,grande,Piperaceae,0,Metropolitano
PMPIPEGR4,PIPEGR,Piper,grande,Piperaceae,0,Metropolitano
PMPIPEGR5,PIPEGR,Piper,grande,Piperaceae,0,Metropolitano
PMPIPEGR6,PIPEGR,Piper,grande,Piperaceae,0,Metropolitano
ANPIPECO1,PIPECO,Piper,cordulatum,Piperaceae,0,ANAM
ANPIPECO2,PIPECO,Piper,cordulatum,Piperaceae,0,ANAM
ANPIPECO3,PIPECO,Piper,cordulatum,Piperaceae,0,ANAM
ANPIPECO4,PIPECO,Piper,cordulatum,Piperaceae,0,ANAM
ANPIPECO5,PIPECO,Piper,cordulatum,Piperaceae,0,ANAM
ANPIPECO6,PIPECO,Piper,cordulatum,Piperaceae,0,ANAM
CHPIPECO1,PIPECO,Piper,cordulatum,Piperaceae,0,Charco
CHPIPECO2,PIPECO,Piper,cordulatum,Piperaceae,0,Charco
CHPIPECO3,PIPECO,Piper,cordulatum,Piperaceae,0,Charco
CHPIPECO4,PIPECO,Piper,cordulatum,Piperaceae,0,Charco
CHPIPECO5,PIPECO,Piper,cordulatum,Piperaceae,0,Charco
CHPIPECO6,PIPECO,Piper,cordulatum,Piperaceae,0,Charco
CHPIPECU1,PIPECU,Piper,colonense,Piperaceae,0,Charco
CHPIPECU2,PIPECU,Piper,colonense,Piperaceae,0,Charco
CHPIPECU3,PIPECU,Piper,colonense,Piperaceae,0,Charco
CHPIPECU4,PIPECU,Piper,colonense,Piperaceae,0,Charco
CHPIPECU5,PIPECU,Piper,colonense,Piperaceae,0,Charco
CHPIPECU6,PIPECU,Piper,colonense,Piperaceae,0,Charco
OLPIPECA1,PIPECA,Piper,schiedeanum,Piperaceae,0,Oleoducto
OLPIPECA2,PIPECA,Piper,schiedeanum,Piperaceae,0,Oleoducto
OLPIPECA3,PIPECA,Piper,schiedeanum,Piperaceae,0,Oleoducto
OLPIPECA4,PIPECA,Piper,schiedeanum,Piperaceae,0,Oleoducto
OLPIPECA5,PIPECA,Piper,schiedeanum,Piperaceae,0,Oleoducto
OLPIPECA6,PIPECA,Piper,schiedeanum,Piperaceae,0,Oleoducto
OLPIPECO1,PIPECO,Piper,cordulatum,Piperaceae,0,Oleoducto
OLPIPECO2,PIPECO,Piper,cordulatum,Piperaceae,0,Oleoducto
OLPIPECO3,PIPECO,Piper,cordulatum,Piperaceae,0,Oleoducto
OLPIPECO4,PIPECO,Piper,cordulatum,Piperaceae,0,Oleoducto
OLPIPECO5,PIPECO,Piper,cordulatum,Piperaceae,0,Oleoducto
OLPIPECO6,PIPECO,Piper,cordulatum,Piperaceae,0,Oleoducto
SRPIPEA41,PIPEA4,Piper,augustum,Piperaceae,0,Santa Rita
SRPIPEA42,PIPEA4,Piper,augustum,Piperaceae,0,Santa Rita
SRPIPEA43,PIPEA4,Piper,augustum,Piperaceae,0,Santa Rita
SRPIPEA44,PIPEA4,Piper,augustum,Piperaceae,0,Santa Rita
SRPIPEA45,PIPEA4,Piper,augustum,Piperaceae,0,Santa Rita
SRPIPEA46,PIPEA4,Piper,augustum,Piperaceae,0,Santa Rita
SHPIPECO1,PIPECO,Piper,cordulatum,Piperaceae,0,Sherman
SHPIPECO2,PIPECO,Piper,cordulatum,Piperaceae,0,Sherman
SHPIPECO3,PIPECO,Piper,cordulatum,Piperaceae,0,Sherman
SHPIPECO4,PIPECO,Piper,cordulatum,Piperaceae,0,Sherman
SHPIPECO5,PIPECO,Piper,cordulatum,Piperaceae,0,Sherman
SHPIPECO6,PIPECO,Piper,cordulatum,Piperaceae,0,Sherman
PPCOCCP11,COCCP1,Coccoloba,parimensis,Polygonaceae,1,Panama Pacifico
PPCOCCP12,COCCP1,Coccoloba,parimensis,Polygonaceae,1,Panama Pacifico
PPCOCCP13,COCCP1,Coccoloba,parimensis,Polygonaceae,1,Panama Pacifico
PPCOCCP14,COCCP1,Coccoloba,parimensis,Polygonaceae,1,Panama Pacifico
PPCOCCP15,COCCP1,Coccoloba,parimensis,Polygonaceae,1,Panama Pacifico
PPCOCCP16,COCCP1,Coccoloba,parimensis,Polygonaceae,1,Panama Pacifico
PMCOCCP11,COCCP1,Coccoloba,parimensis,Polygonaceae,1,Metropolitano
PMCOCCP12,COCCP1,Coccoloba,parimensis,Polygonaceae,1,Metropolitano
PMCOCCP13,COCCP1,Coccoloba,parimensis,Polygonaceae,1,Metropolitano
PMCOCCP14,COCCP1,Coccoloba,parimensis,Polygonaceae,1,Metropolitano
PMCOCCP15,COCCP1,Coccoloba,parimensis,Polygonaceae,1,Metropolitano
PMCOCCP16,COCCP1,Coccoloba,parimensis,Polygonaceae,1,Metropolitano
CHCOCCP11,COCCP1,Coccoloba,parimensis,Polygonaceae,1,Charco
CHCOCCP12,COCCP1,Coccoloba,parimensis,Polygonaceae,1,Charco
CHCOCCP13,COCCP1,Coccoloba,parimensis,Polygonaceae,1,Charco
CHCOCCP14,COCCP1,Coccoloba,parimensis,Polygonaceae,1,Charco
CHCOCCP15,COCCP1,Coccoloba,parimensis,Polygonaceae,1,Charco
CHCOCCP16,COCCP1,Coccoloba,parimensis,Polygonaceae,1,Charco
BVCOCCMA1,COCCMA,Coccoloba,manzinellensis,Polygonaceae,0,Buena Vista
BVCOCCMA2,COCCMA,Coccoloba,manzinellensis,Polygonaceae,0,Buena Vista
BVCOCCMA3,COCCMA,Coccoloba,manzinellensis,Polygonaceae,0,Buena Vista
BVCOCCMA4,COCCMA,Coccoloba,manzinellensis,Polygonaceae,0,Buena Vista
BVCOCCMA5,COCCMA,Coccoloba,manzinellensis,Polygonaceae,0,Buena Vista
BVCOCCMA6,COCCMA,Coccoloba,manzinellensis,Polygonaceae,0,Buena Vista
BVCOCCP11,COCCP1,Coccoloba,parimensis,Polygonaceae,1,Buena Vista
BVCOCCP12,COCCP1,Coccoloba,parimensis,Polygonaceae,1,Buena Vista
BVCOCCP13,COCCP1,Coccoloba,parimensis,Polygonaceae,1,Buena Vista
BVCOCCP14,COCCP1,Coccoloba,parimensis,Polygonaceae,1,Buena Vista
BVCOCCP15,COCCP1,Coccoloba,parimensis,Polygonaceae,1,Buena Vista
BVCOCCP16,COCCP1,Coccoloba,parimensis,Polygonaceae,1,Buena Vista
SRCOCCP11,COCCP1,Coccoloba,parimensis,Polygonaceae,1,Santa Rita
SRCOCCP12,COCCP1,Coccoloba,parimensis,Polygonaceae,1,Santa Rita
SRCOCCP13,COCCP1,Coccoloba,parimensis,Polygonaceae,1,Santa Rita
SRCOCCP14,COCCP1,Coccoloba,parimensis,Polygonaceae,1,Santa Rita
SRCOCCP15,COCCP1,Coccoloba,parimensis,Polygonaceae,1,Santa Rita
SRCOCCP16,COCCP1,Coccoloba,parimensis,Polygonaceae,1,Santa Rita
SHCOCCP11,COCCP1,Coccoloba,parimensis,Polygonaceae,1,Sherman
SHCOCCP12,COCCP1,Coccoloba,parimensis,Polygonaceae,1,Sherman
SHCOCCP13,COCCP1,Coccoloba,parimensis,Polygonaceae,1,Sherman
SHCOCCP14,COCCP1,Coccoloba,parimensis,Polygonaceae,1,Sherman
SHCOCCP15,COCCP1,Coccoloba,parimensis,Polygonaceae,1,Sherman
SHCOCCP16,COCCP1,Coccoloba,parimensis,Polygonaceae,1,Sherman
BAR0051,COCCP1,Coccoloba,Coccoloba excelsa,Polygonaceae,1,BAR
BAR0059,COCCP1,Coccoloba,Coccoloba excelsa,Polygonaceae,1,BAR
BAR0142,COCCP1,Coccoloba,Coccoloba excelsa,Polygonaceae,1,BAR
BAR0159,COCCP1,Coccoloba,Coccoloba excelsa,Polygonaceae,1,BAR
BAR0160,COCCP1,Coccoloba,Coccoloba excelsa,Polygonaceae,1,BAR
BAR0177,COCCP1,Coccoloba,Coccoloba excelsa,Polygonaceae,1,BAR
BAR0182,COCCP1,Coccoloba,Coccoloba excelsa,Polygonaceae,1,BAR
BAR0213,COCCP1,Coccoloba,Coccoloba excelsa,Polygonaceae,1,BAR
BAR0220,COCCP1,Coccoloba,Coccoloba excelsa,Polygonaceae,1,BAR
BAR0240,COCCP1,Coccoloba,Coccoloba excelsa,Polygonaceae,1,BAR
BAR0249,COCCP1,Coccoloba,Coccoloba excelsa,Polygonaceae,1,BAR
BAR0297,COCCP1,Coccoloba,Coccoloba excelsa,Polygonaceae,1,BAR
BAR0313,COCCP1,Coccoloba,Coccoloba excelsa,Polygonaceae,1,BAR
BAR0347,COCCP1,Coccoloba,Coccoloba excelsa,Polygonaceae,1,BAR
BAR0392,COCCP1,Coccoloba,Coccoloba excelsa,Polygonaceae,1,BAR
BAR0427,COCCP1,Coccoloba,Coccoloba excelsa,Polygonaceae,1,BAR
BAR0560,COCCP1,Coccoloba,Coccoloba excelsa,Polygonaceae,1,BAR
BAR0596,COCCP1,Coccoloba,Coccoloba excelsa,Polygonaceae,1,BAR
BAR0599,COCCP1,Coccoloba,Coccoloba excelsa,Polygonaceae,1,BAR
ANROUPMO1,ROUPMO,Roupala,montana,Proteaceae,0,ANAM
ANROUPMO2,ROUPMO,Roupala,montana,Proteaceae,0,ANAM
ANROUPMO3,ROUPMO,Roupala,montana,Proteaceae,0,ANAM
ANROUPMO4,ROUPMO,Roupala,montana,Proteaceae,0,ANAM
ANROUPMO5,ROUPMO,Roupala,montana,Proteaceae,0,ANAM
ANROUPMO6,ROUPMO,Roupala,montana,Proteaceae,0,ANAM
SRCASSEL1,CASSEL,Cassipourea,elliptica,Rhizophoraceae,0,Santa Rita
SRCASSEL2,CASSEL,Cassipourea,elliptica,Rhizophoraceae,0,Santa Rita
SRCASSEL3,CASSEL,Cassipourea,elliptica,Rhizophoraceae,0,Santa Rita
SRCASSEL4,CASSEL,Cassipourea,elliptica,Rhizophoraceae,0,Santa Rita
SRCASSEL5,CASSEL,Cassipourea,elliptica,Rhizophoraceae,0,Santa Rita
SRCASSEL6,CASSEL,Cassipourea,elliptica,Rhizophoraceae,0,Santa Rita
PPFARAOC1,FARAOC,Faramea,occidentalis,Rubiaceae,0,Panama Pacifico
PPFARAOC2,FARAOC,Faramea,occidentalis,Rubiaceae,0,Panama Pacifico
PPFARAOC3,FARAOC,Faramea,occidentalis,Rubiaceae,0,Panama Pacifico
PPFARAOC4,FARAOC,Faramea,occidentalis,Rubiaceae,0,Panama Pacifico
PPFARAOC5,FARAOC,Faramea,occidentalis,Rubiaceae,0,Panama Pacifico
PPFARAOC6,FARAOC,Faramea,occidentalis,Rubiaceae,0,Panama Pacifico
PPPSYCEM1,PSYCEM,Psychotria,emetica,Rubiaceae,0,Panama Pacifico
PPPSYCEM2,PSYCEM,Psychotria,emetica,Rubiaceae,0,Panama Pacifico
PPPSYCEM3,PSYCEM,Psychotria,emetica,Rubiaceae,0,Panama Pacifico
PPPSYCEM4,PSYCEM,Psychotria,emetica,Rubiaceae,0,Panama Pacifico
PPPSYCEM5,PSYCEM,Psychotria,emetica,Rubiaceae,0,Panama Pacifico
PPPSYCEM6,PSYCEM,Psychotria,emetica,Rubiaceae,0,Panama Pacifico
PPPSYCHO1,PSYCHO,Psychotria,horizontalis,Rubiaceae,0,Panama Pacifico
PPPSYCHO2,PSYCHO,Psychotria,horizontalis,Rubiaceae,0,Panama Pacifico
PPPSYCHO3,PSYCHO,Psychotria,horizontalis,Rubiaceae,0,Panama Pacifico
PPPSYCHO4,PSYCHO,Psychotria,horizontalis,Rubiaceae,0,Panama Pacifico
PPPSYCHO5,PSYCHO,Psychotria,horizontalis,Rubiaceae,0,Panama Pacifico
PPPSYCHO6,PSYCHO,Psychotria,horizontalis,Rubiaceae,0,Panama Pacifico
PPALIBED1,ALIBED,Alibertia,edulis,Rubiaceae,0,Panama Pacifico
PPALIBED2,ALIBED,Alibertia,edulis,Rubiaceae,0,Panama Pacifico
PPALIBED3,ALIBED,Alibertia,edulis,Rubiaceae,0,Panama Pacifico
PPALIBED4,ALIBED,Alibertia,edulis,Rubiaceae,0,Panama Pacifico
PPALIBED5,ALIBED,Alibertia,edulis,Rubiaceae,0,Panama Pacifico
PPALIBED6,ALIBED,Alibertia,edulis,Rubiaceae,0,Panama Pacifico
PMPOSOLA1,POSOLA,Posoqueria,latifolia,Rubiaceae,0,Metropolitano
PMPOSOLA2,POSOLA,Posoqueria,latifolia,Rubiaceae,0,Metropolitano
PMPOSOLA3,POSOLA,Posoqueria,latifolia,Rubiaceae,0,Metropolitano
PMPOSOLA4,POSOLA,Posoqueria,latifolia,Rubiaceae,0,Metropolitano
PMPOSOLA5,POSOLA,Posoqueria,latifolia,Rubiaceae,0,Metropolitano
PMPOSOLA6,POSOLA,Posoqueria,latifolia,Rubiaceae,0,Metropolitano
PMALIBED1,ALIBED,Alibertia,edulis,Rubiaceae,0,Metropolitano
PMALIBED2,ALIBED,Alibertia,edulis,Rubiaceae,0,Metropolitano
PMALIBED3,ALIBED,Alibertia,edulis,Rubiaceae,0,Metropolitano
PMALIBED4,ALIBED,Alibertia,edulis,Rubiaceae,0,Metropolitano
PMALIBED5,ALIBED,Alibertia,edulis,Rubiaceae,0,Metropolitano
PMALIBED6,ALIBED,Alibertia,edulis,Rubiaceae,0,Metropolitano
PMPSYCHO1,PSYCHO,Psychotria,horizontalis,Rubiaceae,0,Metropolitano
PMPSYCHO2,PSYCHO,Psychotria,horizontalis,Rubiaceae,0,Metropolitano
PMPSYCHO3,PSYCHO,Psychotria,horizontalis,Rubiaceae,0,Metropolitano
PMPSYCHO4,PSYCHO,Psychotria,horizontalis,Rubiaceae,0,Metropolitano
PMPSYCHO5,PSYCHO,Psychotria,horizontalis,Rubiaceae,0,Metropolitano
PMPSYCHO6,PSYCHO,Psychotria,horizontalis,Rubiaceae,0,Metropolitano
ANPSYCB21,PSYCB2,Psychotria,brachybotrya,Rubiaceae,0,ANAM
ANPSYCB22,PSYCB2,Psychotria,brachybotrya,Rubiaceae,0,ANAM
ANPSYCB23,PSYCB2,Psychotria,brachybotrya,Rubiaceae,0,ANAM
ANPSYCB24,PSYCB2,Psychotria,brachybotrya,Rubiaceae,0,ANAM
ANPSYCB25,PSYCB2,Psychotria,brachybotrya,Rubiaceae,0,ANAM
ANPSYCB26,PSYCB2,Psychotria,brachybotrya,Rubiaceae,0,ANAM
ANAMAICO1,AMAICO,Amaioua,corymbosa,Rubiaceae,0,ANAM
ANAMAICO2,AMAICO,Amaioua,corymbosa,Rubiaceae,0,ANAM
ANAMAICO3,AMAICO,Amaioua,corymbosa,Rubiaceae,0,ANAM
ANAMAICO4,AMAICO,Amaioua,corymbosa,Rubiaceae,0,ANAM
ANAMAICO5,AMAICO,Amaioua,corymbosa,Rubiaceae,0,ANAM
ANAMAICO6,AMAICO,Amaioua,corymbosa,Rubiaceae,0,ANAM
ANPSYCER1,PSYCER,Psychotria,erecta,Rubiaceae,0,ANAM
ANPSYCER2,PSYCER,Psychotria,erecta,Rubiaceae,0,ANAM
ANPSYCER3,PSYCER,Psychotria,erecta,Rubiaceae,0,ANAM
ANPSYCER4,PSYCER,Psychotria,erecta,Rubiaceae,0,ANAM
ANPSYCER5,PSYCER,Psychotria,erecta,Rubiaceae,0,ANAM
ANPSYCER6,PSYCER,Psychotria,erecta,Rubiaceae,0,ANAM
ANFARAOC1,FARAOC,Faramea,occidentalis,Rubiaceae,0,ANAM
ANFARAOC2,FARAOC,Faramea,occidentalis,Rubiaceae,0,ANAM
ANFARAOC3,FARAOC,Faramea,occidentalis,Rubiaceae,0,ANAM
ANFARAOC4,FARAOC,Faramea,occidentalis,Rubiaceae,0,ANAM
ANFARAOC5,FARAOC,Faramea,occidentalis,Rubiaceae,0,ANAM
ANFARAOC6,FARAOC,Faramea,occidentalis,Rubiaceae,0,ANAM
ANPSYCPO1,PSYCPO,Psychotria,poeppigiana,Rubiaceae,0,ANAM
ANPSYCPO2,PSYCPO,Psychotria,poeppigiana,Rubiaceae,0,ANAM
ANPSYCPO3,PSYCPO,Psychotria,poeppigiana,Rubiaceae,0,ANAM
ANPSYCPO4,PSYCPO,Psychotria,poeppigiana,Rubiaceae,0,ANAM
ANPSYCPO5,PSYCPO,Psychotria,poeppigiana,Rubiaceae,0,ANAM
ANPSYCPO6,PSYCPO,Psychotria,poeppigiana,Rubiaceae,0,ANAM
ANALIBED1,ALIBED,Alibertia,edulis,Rubiaceae,0,ANAM
ANALIBED2,ALIBED,Alibertia,edulis,Rubiaceae,0,ANAM
ANALIBED3,ALIBED,Alibertia,edulis,Rubiaceae,0,ANAM
ANALIBED4,ALIBED,Alibertia,edulis,Rubiaceae,0,ANAM
ANALIBED5,ALIBED,Alibertia,edulis,Rubiaceae,0,ANAM
ANALIBED6,ALIBED,Alibertia,edulis,Rubiaceae,0,ANAM
ANPSYCDE1,PSYCDE,Psychotria,deflexa,Rubiaceae,0,ANAM
ANPSYCDE2,PSYCDE,Psychotria,deflexa,Rubiaceae,0,ANAM
ANPSYCDE3,PSYCDE,Psychotria,deflexa,Rubiaceae,0,ANAM
ANPSYCDE4,PSYCDE,Psychotria,deflexa,Rubiaceae,0,ANAM
ANPSYCDE5,PSYCDE,Psychotria,deflexa,Rubiaceae,0,ANAM
ANPSYCDE6,PSYCDE,Psychotria,deflexa,Rubiaceae,0,ANAM
ANPALIGU1,PALIGU,Palicourea,guianensis,Rubiaceae,0,ANAM
ANPALIGU2,PALIGU,Palicourea,guianensis,Rubiaceae,0,ANAM
ANPALIGU3,PALIGU,Palicourea,guianensis,Rubiaceae,0,ANAM
ANPALIGU4,PALIGU,Palicourea,guianensis,Rubiaceae,0,ANAM
ANPALIGU5,PALIGU,Palicourea,guianensis,Rubiaceae,0,ANAM
ANPALIGU6,PALIGU,Palicourea,guianensis,Rubiaceae,0,ANAM
CHFARAOC1,FARAOC,Faramea,occidentalis,Rubiaceae,0,Charco
CHFARAOC2,FARAOC,Faramea,occidentalis,Rubiaceae,0,Charco
CHFARAOC3,FARAOC,Faramea,occidentalis,Rubiaceae,0,Charco
CHFARAOC4,FARAOC,Faramea,occidentalis,Rubiaceae,0,Charco
CHFARAOC5,FARAOC,Faramea,occidentalis,Rubiaceae,0,Charco
CHFARAOC6,FARAOC,Faramea,occidentalis,Rubiaceae,0,Charco
CHALSEBL1,ALSEBL,Alseis,blackiana,Rubiaceae,0,Charco
CHALSEBL2,ALSEBL,Alseis,blackiana,Rubiaceae,0,Charco
CHALSEBL3,ALSEBL,Alseis,blackiana,Rubiaceae,0,Charco
CHALSEBL4,ALSEBL,Alseis,blackiana,Rubiaceae,0,Charco
CHALSEBL5,ALSEBL,Alseis,blackiana,Rubiaceae,0,Charco
CHALSEBL6,ALSEBL,Alseis,blackiana,Rubiaceae,0,Charco
OLALSEBL1,ALSEBL,Alseis,blackiana,Rubiaceae,0,Oleoducto
OLALSEBL2,ALSEBL,Alseis,blackiana,Rubiaceae,0,Oleoducto
OLALSEBL3,ALSEBL,Alseis,blackiana,Rubiaceae,0,Oleoducto
OLALSEBL4,ALSEBL,Alseis,blackiana,Rubiaceae,0,Oleoducto
OLALSEBL5,ALSEBL,Alseis,blackiana,Rubiaceae,0,Oleoducto
OLALSEBL6,ALSEBL,Alseis,blackiana,Rubiaceae,0,Oleoducto
BVFARAOC1,FARAOC,Faramea,occidentalis,Rubiaceae,0,Buena Vista
BVFARAOC2,FARAOC,Faramea,occidentalis,Rubiaceae,0,Buena Vista
BVFARAOC3,FARAOC,Faramea,occidentalis,Rubiaceae,0,Buena Vista
BVFARAOC4,FARAOC,Faramea,occidentalis,Rubiaceae,0,Buena Vista
BVFARAOC5,FARAOC,Faramea,occidentalis,Rubiaceae,0,Buena Vista
BVFARAOC6,FARAOC,Faramea,occidentalis,Rubiaceae,0,Buena Vista
BVPSYCMA1,PSYCMA,Psychotria,marginata,Rubiaceae,0,Buena Vista
BVPSYCMA2,PSYCMA,Psychotria,marginata,Rubiaceae,0,Buena Vista
BVPSYCMA3,PSYCMA,Psychotria,marginata,Rubiaceae,0,Buena Vista
BVPSYCMA4,PSYCMA,Psychotria,marginata,Rubiaceae,0,Buena Vista
BVPSYCMA5,PSYCMA,Psychotria,marginata,Rubiaceae,0,Buena Vista
BVPSYCMA6,PSYCMA,Psychotria,marginata,Rubiaceae,0,Buena Vista
BVCOU2CU1,COU2CU,Coussarea,curvigemmia,Rubiaceae,0,Buena Vista
BVCOU2CU2,COU2CU,Coussarea,curvigemmia,Rubiaceae,0,Buena Vista
BVCOU2CU3,COU2CU,Coussarea,curvigemmia,Rubiaceae,0,Buena Vista
BVCOU2CU4,COU2CU,Coussarea,curvigemmia,Rubiaceae,0,Buena Vista
BVCOU2CU5,COU2CU,Coussarea,curvigemmia,Rubiaceae,0,Buena Vista
BVCOU2CU6,COU2CU,Coussarea,curvigemmia,Rubiaceae,0,Buena Vista
BVPSYCDE1,PSYCDE,Psychotria,deflexa,Rubiaceae,0,Buena Vista
BVPSYCDE2,PSYCDE,Psychotria,deflexa,Rubiaceae,0,Buena Vista
BVPSYCDE3,PSYCDE,Psychotria,deflexa,Rubiaceae,0,Buena Vista
BVPSYCDE4,PSYCDE,Psychotria,deflexa,Rubiaceae,0,Buena Vista
BVPSYCDE5,PSYCDE,Psychotria,deflexa,Rubiaceae,0,Buena Vista
BVPSYCDE6,PSYCDE,Psychotria,deflexa,Rubiaceae,0,Buena Vista
BVPSYCHO1,PSYCHO,Psychotria,horizontalis,Rubiaceae,0,Buena Vista
BVPSYCHO2,PSYCHO,Psychotria,horizontalis,Rubiaceae,0,Buena Vista
BVPSYCHO3,PSYCHO,Psychotria,horizontalis,Rubiaceae,0,Buena Vista
BVPSYCHO4,PSYCHO,Psychotria,horizontalis,Rubiaceae,0,Buena Vista
BVPSYCHO5,PSYCHO,Psychotria,horizontalis,Rubiaceae,0,Buena Vista
BVPSYCHO6,PSYCHO,Psychotria,horizontalis,Rubiaceae,0,Buena Vista
SRPSYCGL1,PSYCGL,Psychotria,glomerulata,Rubiaceae,0,Santa Rita
SRPSYCGL2,PSYCGL,Psychotria,glomerulata,Rubiaceae,0,Santa Rita
SRPSYCGL3,PSYCGL,Psychotria,glomerulata,Rubiaceae,0,Santa Rita
SRPSYCGL4,PSYCGL,Psychotria,glomerulata,Rubiaceae,0,Santa Rita
SRPSYCGL5,PSYCGL,Psychotria,glomerulata,Rubiaceae,0,Santa Rita
SRPSYCGL6,PSYCGL,Psychotria,glomerulata,Rubiaceae,0,Santa Rita
SRPSYCC11,PSYCC1,Psychotria,capitata,Rubiaceae,0,Santa Rita
SRPSYCC12,PSYCC1,Psychotria,capitata,Rubiaceae,0,Santa Rita
SRPSYCC13,PSYCC1,Psychotria,capitata,Rubiaceae,0,Santa Rita
SRPSYCC14,PSYCC1,Psychotria,capitata,Rubiaceae,0,Santa Rita
SRPSYCC15,PSYCC1,Psychotria,capitata,Rubiaceae,0,Santa Rita
SRPSYCC16,PSYCC1,Psychotria,capitata,Rubiaceae,0,Santa Rita
SRPSYCER1,PSYCER,Psychotria,erecta,Rubiaceae,0,Santa Rita
SRPSYCER2,PSYCER,Psychotria,erecta,Rubiaceae,0,Santa Rita
SRPSYCER3,PSYCER,Psychotria,erecta,Rubiaceae,0,Santa Rita
SRPSYCER4,PSYCER,Psychotria,erecta,Rubiaceae,0,Santa Rita
SRPSYCER5,PSYCER,Psychotria,erecta,Rubiaceae,0,Santa Rita
SRPSYCER6,PSYCER,Psychotria,erecta,Rubiaceae,0,Santa Rita
SRPSYCPO1,PSYCPO,Psychotria,poeppigiana,Rubiaceae,0,Santa Rita
SRPSYCPO2,PSYCPO,Psychotria,poeppigiana,Rubiaceae,0,Santa Rita
SRPSYCPO3,PSYCPO,Psychotria,poeppigiana,Rubiaceae,0,Santa Rita
SRPSYCPO4,PSYCPO,Psychotria,poeppigiana,Rubiaceae,0,Santa Rita
SRPSYCPO5,PSYCPO,Psychotria,poeppigiana,Rubiaceae,0,Santa Rita
SRPSYCPO6,PSYCPO,Psychotria,poeppigiana,Rubiaceae,0,Santa Rita
SRCHIOAL1,CHIOAL,Chiococca,alba,Rubiaceae,1,Santa Rita
SRCHIOAL2,CHIOAL,Chiococca,alba,Rubiaceae,1,Santa Rita
SRCHIOAL3,CHIOAL,Chiococca,alba,Rubiaceae,1,Santa Rita
SRCHIOAL4,CHIOAL,Chiococca,alba,Rubiaceae,1,Santa Rita
SRCHIOAL5,CHIOAL,Chiococca,alba,Rubiaceae,1,Santa Rita
SRCHIOAL6,CHIOAL,Chiococca,alba,Rubiaceae,1,Santa Rita
SRPSYCPA1,PSYCPA,Psychotria,panamensis,Rubiaceae,0,Santa Rita
SRPSYCPA2,PSYCPA,Psychotria,panamensis,Rubiaceae,0,Santa Rita
SRPSYCPA3,PSYCPA,Psychotria,panamensis,Rubiaceae,0,Santa Rita
SRPSYCPA4,PSYCPA,Psychotria,panamensis,Rubiaceae,0,Santa Rita
SRPSYCPA5,PSYCPA,Psychotria,panamensis,Rubiaceae,0,Santa Rita
SRPSYCPA6,PSYCPA,Psychotria,panamensis,Rubiaceae,0,Santa Rita
SHPSYCSU1,PSYCSU,Psychotria,suerrensis,Rubiaceae,0,Sherman
SHPSYCSU2,PSYCSU,Psychotria,suerrensis,Rubiaceae,0,Sherman
SHPSYCSU3,PSYCSU,Psychotria,suerrensis,Rubiaceae,0,Sherman
SHPSYCSU4,PSYCSU,Psychotria,suerrensis,Rubiaceae,0,Sherman
SHPSYCSU5,PSYCSU,Psychotria,suerrensis,Rubiaceae,0,Sherman
SHPSYCSU6,PSYCSU,Psychotria,suerrensis,Rubiaceae,0,Sherman
BAR0007,FARAOC,Faramea,Faramea occidentalis,Rubiaceae,0,BAR
BAR0026,PSYCIP,Psychotria,Psychotria ciprianiana,Rubiaceae,0,BAR
BAR0028,PSYCIP,Psychotria,Psychotria ciprianiana,Rubiaceae,0,BAR
BAR0055,FARAOC,Faramea,Faramea occidentalis,Rubiaceae,0,BAR
BAR0064,FARAOC,Faramea,Faramea occidentalis,Rubiaceae,0,BAR
BAR0072,FARAOC,Faramea,Faramea occidentalis,Rubiaceae,0,BAR
BAR0085,FARAOC,Faramea,Faramea occidentalis,Rubiaceae,0,BAR
BAR0109,FARAOC,Faramea,Faramea occidentalis,Rubiaceae,0,BAR
BAR0121,FARAOC,Faramea,Faramea occidentalis,Rubiaceae,0,BAR
BAR0138,FARAOC,Faramea,Faramea occidentalis,Rubiaceae,0,BAR
BAR0140,FARAOC,Faramea,Faramea occidentalis,Rubiaceae,0,BAR
BAR0148,PSYCFU,Psychotria,Psychotria hoffmannseggiana,Rubiaceae,0,BAR
BAR0149,PSYCFU,Psychotria,Psychotria hoffmannseggiana,Rubiaceae,0,BAR
BAR0150,FARAOC,Faramea,Faramea occidentalis,Rubiaceae,0,BAR
BAR0151,PSYCIP,Psychotria,Psychotria ciprianiana,Rubiaceae,0,BAR
BAR0184,PSYCFU,Psychotria,Psychotria hoffmannseggiana,Rubiaceae,0,BAR
BAR0189,FARAOC,Faramea,Faramea occidentalis,Rubiaceae,0,BAR
BAR0192,FARAOC,Faramea,Faramea occidentalis,Rubiaceae,0,BAR
BAR0200,FARAOC,Faramea,Faramea occidentalis,Rubiaceae,0,BAR
BAR0205,PSYCIP,Psychotria,Psychotria ciprianiana,Rubiaceae,0,BAR
BAR0206,PSYCIP,Psychotria,Psychotria ciprianiana,Rubiaceae,0,BAR
BAR0207,PSYCIP,Psychotria,Psychotria ciprianiana,Rubiaceae,0,BAR
BAR0208,PSYCIP,Psychotria,Psychotria ciprianiana,Rubiaceae,0,BAR
BAR0209,PSYCIP,Psychotria,Psychotria ciprianiana,Rubiaceae,0,BAR
BAR0219,FARAOC,Faramea,Faramea occidentalis,Rubiaceae,0,BAR
BAR0247,FARAOC,Faramea,Faramea occidentalis,Rubiaceae,0,BAR
BAR0248,FARAOC,Faramea,Faramea occidentalis,Rubiaceae,0,BAR
BAR0257,FARAOC,Faramea,Faramea occidentalis,Rubiaceae,0,BAR
BAR0301,FARAOC,Faramea,Faramea occidentalis,Rubiaceae,0,BAR
BAR0302,FARAOC,Faramea,Faramea occidentalis,Rubiaceae,0,BAR
BAR0304,PSYCFU,Psychotria,Psychotria hoffmannseggiana,Rubiaceae,0,BAR
BAR0306,FARAOC,Faramea,Faramea occidentalis,Rubiaceae,0,BAR
BAR0307,PSYCFU,Psychotria,Psychotria hoffmannseggiana,Rubiaceae,0,BAR
BAR0308,PSYCFU,Psychotria,Psychotria hoffmannseggiana,Rubiaceae,0,BAR
BAR0310,PSYCFU,Psychotria,Psychotria hoffmannseggiana,Rubiaceae,0,BAR
BAR0312,PSYCIP,Psychotria,Psychotria ciprianiana,Rubiaceae,0,BAR
BAR0319,FARAOC,Faramea,Faramea occidentalis,Rubiaceae,0,BAR
BAR0324,FARAOC,Faramea,Faramea occidentalis,Rubiaceae,0,BAR
BAR0331,FARAOC,Faramea,Faramea occidentalis,Rubiaceae,0,BAR
BAR0333,FARAOC,Faramea,Faramea occidentalis,Rubiaceae,0,BAR
BAR0339,FARAOC,Faramea,Faramea occidentalis,Rubiaceae,0,BAR
BAR0340,FARAOC,Faramea,Faramea occidentalis,Rubiaceae,0,BAR
BAR0342,FARAOC,Faramea,Faramea occidentalis,Rubiaceae,0,BAR
BAR0346,FARAOC,Faramea,Faramea occidentalis,Rubiaceae,0,BAR
BAR0362,PSYCFU,Psychotria,Psychotria hoffmannseggiana,Rubiaceae,0,BAR
BAR0383,FARAOC,Faramea,Faramea occidentalis,Rubiaceae,0,BAR
BAR0386,FARAOC,Faramea,Faramea occidentalis,Rubiaceae,0,BAR
BAR0416,PSYCFU,Psychotria,Psychotria hoffmannseggiana,Rubiaceae,0,BAR
BAR0419,PSYCFU,Psychotria,Psychotria hoffmannseggiana,Rubiaceae,0,BAR
BAR0421,PSYCFU,Psychotria,Psychotria hoffmannseggiana,Rubiaceae,0,BAR
BAR0503,PSYCIP,Psychotria,Psychotria ciprianiana,Rubiaceae,0,BAR
BAR0565,PSYCIP,Psychotria,Psychotria ciprianiana,Rubiaceae,0,BAR
BAR0578,PSYCIP,Psychotria,Psychotria ciprianiana,Rubiaceae,0,BAR
BAR0600,PSYCFU,Psychotria,Psychotria hoffmannseggiana,Rubiaceae,0,BAR
PEA0004,FARAOC,Faramea,Faramea occidentalis,Rubiaceae,0,PEA
PEA0007,FARAOC,Faramea,Faramea occidentalis,Rubiaceae,0,PEA
PEA0008,RANDAR,Randia,Randia armata,Rubiaceae,0,PEA
PEA0032,FARAOC,Faramea,Faramea occidentalis,Rubiaceae,0,PEA
PEA0035,FARAOC,Faramea,Faramea occidentalis,Rubiaceae,0,PEA
PEA0041,FARAOC,Faramea,Faramea occidentalis,Rubiaceae,0,PEA
PEA0045,FARAOC,Faramea,Faramea occidentalis,Rubiaceae,0,PEA
PEA0060,FARAOC,Faramea,Faramea occidentalis,Rubiaceae,0,PEA
PEA0073,FARAOC,Faramea,Faramea occidentalis,Rubiaceae,0,PEA
PEA0075,FARAOC,Faramea,Faramea occidentalis,Rubiaceae,0,PEA
PEA0080,FARAOC,Faramea,Faramea occidentalis,Rubiaceae,0,PEA
PEA0081,FARAOC,Faramea,Faramea occidentalis,Rubiaceae,0,PEA
PEA0082,FARAOC,Faramea,Faramea occidentalis,Rubiaceae,0,PEA
PEA0084,RANDAR,Randia,Randia armata,Rubiaceae,0,PEA
PEA0085,RANDAR,Randia,Randia armata,Rubiaceae,0,PEA
PEA0086,RANDAR,Randia,Randia armata,Rubiaceae,0,PEA
PEA0087,RANDAR,Randia,Randia armata,Rubiaceae,0,PEA
PEA0090,FARAOC,Faramea,Faramea occidentalis,Rubiaceae,0,PEA
PEA0091,FARAOC,Faramea,Faramea occidentalis,Rubiaceae,0,PEA
PEA0118,FARAOC,Faramea,Faramea occidentalis,Rubiaceae,0,PEA
PEA0119,FARAOC,Faramea,Faramea occidentalis,Rubiaceae,0,PEA
PEA0143,FARAOC,Faramea,Faramea occidentalis,Rubiaceae,0,PEA
PEA0145,FARAOC,Faramea,Faramea occidentalis,Rubiaceae,0,PEA
PEA0151,FARAOC,Faramea,Faramea occidentalis,Rubiaceae,0,PEA
PEA0153,FARAOC,Faramea,Faramea occidentalis,Rubiaceae,0,PEA
PEA0167,RANDAR,Randia,Randia armata,Rubiaceae,0,PEA
PEA0168,RANDAR,Randia,Randia armata,Rubiaceae,0,PEA
PEA0177,RANDAR,Randia,Randia armata,Rubiaceae,0,PEA
PEA0203,FARAOC,Faramea,Faramea occidentalis,Rubiaceae,0,PEA
PEA0204,FARAOC,Faramea,Faramea occidentalis,Rubiaceae,0,PEA
PEA0259,FARAOC,Faramea,Faramea occidentalis,Rubiaceae,0,PEA
PEA0260,FARAOC,Faramea,Faramea occidentalis,Rubiaceae,0,PEA
PEA0318,RANDAR,Randia,Randia armata,Rubiaceae,0,PEA
PEA0320,FARAOC,Faramea,Faramea occidentalis,Rubiaceae,0,PEA
PEA0322,FARAOC,Faramea,Faramea occidentalis,Rubiaceae,0,PEA
PEA0333,FARAOC,Faramea,Faramea occidentalis,Rubiaceae,0,PEA
PEA0334,FARAOC,Faramea,Faramea occidentalis,Rubiaceae,0,PEA
PEA0336,RANDAR,Randia,Randia armata,Rubiaceae,0,PEA
PEA0337,RANDAR,Randia,Randia armata,Rubiaceae,0,PEA
PEA0339,RANDAR,Randia,Randia armata,Rubiaceae,0,PEA
PEA0340,RANDAR,Randia,Randia armata,Rubiaceae,0,PEA
PEA0341,RANDAR,Randia,Randia armata,Rubiaceae,0,PEA
PEA0355,FARAOC,Faramea,Faramea occidentalis,Rubiaceae,0,PEA
PEA0362,FARAOC,Faramea,Faramea occidentalis,Rubiaceae,0,PEA
PMCITRSI1,CITRSI,Citrus,sinensis,Rutaceae,0,Metropolitano
PMCITRSI2,CITRSI,Citrus,sinensis,Rutaceae,0,Metropolitano
PMCITRSI3,CITRSI,Citrus,sinensis,Rutaceae,0,Metropolitano
PMCITRSI4,CITRSI,Citrus,sinensis,Rutaceae,0,Metropolitano
PMCITRSI5,CITRSI,Citrus,sinensis,Rutaceae,0,Metropolitano
PMCITRSI6,CITRSI,Citrus,sinensis,Rutaceae,0,Metropolitano
PPCASECO1,CASECO,Casearia,commersoniana,Salicaceae,0,Panama Pacifico
PPCASECO2,CASECO,Casearia,commersoniana,Salicaceae,0,Panama Pacifico
PPCASECO3,CASECO,Casearia,commersoniana,Salicaceae,0,Panama Pacifico
PPCASECO4,CASECO,Casearia,commersoniana,Salicaceae,0,Panama Pacifico
PPCASECO5,CASECO,Casearia,commersoniana,Salicaceae,0,Panama Pacifico
PPCASECO6,CASECO,Casearia,commersoniana,Salicaceae,0,Panama Pacifico
ANCASECO1,CASECO,Casearia,commersoniana,Salicaceae,0,ANAM
ANCASECO2,CASECO,Casearia,commersoniana,Salicaceae,0,ANAM
ANCASECO3,CASECO,Casearia,commersoniana,Salicaceae,0,ANAM
ANCASECO4,CASECO,Casearia,commersoniana,Salicaceae,0,ANAM
ANCASECO5,CASECO,Casearia,commersoniana,Salicaceae,0,ANAM
ANCASECO6,CASECO,Casearia,commersoniana,Salicaceae,0,ANAM
PPCUPARU1,CUPARU,Cupania,rufescens,Sapindaceae,0,Panama Pacifico
PPCUPARU2,CUPARU,Cupania,rufescens,Sapindaceae,0,Panama Pacifico
PPCUPARU3,CUPARU,Cupania,rufescens,Sapindaceae,0,Panama Pacifico
PPCUPARU4,CUPARU,Cupania,rufescens,Sapindaceae,0,Panama Pacifico
PPCUPARU5,CUPARU,Cupania,rufescens,Sapindaceae,0,Panama Pacifico
PPCUPARU6,CUPARU,Cupania,rufescens,Sapindaceae,0,Panama Pacifico
PMSERJME1,SERJME,Serjania,mexicana,Sapindaceae,1,Metropolitano
PMSERJME2,SERJME,Serjania,mexicana,Sapindaceae,1,Metropolitano
PMSERJME3,SERJME,Serjania,mexicana,Sapindaceae,1,Metropolitano
PMSERJME4,SERJME,Serjania,mexicana,Sapindaceae,1,Metropolitano
PMSERJME5,SERJME,Serjania,mexicana,Sapindaceae,1,Metropolitano
PMSERJME6,SERJME,Serjania,mexicana,Sapindaceae,1,Metropolitano
ANCUPALA1,CUPALA,Cupania,latifolia,Sapindaceae,0,ANAM
ANCUPALA2,CUPALA,Cupania,latifolia,Sapindaceae,0,ANAM
ANCUPALA3,CUPALA,Cupania,latifolia,Sapindaceae,0,ANAM
ANCUPALA4,CUPALA,Cupania,latifolia,Sapindaceae,0,ANAM
ANCUPALA5,CUPALA,Cupania,latifolia,Sapindaceae,0,ANAM
ANCUPALA6,CUPALA,Cupania,latifolia,Sapindaceae,0,ANAM
ANCUPARU1,CUPARU,Cupania,rufescens,Sapindaceae,0,ANAM
ANCUPARU2,CUPARU,Cupania,rufescens,Sapindaceae,0,ANAM
ANCUPARU3,CUPARU,Cupania,rufescens,Sapindaceae,0,ANAM
ANCUPARU4,CUPARU,Cupania,rufescens,Sapindaceae,0,ANAM
ANCUPARU5,CUPARU,Cupania,rufescens,Sapindaceae,0,ANAM
ANCUPARU6,CUPARU,Cupania,rufescens,Sapindaceae,0,ANAM
CHCUPASY1,CUPASY,Cupania,seemannii,Sapindaceae,0,Charco
CHCUPASY2,CUPASY,Cupania,seemannii,Sapindaceae,0,Charco
CHCUPASY3,CUPASY,Cupania,seemannii,Sapindaceae,0,Charco
CHCUPASY4,CUPASY,Cupania,seemannii,Sapindaceae,0,Charco
CHCUPASY5,CUPASY,Cupania,seemannii,Sapindaceae,0,Charco
CHCUPASY6,CUPASY,Cupania,seemannii,Sapindaceae,0,Charco
OLPAULBR1,PAULBR,Paullinia,bracteosa,Sapindaceae,1,Oleoducto
OLPAULBR2,PAULBR,Paullinia,bracteosa,Sapindaceae,1,Oleoducto
OLPAULBR3,PAULBR,Paullinia,bracteosa,Sapindaceae,1,Oleoducto
OLPAULBR4,PAULBR,Paullinia,bracteosa,Sapindaceae,1,Oleoducto
OLPAULBR5,PAULBR,Paullinia,bracteosa,Sapindaceae,1,Oleoducto
OLPAULBR6,PAULBR,Paullinia,bracteosa,Sapindaceae,1,Oleoducto
OLPAULFI1,PAULFI,Paullinia,fibrigera,Sapindaceae,1,Oleoducto
OLPAULFI2,PAULFI,Paullinia,fibrigera,Sapindaceae,1,Oleoducto
OLPAULFI3,PAULFI,Paullinia,fibrigera,Sapindaceae,1,Oleoducto
OLPAULFI4,PAULFI,Paullinia,fibrigera,Sapindaceae,1,Oleoducto
OLPAULFI5,PAULFI,Paullinia,fibrigera,Sapindaceae,1,Oleoducto
OLPAULFI6,PAULFI,Paullinia,fibrigera,Sapindaceae,1,Oleoducto
OLTHINMY1,THINMY,Thinouia,myriantha,Sapindaceae,1,Oleoducto
OLTHINMY2,THINMY,Thinouia,myriantha,Sapindaceae,1,Oleoducto
OLTHINMY3,THINMY,Thinouia,myriantha,Sapindaceae,1,Oleoducto
OLTHINMY4,THINMY,Thinouia,myriantha,Sapindaceae,1,Oleoducto
OLTHINMY5,THINMY,Thinouia,myriantha,Sapindaceae,1,Oleoducto
OLTHINMY6,THINMY,Thinouia,myriantha,Sapindaceae,1,Oleoducto
BVSERJME1,SERJME,Serjania,mexicana,Sapindaceae,1,Buena Vista
BVSERJME2,SERJME,Serjania,mexicana,Sapindaceae,1,Buena Vista
BVSERJME3,SERJME,Serjania,mexicana,Sapindaceae,1,Buena Vista
BVSERJME4,SERJME,Serjania,mexicana,Sapindaceae,1,Buena Vista
BVSERJME5,SERJME,Serjania,mexicana,Sapindaceae,1,Buena Vista
BVSERJME6,SERJME,Serjania,mexicana,Sapindaceae,1,Buena Vista
SRCUPASC1,CUPASC,Cupania,scrobiculata,Sapindaceae,0,Santa Rita
SRCUPASC2,CUPASC,Cupania,scrobiculata,Sapindaceae,0,Santa Rita
SRCUPASC3,CUPASC,Cupania,scrobiculata,Sapindaceae,0,Santa Rita
SRCUPASC4,CUPASC,Cupania,scrobiculata,Sapindaceae,0,Santa Rita
SRCUPASC5,CUPASC,Cupania,scrobiculata,Sapindaceae,0,Santa Rita
SRCUPASC6,CUPASC,Cupania,scrobiculata,Sapindaceae,0,Santa Rita
SHCUPASC1,CUPASC,Cupania,scrobiculata,Sapindaceae,0,Sherman
SHCUPASC2,CUPASC,Cupania,scrobiculata,Sapindaceae,0,Sherman
SHCUPASC3,CUPASC,Cupania,scrobiculata,Sapindaceae,0,Sherman
SHCUPASC4,CUPASC,Cupania,scrobiculata,Sapindaceae,0,Sherman
SHCUPASC5,CUPASC,Cupania,scrobiculata,Sapindaceae,0,Sherman
SHCUPASC6,CUPASC,Cupania,scrobiculata,Sapindaceae,0,Sherman
BAR0060,PAULTU,Paullinia,Paullinia turbacensis,Sapindaceae,1,BAR
BAR0130,PAULTU,Paullinia,Paullinia turbacensis,Sapindaceae,1,BAR
BAR0134,PAULTU,Paullinia,Paullinia turbacensis,Sapindaceae,1,BAR
BAR0152,PAULTU,Paullinia,Paullinia turbacensis,Sapindaceae,1,BAR
BAR0156,PAULTU,Paullinia,Paullinia turbacensis,Sapindaceae,1,BAR
BAR0174,PAULFI,Paullinia,Paullinia fibrigera,Sapindaceae,1,BAR
BAR0191,PAULTU,Paullinia,Paullinia turbacensis,Sapindaceae,1,BAR
BAR0215,PAULFI,Paullinia,Paullinia fibrigera,Sapindaceae,1,BAR
BAR0256,PAULTU,Paullinia,Paullinia turbacensis,Sapindaceae,1,BAR
BAR0262,PAULTU,Paullinia,Paullinia turbacensis,Sapindaceae,1,BAR
BAR0277,PAULTU,Paullinia,Paullinia turbacensis,Sapindaceae,1,BAR
BAR0291,PAULTU,Paullinia,Paullinia turbacensis,Sapindaceae,1,BAR
BAR0309,PAULFI,Paullinia,Paullinia fibrigera,Sapindaceae,1,BAR
BAR0330,PAULFI,Paullinia,Paullinia fibrigera,Sapindaceae,1,BAR
BAR0368,PAULFI,Paullinia,Paullinia fibrigera,Sapindaceae,1,BAR
BAR0425,PAULTU,Paullinia,Paullinia turbacensis,Sapindaceae,1,BAR
BAR0429,PAULFI,Paullinia,Paullinia fibrigera,Sapindaceae,1,BAR
BAR0432,PAULFI,Paullinia,Paullinia fibrigera,Sapindaceae,1,BAR
BAR0434,PAULFI,Paullinia,Paullinia fibrigera,Sapindaceae,1,BAR
BAR0441,PAULTU,Paullinia,Paullinia turbacensis,Sapindaceae,1,BAR
BAR0525,PAULFI,Paullinia,Paullinia fibrigera,Sapindaceae,1,BAR
BAR0559,PAULFI,Paullinia,Paullinia fibrigera,Sapindaceae,1,BAR
BAR0592,PAULFI,Paullinia,Paullinia fibrigera,Sapindaceae,1,BAR
PEA0014,PAULTU,Paullinia,Paullinia turbacensis,Sapindaceae,1,PEA
PEA0031,PAULTU,Paullinia,Paullinia turbacensis,Sapindaceae,1,PEA
PEA0052,PAULTU,Paullinia,Paullinia turbacensis,Sapindaceae,1,PEA
PEA0055,PAULTU,Paullinia,Paullinia turbacensis,Sapindaceae,1,PEA
PEA0056,PAULTU,Paullinia,Paullinia turbacensis,Sapindaceae,1,PEA
PEA0108,PAULTU,Paullinia,Paullinia turbacensis,Sapindaceae,1,PEA
PEA0110,PAULTU,Paullinia,Paullinia turbacensis,Sapindaceae,1,PEA
PEA0132,PAULTU,Paullinia,Paullinia turbacensis,Sapindaceae,1,PEA
PEA0159,PAULTU,Paullinia,Paullinia turbacensis,Sapindaceae,1,PEA
PEA0188,PAULTU,Paullinia,Paullinia turbacensis,Sapindaceae,1,PEA
PEA0190,PAULTU,Paullinia,Paullinia turbacensis,Sapindaceae,1,PEA
PEA0192,PAULTU,Paullinia,Paullinia turbacensis,Sapindaceae,1,PEA
PEA0216,PAULTU,Paullinia,Paullinia turbacensis,Sapindaceae,1,PEA
PEA0222,PAULTU,Paullinia,Paullinia turbacensis,Sapindaceae,1,PEA
PEA0233,PAULTU,Paullinia,Paullinia turbacensis,Sapindaceae,1,PEA
PEA0264,PAULTU,Paullinia,Paullinia turbacensis,Sapindaceae,1,PEA
PPCHR2CA1,CHR2CA,Chrysophyllum,cainito,Sapotaceae,0,Panama Pacifico
PPCHR2CA2,CHR2CA,Chrysophyllum,cainito,Sapotaceae,0,Panama Pacifico
PPCHR2CA3,CHR2CA,Chrysophyllum,cainito,Sapotaceae,0,Panama Pacifico
PPCHR2CA4,CHR2CA,Chrysophyllum,cainito,Sapotaceae,0,Panama Pacifico
PPCHR2CA5,CHR2CA,Chrysophyllum,cainito,Sapotaceae,0,Panama Pacifico
PPCHR2CA6,CHR2CA,Chrysophyllum,cainito,Sapotaceae,0,Panama Pacifico
PMCHR2CA1,CHR2CA,Chrysophyllum,cainito,Sapotaceae,0,Metropolitano
PMCHR2CA2,CHR2CA,Chrysophyllum,cainito,Sapotaceae,0,Metropolitano
PMCHR2CA3,CHR2CA,Chrysophyllum,cainito,Sapotaceae,0,Metropolitano
PMCHR2CA4,CHR2CA,Chrysophyllum,cainito,Sapotaceae,0,Metropolitano
PMCHR2CA5,CHR2CA,Chrysophyllum,cainito,Sapotaceae,0,Metropolitano
PMCHR2CA6,CHR2CA,Chrysophyllum,cainito,Sapotaceae,0,Metropolitano
BVCHR2AR1,CHR2AR,Chrysophyllum,argenteum,Sapotaceae,0,Buena Vista
BVCHR2AR2,CHR2AR,Chrysophyllum,argenteum,Sapotaceae,0,Buena Vista
BVCHR2AR3,CHR2AR,Chrysophyllum,argenteum,Sapotaceae,0,Buena Vista
BVCHR2AR4,CHR2AR,Chrysophyllum,argenteum,Sapotaceae,0,Buena Vista
BVCHR2AR5,CHR2AR,Chrysophyllum,argenteum,Sapotaceae,0,Buena Vista
BVCHR2AR6,CHR2AR,Chrysophyllum,argenteum,Sapotaceae,0,Buena Vista
SHMANIBI1,MANIBI,Manilkara,bidentata,Sapotaceae,0,Sherman
SHMANIBI2,MANIBI,Manilkara,bidentata,Sapotaceae,0,Sherman
SHMANIBI3,MANIBI,Manilkara,bidentata,Sapotaceae,0,Sherman
SHMANIBI4,MANIBI,Manilkara,bidentata,Sapotaceae,0,Sherman
SHMANIBI5,MANIBI,Manilkara,bidentata,Sapotaceae,0,Sherman
SHMANIBI6,MANIBI,Manilkara,bidentata,Sapotaceae,0,Sherman
BAR0008,POUTRE,Pouteria,Pouteria reticulata,Sapotaceae,0,BAR
BAR0047,POUTRE,Pouteria,Pouteria reticulata,Sapotaceae,0,BAR
BAR0068,POUTRE,Pouteria,Pouteria reticulata,Sapotaceae,0,BAR
BAR0083,POUTRE,Pouteria,Pouteria reticulata,Sapotaceae,0,BAR
BAR0086,POUTRE,Pouteria,Pouteria reticulata,Sapotaceae,0,BAR
BAR0135,POUTRE,Pouteria,Pouteria reticulata,Sapotaceae,0,BAR
BAR0145,POUTRE,Pouteria,Pouteria reticulata,Sapotaceae,0,BAR
BAR0181,POUTRE,Pouteria,Pouteria reticulata,Sapotaceae,0,BAR
BAR0185,POUTRE,Pouteria,Pouteria reticulata,Sapotaceae,0,BAR
BAR0252,POUTRE,Pouteria,Pouteria reticulata,Sapotaceae,0,BAR
BAR0401,POUTRE,Pouteria,Pouteria reticulata,Sapotaceae,0,BAR
BAR0412,POUTRE,Pouteria,Pouteria reticulata,Sapotaceae,0,BAR
BAR0471,POUTRE,Pouteria,Pouteria reticulata,Sapotaceae,0,BAR
BAR0572,POUTRE,Pouteria,Pouteria reticulata,Sapotaceae,0,BAR
BAR0595,POUTRE,Pouteria,Pouteria reticulata,Sapotaceae,0,BAR
PEA0044,CHR2CA,Chrysophyllum,Chrysophyllum cainito,Sapotaceae,0,PEA
PEA0083,CHR2CA,Chrysophyllum,Chrysophyllum cainito,Sapotaceae,0,PEA
PEA0100,CHR2CA,Chrysophyllum,Chrysophyllum cainito,Sapotaceae,0,PEA
PEA0133,CHR2CA,Chrysophyllum,Chrysophyllum cainito,Sapotaceae,0,PEA
PEA0148,CHR2CA,Chrysophyllum,Chrysophyllum cainito,Sapotaceae,0,PEA
PEA0189,CHR2CA,Chrysophyllum,Chrysophyllum cainito,Sapotaceae,0,PEA
PEA0225,CHR2CA,Chrysophyllum,Chrysophyllum cainito,Sapotaceae,0,PEA
PEA0307,CHR2CA,Chrysophyllum,Chrysophyllum cainito,Sapotaceae,0,PEA
PEA0310,CHR2CA,Chrysophyllum,Chrysophyllum cainito,Sapotaceae,0,PEA
PEA0368,CHR2CA,Chrysophyllum,Chrysophyllum cainito,Sapotaceae,0,PEA
ANSIPAGU1,SIPAGU,Siparuna,guianensis,Siparunaceae,0,ANAM
ANSIPAGU2,SIPAGU,Siparuna,guianensis,Siparunaceae,0,ANAM
ANSIPAGU3,SIPAGU,Siparuna,guianensis,Siparunaceae,0,ANAM
ANSIPAGU4,SIPAGU,Siparuna,guianensis,Siparunaceae,0,ANAM
ANSIPAGU5,SIPAGU,Siparuna,guianensis,Siparunaceae,0,ANAM
ANSIPAGU6,SIPAGU,Siparuna,guianensis,Siparunaceae,0,ANAM
SRSMILS11,SMILS1,Smilax,spinosa,Smilacaceae,1,Santa Rita
SRSMILS12,SMILS1,Smilax,spinosa,Smilacaceae,1,Santa Rita
SRSMILS13,SMILS1,Smilax,spinosa,Smilacaceae,1,Santa Rita
SRSMILS14,SMILS1,Smilax,spinosa,Smilacaceae,1,Santa Rita
SRSMILS15,SMILS1,Smilax,spinosa,Smilacaceae,1,Santa Rita
SRSMILS16,SMILS1,Smilax,spinosa,Smilacaceae,1,Santa Rita
SHSMILS11,SMILS1,Smilax,spinosa,Smilacaceae,1,Sherman
SHSMILS12,SMILS1,Smilax,spinosa,Smilacaceae,1,Sherman
SHSMILS13,SMILS1,Smilax,spinosa,Smilacaceae,1,Sherman
SHSMILS14,SMILS1,Smilax,spinosa,Smilacaceae,1,Sherman
SHSMILS15,SMILS1,Smilax,spinosa,Smilacaceae,1,Sherman
SHSMILS16,SMILS1,Smilax,spinosa,Smilacaceae,1,Sherman
OLPOURBI1,POURBI,Pourouma,bicolor,Urticaceae,0,Oleoducto
OLPOURBI2,POURBI,Pourouma,bicolor,Urticaceae,0,Oleoducto
OLPOURBI3,POURBI,Pourouma,bicolor,Urticaceae,0,Oleoducto
OLPOURBI4,POURBI,Pourouma,bicolor,Urticaceae,0,Oleoducto
OLPOURBI5,POURBI,Pourouma,bicolor,Urticaceae,0,Oleoducto
OLPOURBI6,POURBI,Pourouma,bicolor,Urticaceae,0,Oleoducto
OLPETRAS1,PETRAS,Petrea,volubilis,Verbenaceae,1,Oleoducto
OLPETRAS2,PETRAS,Petrea,volubilis,Verbenaceae,1,Oleoducto
OLPETRAS3,PETRAS,Petrea,volubilis,Verbenaceae,1,Oleoducto
OLPETRAS4,PETRAS,Petrea,volubilis,Verbenaceae,1,Oleoducto
OLPETRAS5,PETRAS,Petrea,volubilis,Verbenaceae,1,Oleoducto
OLPETRAS6,PETRAS,Petrea,volubilis,Verbenaceae,1,Oleoducto
BVPETRAS1,PETRAS,Petrea,volubilis,Verbenaceae,1,Buena Vista
BVPETRAS2,PETRAS,Petrea,volubilis,Verbenaceae,1,Buena Vista
BVPETRAS3,PETRAS,Petrea,volubilis,Verbenaceae,1,Buena Vista
BVPETRAS4,PETRAS,Petrea,volubilis,Verbenaceae,1,Buena Vista
BVPETRAS5,PETRAS,Petrea,volubilis,Verbenaceae,1,Buena Vista
BVPETRAS6,PETRAS,Petrea,volubilis,Verbenaceae,1,Buena Vista
PPRINOSY1,RINOSY,Rinorea,sylvatica,Violaceae,0,Panama Pacifico
PPRINOSY2,RINOSY,Rinorea,sylvatica,Violaceae,0,Panama Pacifico
PPRINOSY3,RINOSY,Rinorea,sylvatica,Violaceae,0,Panama Pacifico
PPRINOSY4,RINOSY,Rinorea,sylvatica,Violaceae,0,Panama Pacifico
PPRINOSY5,RINOSY,Rinorea,sylvatica,Violaceae,0,Panama Pacifico
PPRINOSY6,RINOSY,Rinorea,sylvatica,Violaceae,0,Panama Pacifico
CHRINOSY1,RINOSY,Rinorea,sylvatica,Violaceae,0,Charco
CHRINOSY2,RINOSY,Rinorea,sylvatica,Violaceae,0,Charco
CHRINOSY3,RINOSY,Rinorea,sylvatica,Violaceae,0,Charco
CHRINOSY4,RINOSY,Rinorea,sylvatica,Violaceae,0,Charco
CHRINOSY5,RINOSY,Rinorea,sylvatica,Violaceae,0,Charco
CHRINOSY6,RINOSY,Rinorea,sylvatica,Violaceae,0,Charco
OLRINOSQ1,RINOSQ,Rinorea,squamata,Violaceae,0,Oleoducto
OLRINOSQ2,RINOSQ,Rinorea,squamata,Violaceae,0,Oleoducto
OLRINOSQ3,RINOSQ,Rinorea,squamata,Violaceae,0,Oleoducto
OLRINOSQ4,RINOSQ,Rinorea,squamata,Violaceae,0,Oleoducto
OLRINOSQ5,RINOSQ,Rinorea,squamata,Violaceae,0,Oleoducto
OLRINOSQ6,RINOSQ,Rinorea,squamata,Violaceae,0,Oleoducto
OLHYBAPR1,HYBAPR,Hybanthus,prunifolius,Violaceae,0,Oleoducto
OLHYBAPR2,HYBAPR,Hybanthus,prunifolius,Violaceae,0,Oleoducto
OLHYBAPR3,HYBAPR,Hybanthus,prunifolius,Violaceae,0,Oleoducto
OLHYBAPR4,HYBAPR,Hybanthus,prunifolius,Violaceae,0,Oleoducto
OLHYBAPR5,HYBAPR,Hybanthus,prunifolius,Violaceae,0,Oleoducto
OLHYBAPR6,HYBAPR,Hybanthus,prunifolius,Violaceae,0,Oleoducto
OLRINOSY1,RINOSY,Rinorea,sylvatica,Violaceae,0,Oleoducto
OLRINOSY2,RINOSY,Rinorea,sylvatica,Violaceae,0,Oleoducto
OLRINOSY3,RINOSY,Rinorea,sylvatica,Violaceae,0,Oleoducto
OLRINOSY4,RINOSY,Rinorea,sylvatica,Violaceae,0,Oleoducto
OLRINOSY5,RINOSY,Rinorea,sylvatica,Violaceae,0,Oleoducto
OLRINOSY6,RINOSY,Rinorea,sylvatica,Violaceae,0,Oleoducto
SRRINOSQ1,RINOSQ,Rinorea,squamata,Violaceae,0,Santa Rita
SRRINOSQ2,RINOSQ,Rinorea,squamata,Violaceae,0,Santa Rita
SRRINOSQ3,RINOSQ,Rinorea,squamata,Violaceae,0,Santa Rita
SRRINOSQ4,RINOSQ,Rinorea,squamata,Violaceae,0,Santa Rita
SRRINOSQ5,RINOSQ,Rinorea,squamata,Violaceae,0,Santa Rita
SRRINOSQ6,RINOSQ,Rinorea,squamata,Violaceae,0,Santa Rita
SRRINODA1,RINODA,Rinorea,dasyadena,Violaceae,0,Santa Rita
SRRINODA2,RINODA,Rinorea,dasyadena,Violaceae,0,Santa Rita
SRRINODA3,RINODA,Rinorea,dasyadena,Violaceae,0,Santa Rita
SRRINODA4,RINODA,Rinorea,dasyadena,Violaceae,0,Santa Rita
SRRINODA5,RINODA,Rinorea,dasyadena,Violaceae,0,Santa Rita
SRRINODA6,RINODA,Rinorea,dasyadena,Violaceae,0,Santa Rita
BAR0023,RINOSY,Rinorea,Rinorea sylvatica,Violaceae,0,BAR
BAR0034,RINOSY,Rinorea,Rinorea sylvatica,Violaceae,0,BAR
BAR0048,RINOSY,Rinorea,Rinorea sylvatica,Violaceae,0,BAR
BAR0070,RINOSY,Rinorea,Rinorea sylvatica,Violaceae,0,BAR
BAR0073,RINOSY,Rinorea,Rinorea sylvatica,Violaceae,0,BAR
BAR0077,RINOSY,Rinorea,Rinorea sylvatica,Violaceae,0,BAR
BAR0078,RINOSY,Rinorea,Rinorea sylvatica,Violaceae,0,BAR
BAR0079,RINOSY,Rinorea,Rinorea sylvatica,Violaceae,0,BAR
BAR0105,RINOSY,Rinorea,Rinorea sylvatica,Violaceae,0,BAR
BAR0122,RINOSY,Rinorea,Rinorea sylvatica,Violaceae,0,BAR
BAR0126,RINOSY,Rinorea,Rinorea sylvatica,Violaceae,0,BAR
BAR0193,RINOSY,Rinorea,Rinorea sylvatica,Violaceae,0,BAR
BAR0264,RINOSY,Rinorea,Rinorea sylvatica,Violaceae,0,BAR
BAR0270,RINOSY,Rinorea,Rinorea sylvatica,Violaceae,0,BAR
BAR0271,RINOSY,Rinorea,Rinorea sylvatica,Violaceae,0,BAR
BAR0298,RINOSY,Rinorea,Rinorea sylvatica,Violaceae,0,BAR
BAR0303,RINOSY,Rinorea,Rinorea sylvatica,Violaceae,0,BAR
BAR0317,RINOSY,Rinorea,Rinorea sylvatica,Violaceae,0,BAR
BAR0428,RINOSY,Rinorea,Rinorea sylvatica,Violaceae,0,BAR
BAR0450,RINOSY,Rinorea,Rinorea sylvatica,Violaceae,0,BAR
BAR0457,RINOSY,Rinorea,Rinorea sylvatica,Violaceae,0,BAR
BAR0472,RINOSY,Rinorea,Rinorea sylvatica,Violaceae,0,BAR
BAR0473,RINOSY,Rinorea,Rinorea sylvatica,Violaceae,0,BAR
BAR0540,RINOSY,Rinorea,Rinorea sylvatica,Violaceae,0,BAR
BAR0593,RINOSY,Rinorea,Rinorea sylvatica,Violaceae,0,BAR
BAR0594,RINOSY,Rinorea,Rinorea sylvatica,Violaceae,0,BAR
BAR0598,RINOSY,Rinorea,Rinorea sylvatica,Violaceae,0,BAR
PEA0001,HYBAPR,Hybanthus,Hybanthus prunifolius,Violaceae,0,PEA
PEA0022,HYBAPR,Hybanthus,Hybanthus prunifolius,Violaceae,0,PEA
PEA0040,HYBAPR,Hybanthus,Hybanthus prunifolius,Violaceae,0,PEA
PEA0059,HYBAPR,Hybanthus,Hybanthus prunifolius,Violaceae,0,PEA
PEA0101,HYBAPR,Hybanthus,Hybanthus prunifolius,Violaceae,0,PEA
PEA0136,HYBAPR,Hybanthus,Hybanthus prunifolius,Violaceae,0,PEA
PEA0137,HYBAPR,Hybanthus,Hybanthus prunifolius,Violaceae,0,PEA
PEA0156,HYBAPR,Hybanthus,Hybanthus prunifolius,Violaceae,0,PEA
PEA0162,HYBAPR,Hybanthus,Hybanthus prunifolius,Violaceae,0,PEA
PEA0173,HYBAPR,Hybanthus,Hybanthus prunifolius,Violaceae,0,PEA
PEA0174,HYBAPR,Hybanthus,Hybanthus prunifolius,Violaceae,0,PEA
PEA0176,HYBAPR,Hybanthus,Hybanthus prunifolius,Violaceae,0,PEA
PEA0185,HYBAPR,Hybanthus,Hybanthus prunifolius,Violaceae,0,PEA
PEA0194,HYBAPR,Hybanthus,Hybanthus prunifolius,Violaceae,0,PEA
PEA0227,HYBAPR,Hybanthus,Hybanthus prunifolius,Violaceae,0,PEA
PEA0228,HYBAPR,Hybanthus,Hybanthus prunifolius,Violaceae,0,PEA
PEA0250,HYBAPR,Hybanthus,Hybanthus prunifolius,Violaceae,0,PEA
PEA0251,HYBAPR,Hybanthus,Hybanthus prunifolius,Violaceae,0,PEA
PEA0253,HYBAPR,Hybanthus,Hybanthus prunifolius,Violaceae,0,PEA
PEA0265,HYBAPR,Hybanthus,Hybanthus prunifolius,Violaceae,0,PEA
PEA0271,HYBAPR,Hybanthus,Hybanthus prunifolius,Violaceae,0,PEA
PEA0275,HYBAPR,Hybanthus,Hybanthus prunifolius,Violaceae,0,PEA
PEA0278,HYBAPR,Hybanthus,Hybanthus prunifolius,Violaceae,0,PEA
PEA0279,HYBAPR,Hybanthus,Hybanthus prunifolius,Violaceae,0,PEA
PEA0295,HYBAPR,Hybanthus,Hybanthus prunifolius,Violaceae,0,PEA
PEA0313,HYBAPR,Hybanthus,Hybanthus prunifolius,Violaceae,0,PEA
PEA0314,HYBAPR,Hybanthus,Hybanthus prunifolius,Violaceae,0,PEA
PEA0319,HYBAPR,Hybanthus,Hybanthus prunifolius,Violaceae,0,PEA
PEA0379,HYBAPR,Hybanthus,Hybanthus prunifolius,Violaceae,0,PEA
PEA0381,HYBAPR,Hybanthus,Hybanthus prunifolius,Violaceae,0,PEA
BVVOCHFE1,VOCHFE,Vochysia,ferruginea,Vochysiaceae,0,Buena Vista
BVVOCHFE2,VOCHFE,Vochysia,ferruginea,Vochysiaceae,0,Buena Vista
BVVOCHFE3,VOCHFE,Vochysia,ferruginea,Vochysiaceae,0,Buena Vista
BVVOCHFE4,VOCHFE,Vochysia,ferruginea,Vochysiaceae,0,Buena Vista
BVVOCHFE5,VOCHFE,Vochysia,ferruginea,Vochysiaceae,0,Buena Vista
BVVOCHFE6,VOCHFE,Vochysia,ferruginea,Vochysiaceae,0,Buena Vista
SHVOCHFE1,VOCHFE,Vochysia,ferruginea,Vochysiaceae,0,Sherman
SHVOCHFE2,VOCHFE,Vochysia,ferruginea,Vochysiaceae,0,Sherman
SHVOCHFE3,VOCHFE,Vochysia,ferruginea,Vochysiaceae,0,Sherman
SHVOCHFE4,VOCHFE,Vochysia,ferruginea,Vochysiaceae,0,Sherman
SHVOCHFE5,VOCHFE,Vochysia,ferruginea,Vochysiaceae,0,Sherman
SHVOCHFE6,VOCHFE,Vochysia,ferruginea,Vochysiaceae,0,Sherman