anonymous_id,view_id,blinded_image,original_image_file,original_eval_path,original_source_path
individual_001,view_01,2026_data/blind_human_annotation_set/images/individual_001/view_01.jpg,Acanthaceae_Aphelandra_scabra_SRAPHEDE2_001.jpg,2026_data/human_annotated_eval_set/by_family/Acanthaceae/by_genus/Aphelandra/by_species/scabra/SRAPHEDE2/Acanthaceae_Aphelandra_scabra_SRAPHEDE2_001.jpg,2026_data/sorted_12K/training/by_family/Acanthaceae/by_genus/Aphelandra/by_species/scabra/SRAPHEDE2/Acanthaceae_Aphelandra_scabra_SRAPHEDE2_001.jpg
individual_001,view_02,2026_data/blind_human_annotation_set/images/individual_001/view_02.jpg,Acanthaceae_Aphelandra_scabra_SRAPHEDE2_002.jpg,2026_data/human_annotated_eval_set/by_family/Acanthaceae/by_genus/Aphelandra/by_species/scabra/SRAPHEDE2/Acanthaceae_Aphelandra_scabra_SRAPHEDE2_002.jpg,2026_data/sorted_12K/training/by_family/Acanthaceae/by_genus/Aphelandra/by_species/scabra/SRAPHEDE2/Acanthaceae_Aphelandra_scabra_SRAPHEDE2_002.jpg
individual_001,view_03,2026_data/blind_human_annotation_set/images/individual_001/view_03.jpg,Acanthaceae_Aphelandra_scabra_SRAPHEDE2_003.jpg,2026_data/human_annotated_eval_set/by_family/Acanthaceae/by_genus/Aphelandra/by_species/scabra/SRAPHEDE2/Acanthaceae_Aphelandra_scabra_SRAPHEDE2_003.jpg,2026_data/sorted_12K/training/by_family/Acanthaceae/by_genus/Aphelandra/by_species/scabra/SRAPHEDE2/Acanthaceae_Aphelandra_scabra_SRAPHEDE2_003.jpg
individual_001,view_04,2026_data/blind_human_annotation_set/images/individual_001/view_04.jpg,Acanthaceae_Aphelandra_scabra_SRAPHEDE2_004.jpg,2026_data/human_annotated_eval_set/by_family/Acanthaceae/by_genus/Aphelandra/by_species/scabra/SRAPHEDE2/Acanthaceae_Aphelandra_scabra_SRAPHEDE2_004.jpg,2026_data/sorted_12K/training/by_family/Acanthaceae/by_genus/Aphelandra/by_species/scabra/SRAPHEDE2/Acanthaceae_Aphelandra_scabra_SRAPHEDE2_004.jpg
individual_001,view_05,2026_data/blind_human_annotation_set/images/individual_001/view_05.jpg,Acanthaceae_Aphelandra_scabra_SRAPHEDE2_005.jpg,2026_data/human_annotated_eval_set/by_family/Acanthaceae/by_genus/Aphelandra/by_species/scabra/SRAPHEDE2/Acanthaceae_Aphelandra_scabra_SRAPHEDE2_005.jpg,2026_data/sorted_12K/training/by_family/Acanthaceae/by_genus/Aphelandra/by_species/scabra/SRAPHEDE2/Acanthaceae_Aphelandra_scabra_SRAPHEDE2_005.jpg
individual_002,view_01,2026_data/blind_human_annotation_set/images/individual_002/view_01.jpg,Acanthaceae_Ruellia_fulgida_SRRUELFU3_001.jpg,2026_data/human_annotated_eval_set/by_family/Acanthaceae/by_genus/Ruellia/by_species/fulgida/SRRUELFU3/Acanthaceae_Ruellia_fulgida_SRRUELFU3_001.jpg,2026_data/sorted_12K/training/by_family/Acanthaceae/by_genus/Ruellia/by_species/fulgida/SRRUELFU3/Acanthaceae_Ruellia_fulgida_SRRUELFU3_001.jpg
individual_002,view_02,2026_data/blind_human_annotation_set/images/individual_002/view_02.jpg,Acanthaceae_Ruellia_fulgida_SRRUELFU3_002.jpg,2026_data/human_annotated_eval_set/by_family/Acanthaceae/by_genus/Ruellia/by_species/fulgida/SRRUELFU3/Acanthaceae_Ruellia_fulgida_SRRUELFU3_002.jpg,2026_data/sorted_12K/training/by_family/Acanthaceae/by_genus/Ruellia/by_species/fulgida/SRRUELFU3/Acanthaceae_Ruellia_fulgida_SRRUELFU3_002.jpg
individual_002,view_03,2026_data/blind_human_annotation_set/images/individual_002/view_03.jpg,Acanthaceae_Ruellia_fulgida_SRRUELFU3_003.jpg,2026_data/human_annotated_eval_set/by_family/Acanthaceae/by_genus/Ruellia/by_species/fulgida/SRRUELFU3/Acanthaceae_Ruellia_fulgida_SRRUELFU3_003.jpg,2026_data/sorted_12K/training/by_family/Acanthaceae/by_genus/Ruellia/by_species/fulgida/SRRUELFU3/Acanthaceae_Ruellia_fulgida_SRRUELFU3_003.jpg
individual_002,view_04,2026_data/blind_human_annotation_set/images/individual_002/view_04.jpg,Acanthaceae_Ruellia_fulgida_SRRUELFU3_004.jpg,2026_data/human_annotated_eval_set/by_family/Acanthaceae/by_genus/Ruellia/by_species/fulgida/SRRUELFU3/Acanthaceae_Ruellia_fulgida_SRRUELFU3_004.jpg,2026_data/sorted_12K/training/by_family/Acanthaceae/by_genus/Ruellia/by_species/fulgida/SRRUELFU3/Acanthaceae_Ruellia_fulgida_SRRUELFU3_004.jpg
individual_002,view_05,2026_data/blind_human_annotation_set/images/individual_002/view_05.jpg,Acanthaceae_Ruellia_fulgida_SRRUELFU3_005.jpg,2026_data/human_annotated_eval_set/by_family/Acanthaceae/by_genus/Ruellia/by_species/fulgida/SRRUELFU3/Acanthaceae_Ruellia_fulgida_SRRUELFU3_005.jpg,2026_data/sorted_12K/training/by_family/Acanthaceae/by_genus/Ruellia/by_species/fulgida/SRRUELFU3/Acanthaceae_Ruellia_fulgida_SRRUELFU3_005.jpg
individual_003,view_01,2026_data/blind_human_annotation_set/images/individual_003/view_01.jpg,Achariaceae_Lindackeria_laurina_ANLINDLA8_001.jpg,2026_data/human_annotated_eval_set/by_family/Achariaceae/by_genus/Lindackeria/by_species/laurina/ANLINDLA8/Achariaceae_Lindackeria_laurina_ANLINDLA8_001.jpg,2026_data/sorted_12K/training/by_family/Achariaceae/by_genus/Lindackeria/by_species/laurina/ANLINDLA8/Achariaceae_Lindackeria_laurina_ANLINDLA8_001.jpg
individual_003,view_02,2026_data/blind_human_annotation_set/images/individual_003/view_02.jpg,Achariaceae_Lindackeria_laurina_ANLINDLA8_002.jpg,2026_data/human_annotated_eval_set/by_family/Achariaceae/by_genus/Lindackeria/by_species/laurina/ANLINDLA8/Achariaceae_Lindackeria_laurina_ANLINDLA8_002.jpg,2026_data/sorted_12K/training/by_family/Achariaceae/by_genus/Lindackeria/by_species/laurina/ANLINDLA8/Achariaceae_Lindackeria_laurina_ANLINDLA8_002.jpg
individual_003,view_03,2026_data/blind_human_annotation_set/images/individual_003/view_03.jpg,Achariaceae_Lindackeria_laurina_ANLINDLA8_003.jpg,2026_data/human_annotated_eval_set/by_family/Achariaceae/by_genus/Lindackeria/by_species/laurina/ANLINDLA8/Achariaceae_Lindackeria_laurina_ANLINDLA8_003.jpg,2026_data/sorted_12K/training/by_family/Achariaceae/by_genus/Lindackeria/by_species/laurina/ANLINDLA8/Achariaceae_Lindackeria_laurina_ANLINDLA8_003.jpg
individual_003,view_04,2026_data/blind_human_annotation_set/images/individual_003/view_04.jpg,Achariaceae_Lindackeria_laurina_ANLINDLA8_004.jpg,2026_data/human_annotated_eval_set/by_family/Achariaceae/by_genus/Lindackeria/by_species/laurina/ANLINDLA8/Achariaceae_Lindackeria_laurina_ANLINDLA8_004.jpg,2026_data/sorted_12K/training/by_family/Achariaceae/by_genus/Lindackeria/by_species/laurina/ANLINDLA8/Achariaceae_Lindackeria_laurina_ANLINDLA8_004.jpg
individual_004,view_01,2026_data/blind_human_annotation_set/images/individual_004/view_01.jpg,Anacardiaceae_Anacardium_excelsum_OLANACEX4_001.jpg,2026_data/human_annotated_eval_set/by_family/Anacardiaceae/by_genus/Anacardium/by_species/excelsum/OLANACEX4/Anacardiaceae_Anacardium_excelsum_OLANACEX4_001.jpg,2026_data/sorted_12K/training/by_family/Anacardiaceae/by_genus/Anacardium/by_species/excelsum/OLANACEX4/Anacardiaceae_Anacardium_excelsum_OLANACEX4_001.jpg
individual_004,view_02,2026_data/blind_human_annotation_set/images/individual_004/view_02.jpg,Anacardiaceae_Anacardium_excelsum_OLANACEX4_002.jpg,2026_data/human_annotated_eval_set/by_family/Anacardiaceae/by_genus/Anacardium/by_species/excelsum/OLANACEX4/Anacardiaceae_Anacardium_excelsum_OLANACEX4_002.jpg,2026_data/sorted_12K/training/by_family/Anacardiaceae/by_genus/Anacardium/by_species/excelsum/OLANACEX4/Anacardiaceae_Anacardium_excelsum_OLANACEX4_002.jpg
individual_004,view_03,2026_data/blind_human_annotation_set/images/individual_004/view_03.jpg,Anacardiaceae_Anacardium_excelsum_OLANACEX4_003.jpg,2026_data/human_annotated_eval_set/by_family/Anacardiaceae/by_genus/Anacardium/by_species/excelsum/OLANACEX4/Anacardiaceae_Anacardium_excelsum_OLANACEX4_003.jpg,2026_data/sorted_12K/training/by_family/Anacardiaceae/by_genus/Anacardium/by_species/excelsum/OLANACEX4/Anacardiaceae_Anacardium_excelsum_OLANACEX4_003.jpg
individual_004,view_04,2026_data/blind_human_annotation_set/images/individual_004/view_04.jpg,Anacardiaceae_Anacardium_excelsum_OLANACEX4_004.jpg,2026_data/human_annotated_eval_set/by_family/Anacardiaceae/by_genus/Anacardium/by_species/excelsum/OLANACEX4/Anacardiaceae_Anacardium_excelsum_OLANACEX4_004.jpg,2026_data/sorted_12K/training/by_family/Anacardiaceae/by_genus/Anacardium/by_species/excelsum/OLANACEX4/Anacardiaceae_Anacardium_excelsum_OLANACEX4_004.jpg
individual_004,view_05,2026_data/blind_human_annotation_set/images/individual_004/view_05.jpg,Anacardiaceae_Anacardium_excelsum_OLANACEX4_005.jpg,2026_data/human_annotated_eval_set/by_family/Anacardiaceae/by_genus/Anacardium/by_species/excelsum/OLANACEX4/Anacardiaceae_Anacardium_excelsum_OLANACEX4_005.jpg,2026_data/sorted_12K/training/by_family/Anacardiaceae/by_genus/Anacardium/by_species/excelsum/OLANACEX4/Anacardiaceae_Anacardium_excelsum_OLANACEX4_005.jpg
individual_005,view_01,2026_data/blind_human_annotation_set/images/individual_005/view_01.jpg,Anacardiaceae_Tapirira_guianensis_SHTAPIGU7_001.jpg,2026_data/human_annotated_eval_set/by_family/Anacardiaceae/by_genus/Tapirira/by_species/guianensis/SHTAPIGU7/Anacardiaceae_Tapirira_guianensis_SHTAPIGU7_001.jpg,2026_data/sorted_12K/training/by_family/Anacardiaceae/by_genus/Tapirira/by_species/guianensis/SHTAPIGU7/Anacardiaceae_Tapirira_guianensis_SHTAPIGU7_001.jpg
individual_005,view_02,2026_data/blind_human_annotation_set/images/individual_005/view_02.jpg,Anacardiaceae_Tapirira_guianensis_SHTAPIGU7_002.jpg,2026_data/human_annotated_eval_set/by_family/Anacardiaceae/by_genus/Tapirira/by_species/guianensis/SHTAPIGU7/Anacardiaceae_Tapirira_guianensis_SHTAPIGU7_002.jpg,2026_data/sorted_12K/training/by_family/Anacardiaceae/by_genus/Tapirira/by_species/guianensis/SHTAPIGU7/Anacardiaceae_Tapirira_guianensis_SHTAPIGU7_002.jpg
individual_005,view_03,2026_data/blind_human_annotation_set/images/individual_005/view_03.jpg,Anacardiaceae_Tapirira_guianensis_SHTAPIGU7_003.jpg,2026_data/human_annotated_eval_set/by_family/Anacardiaceae/by_genus/Tapirira/by_species/guianensis/SHTAPIGU7/Anacardiaceae_Tapirira_guianensis_SHTAPIGU7_003.jpg,2026_data/sorted_12K/training/by_family/Anacardiaceae/by_genus/Tapirira/by_species/guianensis/SHTAPIGU7/Anacardiaceae_Tapirira_guianensis_SHTAPIGU7_003.jpg
individual_005,view_04,2026_data/blind_human_annotation_set/images/individual_005/view_04.jpg,Anacardiaceae_Tapirira_guianensis_SHTAPIGU7_004.jpg,2026_data/human_annotated_eval_set/by_family/Anacardiaceae/by_genus/Tapirira/by_species/guianensis/SHTAPIGU7/Anacardiaceae_Tapirira_guianensis_SHTAPIGU7_004.jpg,2026_data/sorted_12K/training/by_family/Anacardiaceae/by_genus/Tapirira/by_species/guianensis/SHTAPIGU7/Anacardiaceae_Tapirira_guianensis_SHTAPIGU7_004.jpg
individual_005,view_05,2026_data/blind_human_annotation_set/images/individual_005/view_05.jpg,Anacardiaceae_Tapirira_guianensis_SHTAPIGU7_005.jpg,2026_data/human_annotated_eval_set/by_family/Anacardiaceae/by_genus/Tapirira/by_species/guianensis/SHTAPIGU7/Anacardiaceae_Tapirira_guianensis_SHTAPIGU7_005.jpg,2026_data/sorted_12K/training/by_family/Anacardiaceae/by_genus/Tapirira/by_species/guianensis/SHTAPIGU7/Anacardiaceae_Tapirira_guianensis_SHTAPIGU7_005.jpg
individual_006,view_01,2026_data/blind_human_annotation_set/images/individual_006/view_01.jpg,Annonaceae_Anaxagorea_allenii_SRANAXAL1_001.jpg,2026_data/human_annotated_eval_set/by_family/Annonaceae/by_genus/Anaxagorea/by_species/allenii/SRANAXAL1/Annonaceae_Anaxagorea_allenii_SRANAXAL1_001.jpg,2026_data/sorted_12K/training/by_family/Annonaceae/by_genus/Anaxagorea/by_species/allenii/SRANAXAL1/Annonaceae_Anaxagorea_allenii_SRANAXAL1_001.jpg
individual_006,view_02,2026_data/blind_human_annotation_set/images/individual_006/view_02.jpg,Annonaceae_Anaxagorea_allenii_SRANAXAL1_002.jpg,2026_data/human_annotated_eval_set/by_family/Annonaceae/by_genus/Anaxagorea/by_species/allenii/SRANAXAL1/Annonaceae_Anaxagorea_allenii_SRANAXAL1_002.jpg,2026_data/sorted_12K/training/by_family/Annonaceae/by_genus/Anaxagorea/by_species/allenii/SRANAXAL1/Annonaceae_Anaxagorea_allenii_SRANAXAL1_002.jpg
individual_006,view_03,2026_data/blind_human_annotation_set/images/individual_006/view_03.jpg,Annonaceae_Anaxagorea_allenii_SRANAXAL1_003.jpg,2026_data/human_annotated_eval_set/by_family/Annonaceae/by_genus/Anaxagorea/by_species/allenii/SRANAXAL1/Annonaceae_Anaxagorea_allenii_SRANAXAL1_003.jpg,2026_data/sorted_12K/training/by_family/Annonaceae/by_genus/Anaxagorea/by_species/allenii/SRANAXAL1/Annonaceae_Anaxagorea_allenii_SRANAXAL1_003.jpg
individual_006,view_04,2026_data/blind_human_annotation_set/images/individual_006/view_04.jpg,Annonaceae_Anaxagorea_allenii_SRANAXAL1_004.jpg,2026_data/human_annotated_eval_set/by_family/Annonaceae/by_genus/Anaxagorea/by_species/allenii/SRANAXAL1/Annonaceae_Anaxagorea_allenii_SRANAXAL1_004.jpg,2026_data/sorted_12K/training/by_family/Annonaceae/by_genus/Anaxagorea/by_species/allenii/SRANAXAL1/Annonaceae_Anaxagorea_allenii_SRANAXAL1_004.jpg
individual_006,view_05,2026_data/blind_human_annotation_set/images/individual_006/view_05.jpg,Annonaceae_Anaxagorea_allenii_SRANAXAL1_005.jpg,2026_data/human_annotated_eval_set/by_family/Annonaceae/by_genus/Anaxagorea/by_species/allenii/SRANAXAL1/Annonaceae_Anaxagorea_allenii_SRANAXAL1_005.jpg,2026_data/sorted_12K/training/by_family/Annonaceae/by_genus/Anaxagorea/by_species/allenii/SRANAXAL1/Annonaceae_Anaxagorea_allenii_SRANAXAL1_005.jpg
individual_007,view_01,2026_data/blind_human_annotation_set/images/individual_007/view_01.jpg,Annonaceae_Annona_hayesii_CHANNOHA10_001.jpg,2026_data/human_annotated_eval_set/by_family/Annonaceae/by_genus/Annona/by_species/hayesii/CHANNOHA10/Annonaceae_Annona_hayesii_CHANNOHA10_001.jpg,2026_data/sorted_12K/training/by_family/Annonaceae/by_genus/Annona/by_species/hayesii/CHANNOHA10/Annonaceae_Annona_hayesii_CHANNOHA10_001.jpg
individual_007,view_02,2026_data/blind_human_annotation_set/images/individual_007/view_02.jpg,Annonaceae_Annona_hayesii_CHANNOHA10_002.jpg,2026_data/human_annotated_eval_set/by_family/Annonaceae/by_genus/Annona/by_species/hayesii/CHANNOHA10/Annonaceae_Annona_hayesii_CHANNOHA10_002.jpg,2026_data/sorted_12K/training/by_family/Annonaceae/by_genus/Annona/by_species/hayesii/CHANNOHA10/Annonaceae_Annona_hayesii_CHANNOHA10_002.jpg
individual_007,view_03,2026_data/blind_human_annotation_set/images/individual_007/view_03.jpg,Annonaceae_Annona_hayesii_CHANNOHA10_003.jpg,2026_data/human_annotated_eval_set/by_family/Annonaceae/by_genus/Annona/by_species/hayesii/CHANNOHA10/Annonaceae_Annona_hayesii_CHANNOHA10_003.jpg,2026_data/sorted_12K/training/by_family/Annonaceae/by_genus/Annona/by_species/hayesii/CHANNOHA10/Annonaceae_Annona_hayesii_CHANNOHA10_003.jpg
individual_007,view_04,2026_data/blind_human_annotation_set/images/individual_007/view_04.jpg,Annonaceae_Annona_hayesii_CHANNOHA10_004.jpg,2026_data/human_annotated_eval_set/by_family/Annonaceae/by_genus/Annona/by_species/hayesii/CHANNOHA10/Annonaceae_Annona_hayesii_CHANNOHA10_004.jpg,2026_data/sorted_12K/training/by_family/Annonaceae/by_genus/Annona/by_species/hayesii/CHANNOHA10/Annonaceae_Annona_hayesii_CHANNOHA10_004.jpg
individual_007,view_05,2026_data/blind_human_annotation_set/images/individual_007/view_05.jpg,Annonaceae_Annona_hayesii_CHANNOHA10_005.jpg,2026_data/human_annotated_eval_set/by_family/Annonaceae/by_genus/Annona/by_species/hayesii/CHANNOHA10/Annonaceae_Annona_hayesii_CHANNOHA10_005.jpg,2026_data/sorted_12K/training/by_family/Annonaceae/by_genus/Annona/by_species/hayesii/CHANNOHA10/Annonaceae_Annona_hayesii_CHANNOHA10_005.jpg
individual_008,view_01,2026_data/blind_human_annotation_set/images/individual_008/view_01.jpg,Annonaceae_Cremastosperma_panamense_SHCREMPA5_001.jpg,2026_data/human_annotated_eval_set/by_family/Annonaceae/by_genus/Cremastosperma/by_species/panamense/SHCREMPA5/Annonaceae_Cremastosperma_panamense_SHCREMPA5_001.jpg,2026_data/sorted_12K/training/by_family/Annonaceae/by_genus/Cremastosperma/by_species/panamense/SHCREMPA5/Annonaceae_Cremastosperma_panamense_SHCREMPA5_001.jpg
individual_008,view_02,2026_data/blind_human_annotation_set/images/individual_008/view_02.jpg,Annonaceae_Cremastosperma_panamense_SHCREMPA5_002.jpg,2026_data/human_annotated_eval_set/by_family/Annonaceae/by_genus/Cremastosperma/by_species/panamense/SHCREMPA5/Annonaceae_Cremastosperma_panamense_SHCREMPA5_002.jpg,2026_data/sorted_12K/training/by_family/Annonaceae/by_genus/Cremastosperma/by_species/panamense/SHCREMPA5/Annonaceae_Cremastosperma_panamense_SHCREMPA5_002.jpg
individual_008,view_03,2026_data/blind_human_annotation_set/images/individual_008/view_03.jpg,Annonaceae_Cremastosperma_panamense_SHCREMPA5_003.jpg,2026_data/human_annotated_eval_set/by_family/Annonaceae/by_genus/Cremastosperma/by_species/panamense/SHCREMPA5/Annonaceae_Cremastosperma_panamense_SHCREMPA5_003.jpg,2026_data/sorted_12K/training/by_family/Annonaceae/by_genus/Cremastosperma/by_species/panamense/SHCREMPA5/Annonaceae_Cremastosperma_panamense_SHCREMPA5_003.jpg
individual_008,view_04,2026_data/blind_human_annotation_set/images/individual_008/view_04.jpg,Annonaceae_Cremastosperma_panamense_SHCREMPA5_004.jpg,2026_data/human_annotated_eval_set/by_family/Annonaceae/by_genus/Cremastosperma/by_species/panamense/SHCREMPA5/Annonaceae_Cremastosperma_panamense_SHCREMPA5_004.jpg,2026_data/sorted_12K/training/by_family/Annonaceae/by_genus/Cremastosperma/by_species/panamense/SHCREMPA5/Annonaceae_Cremastosperma_panamense_SHCREMPA5_004.jpg
individual_008,view_05,2026_data/blind_human_annotation_set/images/individual_008/view_05.jpg,Annonaceae_Cremastosperma_panamense_SHCREMPA5_005.jpg,2026_data/human_annotated_eval_set/by_family/Annonaceae/by_genus/Cremastosperma/by_species/panamense/SHCREMPA5/Annonaceae_Cremastosperma_panamense_SHCREMPA5_005.jpg,2026_data/sorted_12K/training/by_family/Annonaceae/by_genus/Cremastosperma/by_species/panamense/SHCREMPA5/Annonaceae_Cremastosperma_panamense_SHCREMPA5_005.jpg
individual_009,view_01,2026_data/blind_human_annotation_set/images/individual_009/view_01.jpg,Annonaceae_Desmopsis_panamensis_PEA0147_001.jpg,2026_data/human_annotated_eval_set/by_family/Annonaceae/by_genus/Desmopsis/by_species/panamensis/PEA0147/Annonaceae_Desmopsis_panamensis_PEA0147_001.jpg,2026_data/sorted_12K/training/by_family/Annonaceae/by_genus/Desmopsis/by_species/panamensis/PEA0147/Annonaceae_Desmopsis_panamensis_PEA0147_001.jpg
individual_009,view_02,2026_data/blind_human_annotation_set/images/individual_009/view_02.jpg,Annonaceae_Desmopsis_panamensis_PEA0147_002.jpg,2026_data/human_annotated_eval_set/by_family/Annonaceae/by_genus/Desmopsis/by_species/panamensis/PEA0147/Annonaceae_Desmopsis_panamensis_PEA0147_002.jpg,2026_data/sorted_12K/training/by_family/Annonaceae/by_genus/Desmopsis/by_species/panamensis/PEA0147/Annonaceae_Desmopsis_panamensis_PEA0147_002.jpg
individual_009,view_03,2026_data/blind_human_annotation_set/images/individual_009/view_03.jpg,Annonaceae_Desmopsis_panamensis_PEA0147_003.jpg,2026_data/human_annotated_eval_set/by_family/Annonaceae/by_genus/Desmopsis/by_species/panamensis/PEA0147/Annonaceae_Desmopsis_panamensis_PEA0147_003.jpg,2026_data/sorted_12K/training/by_family/Annonaceae/by_genus/Desmopsis/by_species/panamensis/PEA0147/Annonaceae_Desmopsis_panamensis_PEA0147_003.jpg
individual_009,view_04,2026_data/blind_human_annotation_set/images/individual_009/view_04.jpg,Annonaceae_Desmopsis_panamensis_PEA0147_004.jpg,2026_data/human_annotated_eval_set/by_family/Annonaceae/by_genus/Desmopsis/by_species/panamensis/PEA0147/Annonaceae_Desmopsis_panamensis_PEA0147_004.jpg,2026_data/sorted_12K/training/by_family/Annonaceae/by_genus/Desmopsis/by_species/panamensis/PEA0147/Annonaceae_Desmopsis_panamensis_PEA0147_004.jpg
individual_009,view_05,2026_data/blind_human_annotation_set/images/individual_009/view_05.jpg,Annonaceae_Desmopsis_panamensis_PEA0147_005.jpg,2026_data/human_annotated_eval_set/by_family/Annonaceae/by_genus/Desmopsis/by_species/panamensis/PEA0147/Annonaceae_Desmopsis_panamensis_PEA0147_005.jpg,2026_data/sorted_12K/training/by_family/Annonaceae/by_genus/Desmopsis/by_species/panamensis/PEA0147/Annonaceae_Desmopsis_panamensis_PEA0147_005.jpg
individual_010,view_01,2026_data/blind_human_annotation_set/images/individual_010/view_01.jpg,Annonaceae_Guatteria_amplifolia_BVGUATAM5_001.jpg,2026_data/human_annotated_eval_set/by_family/Annonaceae/by_genus/Guatteria/by_species/amplifolia/BVGUATAM5/Annonaceae_Guatteria_amplifolia_BVGUATAM5_001.jpg,2026_data/sorted_12K/training/by_family/Annonaceae/by_genus/Guatteria/by_species/amplifolia/BVGUATAM5/Annonaceae_Guatteria_amplifolia_BVGUATAM5_001.jpg
individual_010,view_02,2026_data/blind_human_annotation_set/images/individual_010/view_02.jpg,Annonaceae_Guatteria_amplifolia_BVGUATAM5_002.jpg,2026_data/human_annotated_eval_set/by_family/Annonaceae/by_genus/Guatteria/by_species/amplifolia/BVGUATAM5/Annonaceae_Guatteria_amplifolia_BVGUATAM5_002.jpg,2026_data/sorted_12K/training/by_family/Annonaceae/by_genus/Guatteria/by_species/amplifolia/BVGUATAM5/Annonaceae_Guatteria_amplifolia_BVGUATAM5_002.jpg
individual_010,view_03,2026_data/blind_human_annotation_set/images/individual_010/view_03.jpg,Annonaceae_Guatteria_amplifolia_BVGUATAM5_003.jpg,2026_data/human_annotated_eval_set/by_family/Annonaceae/by_genus/Guatteria/by_species/amplifolia/BVGUATAM5/Annonaceae_Guatteria_amplifolia_BVGUATAM5_003.jpg,2026_data/sorted_12K/training/by_family/Annonaceae/by_genus/Guatteria/by_species/amplifolia/BVGUATAM5/Annonaceae_Guatteria_amplifolia_BVGUATAM5_003.jpg
individual_010,view_04,2026_data/blind_human_annotation_set/images/individual_010/view_04.jpg,Annonaceae_Guatteria_amplifolia_BVGUATAM5_004.jpg,2026_data/human_annotated_eval_set/by_family/Annonaceae/by_genus/Guatteria/by_species/amplifolia/BVGUATAM5/Annonaceae_Guatteria_amplifolia_BVGUATAM5_004.jpg,2026_data/sorted_12K/training/by_family/Annonaceae/by_genus/Guatteria/by_species/amplifolia/BVGUATAM5/Annonaceae_Guatteria_amplifolia_BVGUATAM5_004.jpg
individual_010,view_05,2026_data/blind_human_annotation_set/images/individual_010/view_05.jpg,Annonaceae_Guatteria_amplifolia_BVGUATAM5_005.jpg,2026_data/human_annotated_eval_set/by_family/Annonaceae/by_genus/Guatteria/by_species/amplifolia/BVGUATAM5/Annonaceae_Guatteria_amplifolia_BVGUATAM5_005.jpg,2026_data/sorted_12K/training/by_family/Annonaceae/by_genus/Guatteria/by_species/amplifolia/BVGUATAM5/Annonaceae_Guatteria_amplifolia_BVGUATAM5_005.jpg
individual_010,view_06,2026_data/blind_human_annotation_set/images/individual_010/view_06.jpg,Annonaceae_Guatteria_amplifolia_BVGUATAM5_006.jpg,2026_data/human_annotated_eval_set/by_family/Annonaceae/by_genus/Guatteria/by_species/amplifolia/BVGUATAM5/Annonaceae_Guatteria_amplifolia_BVGUATAM5_006.jpg,2026_data/sorted_12K/training/by_family/Annonaceae/by_genus/Guatteria/by_species/amplifolia/BVGUATAM5/Annonaceae_Guatteria_amplifolia_BVGUATAM5_006.jpg
individual_011,view_01,2026_data/blind_human_annotation_set/images/individual_011/view_01.jpg,Annonaceae_Oxandra_longipetala_OLOXANLO5_001.jpg,2026_data/human_annotated_eval_set/by_family/Annonaceae/by_genus/Oxandra/by_species/longipetala/OLOXANLO5/Annonaceae_Oxandra_longipetala_OLOXANLO5_001.jpg,2026_data/sorted_12K/training/by_family/Annonaceae/by_genus/Oxandra/by_species/longipetala/OLOXANLO5/Annonaceae_Oxandra_longipetala_OLOXANLO5_001.jpg
individual_011,view_02,2026_data/blind_human_annotation_set/images/individual_011/view_02.jpg,Annonaceae_Oxandra_longipetala_OLOXANLO5_002.jpg,2026_data/human_annotated_eval_set/by_family/Annonaceae/by_genus/Oxandra/by_species/longipetala/OLOXANLO5/Annonaceae_Oxandra_longipetala_OLOXANLO5_002.jpg,2026_data/sorted_12K/training/by_family/Annonaceae/by_genus/Oxandra/by_species/longipetala/OLOXANLO5/Annonaceae_Oxandra_longipetala_OLOXANLO5_002.jpg
individual_011,view_03,2026_data/blind_human_annotation_set/images/individual_011/view_03.jpg,Annonaceae_Oxandra_longipetala_OLOXANLO5_003.jpg,2026_data/human_annotated_eval_set/by_family/Annonaceae/by_genus/Oxandra/by_species/longipetala/OLOXANLO5/Annonaceae_Oxandra_longipetala_OLOXANLO5_003.jpg,2026_data/sorted_12K/training/by_family/Annonaceae/by_genus/Oxandra/by_species/longipetala/OLOXANLO5/Annonaceae_Oxandra_longipetala_OLOXANLO5_003.jpg
individual_011,view_04,2026_data/blind_human_annotation_set/images/individual_011/view_04.jpg,Annonaceae_Oxandra_longipetala_OLOXANLO5_004.jpg,2026_data/human_annotated_eval_set/by_family/Annonaceae/by_genus/Oxandra/by_species/longipetala/OLOXANLO5/Annonaceae_Oxandra_longipetala_OLOXANLO5_004.jpg,2026_data/sorted_12K/training/by_family/Annonaceae/by_genus/Oxandra/by_species/longipetala/OLOXANLO5/Annonaceae_Oxandra_longipetala_OLOXANLO5_004.jpg
individual_011,view_05,2026_data/blind_human_annotation_set/images/individual_011/view_05.jpg,Annonaceae_Oxandra_longipetala_OLOXANLO5_005.jpg,2026_data/human_annotated_eval_set/by_family/Annonaceae/by_genus/Oxandra/by_species/longipetala/OLOXANLO5/Annonaceae_Oxandra_longipetala_OLOXANLO5_005.jpg,2026_data/sorted_12K/training/by_family/Annonaceae/by_genus/Oxandra/by_species/longipetala/OLOXANLO5/Annonaceae_Oxandra_longipetala_OLOXANLO5_005.jpg
individual_012,view_01,2026_data/blind_human_annotation_set/images/individual_012/view_01.jpg,Apocynaceae_Aspidosperma_desmanthum_SHASPICR4_001.jpg,2026_data/human_annotated_eval_set/by_family/Apocynaceae/by_genus/Aspidosperma/by_species/desmanthum/SHASPICR4/Apocynaceae_Aspidosperma_desmanthum_SHASPICR4_001.jpg,2026_data/sorted_12K/training/by_family/Apocynaceae/by_genus/Aspidosperma/by_species/desmanthum/SHASPICR4/Apocynaceae_Aspidosperma_desmanthum_SHASPICR4_001.jpg
individual_012,view_02,2026_data/blind_human_annotation_set/images/individual_012/view_02.jpg,Apocynaceae_Aspidosperma_desmanthum_SHASPICR4_002.jpg,2026_data/human_annotated_eval_set/by_family/Apocynaceae/by_genus/Aspidosperma/by_species/desmanthum/SHASPICR4/Apocynaceae_Aspidosperma_desmanthum_SHASPICR4_002.jpg,2026_data/sorted_12K/training/by_family/Apocynaceae/by_genus/Aspidosperma/by_species/desmanthum/SHASPICR4/Apocynaceae_Aspidosperma_desmanthum_SHASPICR4_002.jpg
individual_012,view_03,2026_data/blind_human_annotation_set/images/individual_012/view_03.jpg,Apocynaceae_Aspidosperma_desmanthum_SHASPICR4_003.jpg,2026_data/human_annotated_eval_set/by_family/Apocynaceae/by_genus/Aspidosperma/by_species/desmanthum/SHASPICR4/Apocynaceae_Aspidosperma_desmanthum_SHASPICR4_003.jpg,2026_data/sorted_12K/training/by_family/Apocynaceae/by_genus/Aspidosperma/by_species/desmanthum/SHASPICR4/Apocynaceae_Aspidosperma_desmanthum_SHASPICR4_003.jpg
individual_012,view_04,2026_data/blind_human_annotation_set/images/individual_012/view_04.jpg,Apocynaceae_Aspidosperma_desmanthum_SHASPICR4_004.jpg,2026_data/human_annotated_eval_set/by_family/Apocynaceae/by_genus/Aspidosperma/by_species/desmanthum/SHASPICR4/Apocynaceae_Aspidosperma_desmanthum_SHASPICR4_004.jpg,2026_data/sorted_12K/training/by_family/Apocynaceae/by_genus/Aspidosperma/by_species/desmanthum/SHASPICR4/Apocynaceae_Aspidosperma_desmanthum_SHASPICR4_004.jpg
individual_012,view_05,2026_data/blind_human_annotation_set/images/individual_012/view_05.jpg,Apocynaceae_Aspidosperma_desmanthum_SHASPICR4_005.jpg,2026_data/human_annotated_eval_set/by_family/Apocynaceae/by_genus/Aspidosperma/by_species/desmanthum/SHASPICR4/Apocynaceae_Aspidosperma_desmanthum_SHASPICR4_005.jpg,2026_data/sorted_12K/training/by_family/Apocynaceae/by_genus/Aspidosperma/by_species/desmanthum/SHASPICR4/Apocynaceae_Aspidosperma_desmanthum_SHASPICR4_005.jpg
individual_013,view_01,2026_data/blind_human_annotation_set/images/individual_013/view_01.jpg,Apocynaceae_Forsteronia_acouci_CHFORSVI6_001.jpg,2026_data/human_annotated_eval_set/by_family/Apocynaceae/by_genus/Forsteronia/by_species/acouci/CHFORSVI6/Apocynaceae_Forsteronia_acouci_CHFORSVI6_001.jpg,2026_data/sorted_12K/training/by_family/Apocynaceae/by_genus/Forsteronia/by_species/acouci/CHFORSVI6/Apocynaceae_Forsteronia_acouci_CHFORSVI6_001.jpg
individual_013,view_02,2026_data/blind_human_annotation_set/images/individual_013/view_02.jpg,Apocynaceae_Forsteronia_acouci_CHFORSVI6_002.jpg,2026_data/human_annotated_eval_set/by_family/Apocynaceae/by_genus/Forsteronia/by_species/acouci/CHFORSVI6/Apocynaceae_Forsteronia_acouci_CHFORSVI6_002.jpg,2026_data/sorted_12K/training/by_family/Apocynaceae/by_genus/Forsteronia/by_species/acouci/CHFORSVI6/Apocynaceae_Forsteronia_acouci_CHFORSVI6_002.jpg
individual_013,view_03,2026_data/blind_human_annotation_set/images/individual_013/view_03.jpg,Apocynaceae_Forsteronia_acouci_CHFORSVI6_003.jpg,2026_data/human_annotated_eval_set/by_family/Apocynaceae/by_genus/Forsteronia/by_species/acouci/CHFORSVI6/Apocynaceae_Forsteronia_acouci_CHFORSVI6_003.jpg,2026_data/sorted_12K/training/by_family/Apocynaceae/by_genus/Forsteronia/by_species/acouci/CHFORSVI6/Apocynaceae_Forsteronia_acouci_CHFORSVI6_003.jpg
individual_013,view_04,2026_data/blind_human_annotation_set/images/individual_013/view_04.jpg,Apocynaceae_Forsteronia_acouci_CHFORSVI6_004.jpg,2026_data/human_annotated_eval_set/by_family/Apocynaceae/by_genus/Forsteronia/by_species/acouci/CHFORSVI6/Apocynaceae_Forsteronia_acouci_CHFORSVI6_004.jpg,2026_data/sorted_12K/training/by_family/Apocynaceae/by_genus/Forsteronia/by_species/acouci/CHFORSVI6/Apocynaceae_Forsteronia_acouci_CHFORSVI6_004.jpg
individual_013,view_05,2026_data/blind_human_annotation_set/images/individual_013/view_05.jpg,Apocynaceae_Forsteronia_acouci_CHFORSVI6_005.jpg,2026_data/human_annotated_eval_set/by_family/Apocynaceae/by_genus/Forsteronia/by_species/acouci/CHFORSVI6/Apocynaceae_Forsteronia_acouci_CHFORSVI6_005.jpg,2026_data/sorted_12K/training/by_family/Apocynaceae/by_genus/Forsteronia/by_species/acouci/CHFORSVI6/Apocynaceae_Forsteronia_acouci_CHFORSVI6_005.jpg
individual_014,view_01,2026_data/blind_human_annotation_set/images/individual_014/view_01.jpg,Apocynaceae_Tabernaemontana_undulata_SRTAB2UN5_001.jpg,2026_data/human_annotated_eval_set/by_family/Apocynaceae/by_genus/Tabernaemontana/by_species/undulata/SRTAB2UN5/Apocynaceae_Tabernaemontana_undulata_SRTAB2UN5_001.jpg,2026_data/sorted_12K/training/by_family/Apocynaceae/by_genus/Tabernaemontana/by_species/undulata/SRTAB2UN5/Apocynaceae_Tabernaemontana_undulata_SRTAB2UN5_001.jpg
individual_014,view_02,2026_data/blind_human_annotation_set/images/individual_014/view_02.jpg,Apocynaceae_Tabernaemontana_undulata_SRTAB2UN5_002.jpg,2026_data/human_annotated_eval_set/by_family/Apocynaceae/by_genus/Tabernaemontana/by_species/undulata/SRTAB2UN5/Apocynaceae_Tabernaemontana_undulata_SRTAB2UN5_002.jpg,2026_data/sorted_12K/training/by_family/Apocynaceae/by_genus/Tabernaemontana/by_species/undulata/SRTAB2UN5/Apocynaceae_Tabernaemontana_undulata_SRTAB2UN5_002.jpg
individual_014,view_03,2026_data/blind_human_annotation_set/images/individual_014/view_03.jpg,Apocynaceae_Tabernaemontana_undulata_SRTAB2UN5_003.jpg,2026_data/human_annotated_eval_set/by_family/Apocynaceae/by_genus/Tabernaemontana/by_species/undulata/SRTAB2UN5/Apocynaceae_Tabernaemontana_undulata_SRTAB2UN5_003.jpg,2026_data/sorted_12K/training/by_family/Apocynaceae/by_genus/Tabernaemontana/by_species/undulata/SRTAB2UN5/Apocynaceae_Tabernaemontana_undulata_SRTAB2UN5_003.jpg
individual_014,view_04,2026_data/blind_human_annotation_set/images/individual_014/view_04.jpg,Apocynaceae_Tabernaemontana_undulata_SRTAB2UN5_004.jpg,2026_data/human_annotated_eval_set/by_family/Apocynaceae/by_genus/Tabernaemontana/by_species/undulata/SRTAB2UN5/Apocynaceae_Tabernaemontana_undulata_SRTAB2UN5_004.jpg,2026_data/sorted_12K/training/by_family/Apocynaceae/by_genus/Tabernaemontana/by_species/undulata/SRTAB2UN5/Apocynaceae_Tabernaemontana_undulata_SRTAB2UN5_004.jpg
individual_014,view_05,2026_data/blind_human_annotation_set/images/individual_014/view_05.jpg,Apocynaceae_Tabernaemontana_undulata_SRTAB2UN5_005.jpg,2026_data/human_annotated_eval_set/by_family/Apocynaceae/by_genus/Tabernaemontana/by_species/undulata/SRTAB2UN5/Apocynaceae_Tabernaemontana_undulata_SRTAB2UN5_005.jpg,2026_data/sorted_12K/training/by_family/Apocynaceae/by_genus/Tabernaemontana/by_species/undulata/SRTAB2UN5/Apocynaceae_Tabernaemontana_undulata_SRTAB2UN5_005.jpg
individual_015,view_01,2026_data/blind_human_annotation_set/images/individual_015/view_01.jpg,Bignoniaceae_Bignonia_corymbosa_CHPHRYCO10_001.jpg,2026_data/human_annotated_eval_set/by_family/Bignoniaceae/by_genus/Bignonia/by_species/corymbosa/CHPHRYCO10/Bignoniaceae_Bignonia_corymbosa_CHPHRYCO10_001.jpg,2026_data/sorted_12K/training/by_family/Bignoniaceae/by_genus/Bignonia/by_species/corymbosa/CHPHRYCO10/Bignoniaceae_Bignonia_corymbosa_CHPHRYCO10_001.jpg
individual_015,view_02,2026_data/blind_human_annotation_set/images/individual_015/view_02.jpg,Bignoniaceae_Bignonia_corymbosa_CHPHRYCO10_002.jpg,2026_data/human_annotated_eval_set/by_family/Bignoniaceae/by_genus/Bignonia/by_species/corymbosa/CHPHRYCO10/Bignoniaceae_Bignonia_corymbosa_CHPHRYCO10_002.jpg,2026_data/sorted_12K/training/by_family/Bignoniaceae/by_genus/Bignonia/by_species/corymbosa/CHPHRYCO10/Bignoniaceae_Bignonia_corymbosa_CHPHRYCO10_002.jpg
individual_015,view_03,2026_data/blind_human_annotation_set/images/individual_015/view_03.jpg,Bignoniaceae_Bignonia_corymbosa_CHPHRYCO10_003.jpg,2026_data/human_annotated_eval_set/by_family/Bignoniaceae/by_genus/Bignonia/by_species/corymbosa/CHPHRYCO10/Bignoniaceae_Bignonia_corymbosa_CHPHRYCO10_003.jpg,2026_data/sorted_12K/training/by_family/Bignoniaceae/by_genus/Bignonia/by_species/corymbosa/CHPHRYCO10/Bignoniaceae_Bignonia_corymbosa_CHPHRYCO10_003.jpg
individual_015,view_04,2026_data/blind_human_annotation_set/images/individual_015/view_04.jpg,Bignoniaceae_Bignonia_corymbosa_CHPHRYCO10_004.jpg,2026_data/human_annotated_eval_set/by_family/Bignoniaceae/by_genus/Bignonia/by_species/corymbosa/CHPHRYCO10/Bignoniaceae_Bignonia_corymbosa_CHPHRYCO10_004.jpg,2026_data/sorted_12K/training/by_family/Bignoniaceae/by_genus/Bignonia/by_species/corymbosa/CHPHRYCO10/Bignoniaceae_Bignonia_corymbosa_CHPHRYCO10_004.jpg
individual_015,view_05,2026_data/blind_human_annotation_set/images/individual_015/view_05.jpg,Bignoniaceae_Bignonia_corymbosa_CHPHRYCO10_005.jpg,2026_data/human_annotated_eval_set/by_family/Bignoniaceae/by_genus/Bignonia/by_species/corymbosa/CHPHRYCO10/Bignoniaceae_Bignonia_corymbosa_CHPHRYCO10_005.jpg,2026_data/sorted_12K/training/by_family/Bignoniaceae/by_genus/Bignonia/by_species/corymbosa/CHPHRYCO10/Bignoniaceae_Bignonia_corymbosa_CHPHRYCO10_005.jpg
individual_016,view_01,2026_data/blind_human_annotation_set/images/individual_016/view_01.jpg,Bignoniaceae_Callichlamys_latifolia_PPCALLLA6_001.jpg,2026_data/human_annotated_eval_set/by_family/Bignoniaceae/by_genus/Callichlamys/by_species/latifolia/PPCALLLA6/Bignoniaceae_Callichlamys_latifolia_PPCALLLA6_001.jpg,2026_data/sorted_12K/training/by_family/Bignoniaceae/by_genus/Callichlamys/by_species/latifolia/PPCALLLA6/Bignoniaceae_Callichlamys_latifolia_PPCALLLA6_001.jpg
individual_016,view_02,2026_data/blind_human_annotation_set/images/individual_016/view_02.jpg,Bignoniaceae_Callichlamys_latifolia_PPCALLLA6_002.jpg,2026_data/human_annotated_eval_set/by_family/Bignoniaceae/by_genus/Callichlamys/by_species/latifolia/PPCALLLA6/Bignoniaceae_Callichlamys_latifolia_PPCALLLA6_002.jpg,2026_data/sorted_12K/training/by_family/Bignoniaceae/by_genus/Callichlamys/by_species/latifolia/PPCALLLA6/Bignoniaceae_Callichlamys_latifolia_PPCALLLA6_002.jpg
individual_016,view_03,2026_data/blind_human_annotation_set/images/individual_016/view_03.jpg,Bignoniaceae_Callichlamys_latifolia_PPCALLLA6_003.jpg,2026_data/human_annotated_eval_set/by_family/Bignoniaceae/by_genus/Callichlamys/by_species/latifolia/PPCALLLA6/Bignoniaceae_Callichlamys_latifolia_PPCALLLA6_003.jpg,2026_data/sorted_12K/training/by_family/Bignoniaceae/by_genus/Callichlamys/by_species/latifolia/PPCALLLA6/Bignoniaceae_Callichlamys_latifolia_PPCALLLA6_003.jpg
individual_016,view_04,2026_data/blind_human_annotation_set/images/individual_016/view_04.jpg,Bignoniaceae_Callichlamys_latifolia_PPCALLLA6_004.jpg,2026_data/human_annotated_eval_set/by_family/Bignoniaceae/by_genus/Callichlamys/by_species/latifolia/PPCALLLA6/Bignoniaceae_Callichlamys_latifolia_PPCALLLA6_004.jpg,2026_data/sorted_12K/training/by_family/Bignoniaceae/by_genus/Callichlamys/by_species/latifolia/PPCALLLA6/Bignoniaceae_Callichlamys_latifolia_PPCALLLA6_004.jpg
individual_016,view_05,2026_data/blind_human_annotation_set/images/individual_016/view_05.jpg,Bignoniaceae_Callichlamys_latifolia_PPCALLLA6_005.jpg,2026_data/human_annotated_eval_set/by_family/Bignoniaceae/by_genus/Callichlamys/by_species/latifolia/PPCALLLA6/Bignoniaceae_Callichlamys_latifolia_PPCALLLA6_005.jpg,2026_data/sorted_12K/training/by_family/Bignoniaceae/by_genus/Callichlamys/by_species/latifolia/PPCALLLA6/Bignoniaceae_Callichlamys_latifolia_PPCALLLA6_005.jpg
individual_017,view_01,2026_data/blind_human_annotation_set/images/individual_017/view_01.jpg,Bignoniaceae_Pachyptera_kerere_BVMANSKE10_001.jpg,2026_data/human_annotated_eval_set/by_family/Bignoniaceae/by_genus/Pachyptera/by_species/kerere/BVMANSKE10/Bignoniaceae_Pachyptera_kerere_BVMANSKE10_001.jpg,2026_data/sorted_12K/training/by_family/Bignoniaceae/by_genus/Pachyptera/by_species/kerere/BVMANSKE10/Bignoniaceae_Pachyptera_kerere_BVMANSKE10_001.jpg
individual_017,view_02,2026_data/blind_human_annotation_set/images/individual_017/view_02.jpg,Bignoniaceae_Pachyptera_kerere_BVMANSKE10_002.jpg,2026_data/human_annotated_eval_set/by_family/Bignoniaceae/by_genus/Pachyptera/by_species/kerere/BVMANSKE10/Bignoniaceae_Pachyptera_kerere_BVMANSKE10_002.jpg,2026_data/sorted_12K/training/by_family/Bignoniaceae/by_genus/Pachyptera/by_species/kerere/BVMANSKE10/Bignoniaceae_Pachyptera_kerere_BVMANSKE10_002.jpg
individual_017,view_03,2026_data/blind_human_annotation_set/images/individual_017/view_03.jpg,Bignoniaceae_Pachyptera_kerere_BVMANSKE10_003.jpg,2026_data/human_annotated_eval_set/by_family/Bignoniaceae/by_genus/Pachyptera/by_species/kerere/BVMANSKE10/Bignoniaceae_Pachyptera_kerere_BVMANSKE10_003.jpg,2026_data/sorted_12K/training/by_family/Bignoniaceae/by_genus/Pachyptera/by_species/kerere/BVMANSKE10/Bignoniaceae_Pachyptera_kerere_BVMANSKE10_003.jpg
individual_017,view_04,2026_data/blind_human_annotation_set/images/individual_017/view_04.jpg,Bignoniaceae_Pachyptera_kerere_BVMANSKE10_004.jpg,2026_data/human_annotated_eval_set/by_family/Bignoniaceae/by_genus/Pachyptera/by_species/kerere/BVMANSKE10/Bignoniaceae_Pachyptera_kerere_BVMANSKE10_004.jpg,2026_data/sorted_12K/training/by_family/Bignoniaceae/by_genus/Pachyptera/by_species/kerere/BVMANSKE10/Bignoniaceae_Pachyptera_kerere_BVMANSKE10_004.jpg
individual_017,view_05,2026_data/blind_human_annotation_set/images/individual_017/view_05.jpg,Bignoniaceae_Pachyptera_kerere_BVMANSKE10_005.jpg,2026_data/human_annotated_eval_set/by_family/Bignoniaceae/by_genus/Pachyptera/by_species/kerere/BVMANSKE10/Bignoniaceae_Pachyptera_kerere_BVMANSKE10_005.jpg,2026_data/sorted_12K/training/by_family/Bignoniaceae/by_genus/Pachyptera/by_species/kerere/BVMANSKE10/Bignoniaceae_Pachyptera_kerere_BVMANSKE10_005.jpg
individual_018,view_01,2026_data/blind_human_annotation_set/images/individual_018/view_01.jpg,Bignoniaceae_Pleonotoma_variabilis_ANPLEOVA1_001.jpg,2026_data/human_annotated_eval_set/by_family/Bignoniaceae/by_genus/Pleonotoma/by_species/variabilis/ANPLEOVA1/Bignoniaceae_Pleonotoma_variabilis_ANPLEOVA1_001.jpg,2026_data/sorted_12K/training/by_family/Bignoniaceae/by_genus/Pleonotoma/by_species/variabilis/ANPLEOVA1/Bignoniaceae_Pleonotoma_variabilis_ANPLEOVA1_001.jpg
individual_018,view_02,2026_data/blind_human_annotation_set/images/individual_018/view_02.jpg,Bignoniaceae_Pleonotoma_variabilis_ANPLEOVA1_002.jpg,2026_data/human_annotated_eval_set/by_family/Bignoniaceae/by_genus/Pleonotoma/by_species/variabilis/ANPLEOVA1/Bignoniaceae_Pleonotoma_variabilis_ANPLEOVA1_002.jpg,2026_data/sorted_12K/training/by_family/Bignoniaceae/by_genus/Pleonotoma/by_species/variabilis/ANPLEOVA1/Bignoniaceae_Pleonotoma_variabilis_ANPLEOVA1_002.jpg
individual_018,view_03,2026_data/blind_human_annotation_set/images/individual_018/view_03.jpg,Bignoniaceae_Pleonotoma_variabilis_ANPLEOVA1_003.jpg,2026_data/human_annotated_eval_set/by_family/Bignoniaceae/by_genus/Pleonotoma/by_species/variabilis/ANPLEOVA1/Bignoniaceae_Pleonotoma_variabilis_ANPLEOVA1_003.jpg,2026_data/sorted_12K/training/by_family/Bignoniaceae/by_genus/Pleonotoma/by_species/variabilis/ANPLEOVA1/Bignoniaceae_Pleonotoma_variabilis_ANPLEOVA1_003.jpg
individual_018,view_04,2026_data/blind_human_annotation_set/images/individual_018/view_04.jpg,Bignoniaceae_Pleonotoma_variabilis_ANPLEOVA1_004.jpg,2026_data/human_annotated_eval_set/by_family/Bignoniaceae/by_genus/Pleonotoma/by_species/variabilis/ANPLEOVA1/Bignoniaceae_Pleonotoma_variabilis_ANPLEOVA1_004.jpg,2026_data/sorted_12K/training/by_family/Bignoniaceae/by_genus/Pleonotoma/by_species/variabilis/ANPLEOVA1/Bignoniaceae_Pleonotoma_variabilis_ANPLEOVA1_004.jpg
individual_018,view_05,2026_data/blind_human_annotation_set/images/individual_018/view_05.jpg,Bignoniaceae_Pleonotoma_variabilis_ANPLEOVA1_005.jpg,2026_data/human_annotated_eval_set/by_family/Bignoniaceae/by_genus/Pleonotoma/by_species/variabilis/ANPLEOVA1/Bignoniaceae_Pleonotoma_variabilis_ANPLEOVA1_005.jpg,2026_data/sorted_12K/training/by_family/Bignoniaceae/by_genus/Pleonotoma/by_species/variabilis/ANPLEOVA1/Bignoniaceae_Pleonotoma_variabilis_ANPLEOVA1_005.jpg
individual_019,view_01,2026_data/blind_human_annotation_set/images/individual_019/view_01.jpg,Bignoniaceae_Stizophyllum_riparium_OLSTIZRI3_001.jpg,2026_data/human_annotated_eval_set/by_family/Bignoniaceae/by_genus/Stizophyllum/by_species/riparium/OLSTIZRI3/Bignoniaceae_Stizophyllum_riparium_OLSTIZRI3_001.jpg,2026_data/sorted_12K/training/by_family/Bignoniaceae/by_genus/Stizophyllum/by_species/riparium/OLSTIZRI3/Bignoniaceae_Stizophyllum_riparium_OLSTIZRI3_001.jpg
individual_019,view_02,2026_data/blind_human_annotation_set/images/individual_019/view_02.jpg,Bignoniaceae_Stizophyllum_riparium_OLSTIZRI3_002.jpg,2026_data/human_annotated_eval_set/by_family/Bignoniaceae/by_genus/Stizophyllum/by_species/riparium/OLSTIZRI3/Bignoniaceae_Stizophyllum_riparium_OLSTIZRI3_002.jpg,2026_data/sorted_12K/training/by_family/Bignoniaceae/by_genus/Stizophyllum/by_species/riparium/OLSTIZRI3/Bignoniaceae_Stizophyllum_riparium_OLSTIZRI3_002.jpg
individual_019,view_03,2026_data/blind_human_annotation_set/images/individual_019/view_03.jpg,Bignoniaceae_Stizophyllum_riparium_OLSTIZRI3_003.jpg,2026_data/human_annotated_eval_set/by_family/Bignoniaceae/by_genus/Stizophyllum/by_species/riparium/OLSTIZRI3/Bignoniaceae_Stizophyllum_riparium_OLSTIZRI3_003.jpg,2026_data/sorted_12K/training/by_family/Bignoniaceae/by_genus/Stizophyllum/by_species/riparium/OLSTIZRI3/Bignoniaceae_Stizophyllum_riparium_OLSTIZRI3_003.jpg
individual_019,view_04,2026_data/blind_human_annotation_set/images/individual_019/view_04.jpg,Bignoniaceae_Stizophyllum_riparium_OLSTIZRI3_004.jpg,2026_data/human_annotated_eval_set/by_family/Bignoniaceae/by_genus/Stizophyllum/by_species/riparium/OLSTIZRI3/Bignoniaceae_Stizophyllum_riparium_OLSTIZRI3_004.jpg,2026_data/sorted_12K/training/by_family/Bignoniaceae/by_genus/Stizophyllum/by_species/riparium/OLSTIZRI3/Bignoniaceae_Stizophyllum_riparium_OLSTIZRI3_004.jpg
individual_019,view_05,2026_data/blind_human_annotation_set/images/individual_019/view_05.jpg,Bignoniaceae_Stizophyllum_riparium_OLSTIZRI3_005.jpg,2026_data/human_annotated_eval_set/by_family/Bignoniaceae/by_genus/Stizophyllum/by_species/riparium/OLSTIZRI3/Bignoniaceae_Stizophyllum_riparium_OLSTIZRI3_005.jpg,2026_data/sorted_12K/training/by_family/Bignoniaceae/by_genus/Stizophyllum/by_species/riparium/OLSTIZRI3/Bignoniaceae_Stizophyllum_riparium_OLSTIZRI3_005.jpg
individual_020,view_01,2026_data/blind_human_annotation_set/images/individual_020/view_01.jpg,Bignoniaceae_Tanaecium_pyramidatum_CHPAR1PY2_001.jpg,2026_data/human_annotated_eval_set/by_family/Bignoniaceae/by_genus/Tanaecium/by_species/pyramidatum/CHPAR1PY2/Bignoniaceae_Tanaecium_pyramidatum_CHPAR1PY2_001.jpg,2026_data/sorted_12K/training/by_family/Bignoniaceae/by_genus/Tanaecium/by_species/pyramidatum/CHPAR1PY2/Bignoniaceae_Tanaecium_pyramidatum_CHPAR1PY2_001.jpg
individual_020,view_02,2026_data/blind_human_annotation_set/images/individual_020/view_02.jpg,Bignoniaceae_Tanaecium_pyramidatum_CHPAR1PY2_002.jpg,2026_data/human_annotated_eval_set/by_family/Bignoniaceae/by_genus/Tanaecium/by_species/pyramidatum/CHPAR1PY2/Bignoniaceae_Tanaecium_pyramidatum_CHPAR1PY2_002.jpg,2026_data/sorted_12K/training/by_family/Bignoniaceae/by_genus/Tanaecium/by_species/pyramidatum/CHPAR1PY2/Bignoniaceae_Tanaecium_pyramidatum_CHPAR1PY2_002.jpg
individual_020,view_03,2026_data/blind_human_annotation_set/images/individual_020/view_03.jpg,Bignoniaceae_Tanaecium_pyramidatum_CHPAR1PY2_003.jpg,2026_data/human_annotated_eval_set/by_family/Bignoniaceae/by_genus/Tanaecium/by_species/pyramidatum/CHPAR1PY2/Bignoniaceae_Tanaecium_pyramidatum_CHPAR1PY2_003.jpg,2026_data/sorted_12K/training/by_family/Bignoniaceae/by_genus/Tanaecium/by_species/pyramidatum/CHPAR1PY2/Bignoniaceae_Tanaecium_pyramidatum_CHPAR1PY2_003.jpg
individual_020,view_04,2026_data/blind_human_annotation_set/images/individual_020/view_04.jpg,Bignoniaceae_Tanaecium_pyramidatum_CHPAR1PY2_004.jpg,2026_data/human_annotated_eval_set/by_family/Bignoniaceae/by_genus/Tanaecium/by_species/pyramidatum/CHPAR1PY2/Bignoniaceae_Tanaecium_pyramidatum_CHPAR1PY2_004.jpg,2026_data/sorted_12K/training/by_family/Bignoniaceae/by_genus/Tanaecium/by_species/pyramidatum/CHPAR1PY2/Bignoniaceae_Tanaecium_pyramidatum_CHPAR1PY2_004.jpg
individual_020,view_05,2026_data/blind_human_annotation_set/images/individual_020/view_05.jpg,Bignoniaceae_Tanaecium_pyramidatum_CHPAR1PY2_005.jpg,2026_data/human_annotated_eval_set/by_family/Bignoniaceae/by_genus/Tanaecium/by_species/pyramidatum/CHPAR1PY2/Bignoniaceae_Tanaecium_pyramidatum_CHPAR1PY2_005.jpg,2026_data/sorted_12K/training/by_family/Bignoniaceae/by_genus/Tanaecium/by_species/pyramidatum/CHPAR1PY2/Bignoniaceae_Tanaecium_pyramidatum_CHPAR1PY2_005.jpg
individual_021,view_01,2026_data/blind_human_annotation_set/images/individual_021/view_01.jpg,Bignoniaceae_Tynanthus_croatianus_METYNACR4_001.jpg,2026_data/human_annotated_eval_set/by_family/Bignoniaceae/by_genus/Tynanthus/by_species/croatianus/METYNACR4/Bignoniaceae_Tynanthus_croatianus_METYNACR4_001.jpg,2026_data/sorted_12K/training/by_family/Bignoniaceae/by_genus/Tynanthus/by_species/croatianus/METYNACR4/Bignoniaceae_Tynanthus_croatianus_METYNACR4_001.jpg
individual_021,view_02,2026_data/blind_human_annotation_set/images/individual_021/view_02.jpg,Bignoniaceae_Tynanthus_croatianus_METYNACR4_002.jpg,2026_data/human_annotated_eval_set/by_family/Bignoniaceae/by_genus/Tynanthus/by_species/croatianus/METYNACR4/Bignoniaceae_Tynanthus_croatianus_METYNACR4_002.jpg,2026_data/sorted_12K/training/by_family/Bignoniaceae/by_genus/Tynanthus/by_species/croatianus/METYNACR4/Bignoniaceae_Tynanthus_croatianus_METYNACR4_002.jpg
individual_021,view_03,2026_data/blind_human_annotation_set/images/individual_021/view_03.jpg,Bignoniaceae_Tynanthus_croatianus_METYNACR4_003.jpg,2026_data/human_annotated_eval_set/by_family/Bignoniaceae/by_genus/Tynanthus/by_species/croatianus/METYNACR4/Bignoniaceae_Tynanthus_croatianus_METYNACR4_003.jpg,2026_data/sorted_12K/training/by_family/Bignoniaceae/by_genus/Tynanthus/by_species/croatianus/METYNACR4/Bignoniaceae_Tynanthus_croatianus_METYNACR4_003.jpg
individual_021,view_04,2026_data/blind_human_annotation_set/images/individual_021/view_04.jpg,Bignoniaceae_Tynanthus_croatianus_METYNACR4_004.jpg,2026_data/human_annotated_eval_set/by_family/Bignoniaceae/by_genus/Tynanthus/by_species/croatianus/METYNACR4/Bignoniaceae_Tynanthus_croatianus_METYNACR4_004.jpg,2026_data/sorted_12K/training/by_family/Bignoniaceae/by_genus/Tynanthus/by_species/croatianus/METYNACR4/Bignoniaceae_Tynanthus_croatianus_METYNACR4_004.jpg
individual_021,view_05,2026_data/blind_human_annotation_set/images/individual_021/view_05.jpg,Bignoniaceae_Tynanthus_croatianus_METYNACR4_005.jpg,2026_data/human_annotated_eval_set/by_family/Bignoniaceae/by_genus/Tynanthus/by_species/croatianus/METYNACR4/Bignoniaceae_Tynanthus_croatianus_METYNACR4_005.jpg,2026_data/sorted_12K/training/by_family/Bignoniaceae/by_genus/Tynanthus/by_species/croatianus/METYNACR4/Bignoniaceae_Tynanthus_croatianus_METYNACR4_005.jpg
individual_022,view_01,2026_data/blind_human_annotation_set/images/individual_022/view_01.jpg,Boraginaceae_Cordia_bicolor_SHCORDBI3_001.jpg,2026_data/human_annotated_eval_set/by_family/Boraginaceae/by_genus/Cordia/by_species/bicolor/SHCORDBI3/Boraginaceae_Cordia_bicolor_SHCORDBI3_001.jpg,2026_data/sorted_12K/training/by_family/Boraginaceae/by_genus/Cordia/by_species/bicolor/SHCORDBI3/Boraginaceae_Cordia_bicolor_SHCORDBI3_001.jpg
individual_022,view_02,2026_data/blind_human_annotation_set/images/individual_022/view_02.jpg,Boraginaceae_Cordia_bicolor_SHCORDBI3_002.jpg,2026_data/human_annotated_eval_set/by_family/Boraginaceae/by_genus/Cordia/by_species/bicolor/SHCORDBI3/Boraginaceae_Cordia_bicolor_SHCORDBI3_002.jpg,2026_data/sorted_12K/training/by_family/Boraginaceae/by_genus/Cordia/by_species/bicolor/SHCORDBI3/Boraginaceae_Cordia_bicolor_SHCORDBI3_002.jpg
individual_022,view_03,2026_data/blind_human_annotation_set/images/individual_022/view_03.jpg,Boraginaceae_Cordia_bicolor_SHCORDBI3_003.jpg,2026_data/human_annotated_eval_set/by_family/Boraginaceae/by_genus/Cordia/by_species/bicolor/SHCORDBI3/Boraginaceae_Cordia_bicolor_SHCORDBI3_003.jpg,2026_data/sorted_12K/training/by_family/Boraginaceae/by_genus/Cordia/by_species/bicolor/SHCORDBI3/Boraginaceae_Cordia_bicolor_SHCORDBI3_003.jpg
individual_022,view_04,2026_data/blind_human_annotation_set/images/individual_022/view_04.jpg,Boraginaceae_Cordia_bicolor_SHCORDBI3_004.jpg,2026_data/human_annotated_eval_set/by_family/Boraginaceae/by_genus/Cordia/by_species/bicolor/SHCORDBI3/Boraginaceae_Cordia_bicolor_SHCORDBI3_004.jpg,2026_data/sorted_12K/training/by_family/Boraginaceae/by_genus/Cordia/by_species/bicolor/SHCORDBI3/Boraginaceae_Cordia_bicolor_SHCORDBI3_004.jpg
individual_022,view_05,2026_data/blind_human_annotation_set/images/individual_022/view_05.jpg,Boraginaceae_Cordia_bicolor_SHCORDBI3_005.jpg,2026_data/human_annotated_eval_set/by_family/Boraginaceae/by_genus/Cordia/by_species/bicolor/SHCORDBI3/Boraginaceae_Cordia_bicolor_SHCORDBI3_005.jpg,2026_data/sorted_12K/training/by_family/Boraginaceae/by_genus/Cordia/by_species/bicolor/SHCORDBI3/Boraginaceae_Cordia_bicolor_SHCORDBI3_005.jpg
individual_023,view_01,2026_data/blind_human_annotation_set/images/individual_023/view_01.jpg,Burseraceae_Protium_stevensonii_BAR0010_001.jpg,2026_data/human_annotated_eval_set/by_family/Burseraceae/by_genus/Protium/by_species/stevensonii/BAR0010/Burseraceae_Protium_stevensonii_BAR0010_001.jpg,2026_data/sorted_12K/training/by_family/Burseraceae/by_genus/Protium/by_species/stevensonii/BAR0010/Burseraceae_Protium_stevensonii_BAR0010_001.jpg
individual_023,view_02,2026_data/blind_human_annotation_set/images/individual_023/view_02.jpg,Burseraceae_Protium_stevensonii_BAR0010_002.jpg,2026_data/human_annotated_eval_set/by_family/Burseraceae/by_genus/Protium/by_species/stevensonii/BAR0010/Burseraceae_Protium_stevensonii_BAR0010_002.jpg,2026_data/sorted_12K/training/by_family/Burseraceae/by_genus/Protium/by_species/stevensonii/BAR0010/Burseraceae_Protium_stevensonii_BAR0010_002.jpg
individual_023,view_03,2026_data/blind_human_annotation_set/images/individual_023/view_03.jpg,Burseraceae_Protium_stevensonii_BAR0010_003.jpg,2026_data/human_annotated_eval_set/by_family/Burseraceae/by_genus/Protium/by_species/stevensonii/BAR0010/Burseraceae_Protium_stevensonii_BAR0010_003.jpg,2026_data/sorted_12K/training/by_family/Burseraceae/by_genus/Protium/by_species/stevensonii/BAR0010/Burseraceae_Protium_stevensonii_BAR0010_003.jpg
individual_023,view_04,2026_data/blind_human_annotation_set/images/individual_023/view_04.jpg,Burseraceae_Protium_stevensonii_BAR0010_004.jpg,2026_data/human_annotated_eval_set/by_family/Burseraceae/by_genus/Protium/by_species/stevensonii/BAR0010/Burseraceae_Protium_stevensonii_BAR0010_004.jpg,2026_data/sorted_12K/training/by_family/Burseraceae/by_genus/Protium/by_species/stevensonii/BAR0010/Burseraceae_Protium_stevensonii_BAR0010_004.jpg
individual_023,view_05,2026_data/blind_human_annotation_set/images/individual_023/view_05.jpg,Burseraceae_Protium_stevensonii_BAR0010_005.jpg,2026_data/human_annotated_eval_set/by_family/Burseraceae/by_genus/Protium/by_species/stevensonii/BAR0010/Burseraceae_Protium_stevensonii_BAR0010_005.jpg,2026_data/sorted_12K/training/by_family/Burseraceae/by_genus/Protium/by_species/stevensonii/BAR0010/Burseraceae_Protium_stevensonii_BAR0010_005.jpg
individual_024,view_01,2026_data/blind_human_annotation_set/images/individual_024/view_01.jpg,Calophyllaceae_Calophyllum_longifolium_SHCALOLO10_001.jpg,2026_data/human_annotated_eval_set/by_family/Calophyllaceae/by_genus/Calophyllum/by_species/longifolium/SHCALOLO10/Calophyllaceae_Calophyllum_longifolium_SHCALOLO10_001.jpg,2026_data/sorted_12K/training/by_family/Calophyllaceae/by_genus/Calophyllum/by_species/longifolium/SHCALOLO10/Calophyllaceae_Calophyllum_longifolium_SHCALOLO10_001.jpg
individual_024,view_02,2026_data/blind_human_annotation_set/images/individual_024/view_02.jpg,Calophyllaceae_Calophyllum_longifolium_SHCALOLO10_002.jpg,2026_data/human_annotated_eval_set/by_family/Calophyllaceae/by_genus/Calophyllum/by_species/longifolium/SHCALOLO10/Calophyllaceae_Calophyllum_longifolium_SHCALOLO10_002.jpg,2026_data/sorted_12K/training/by_family/Calophyllaceae/by_genus/Calophyllum/by_species/longifolium/SHCALOLO10/Calophyllaceae_Calophyllum_longifolium_SHCALOLO10_002.jpg
individual_024,view_03,2026_data/blind_human_annotation_set/images/individual_024/view_03.jpg,Calophyllaceae_Calophyllum_longifolium_SHCALOLO10_003.jpg,2026_data/human_annotated_eval_set/by_family/Calophyllaceae/by_genus/Calophyllum/by_species/longifolium/SHCALOLO10/Calophyllaceae_Calophyllum_longifolium_SHCALOLO10_003.jpg,2026_data/sorted_12K/training/by_family/Calophyllaceae/by_genus/Calophyllum/by_species/longifolium/SHCALOLO10/Calophyllaceae_Calophyllum_longifolium_SHCALOLO10_003.jpg
individual_024,view_04,2026_data/blind_human_annotation_set/images/individual_024/view_04.jpg,Calophyllaceae_Calophyllum_longifolium_SHCALOLO10_004.jpg,2026_data/human_annotated_eval_set/by_family/Calophyllaceae/by_genus/Calophyllum/by_species/longifolium/SHCALOLO10/Calophyllaceae_Calophyllum_longifolium_SHCALOLO10_004.jpg,2026_data/sorted_12K/training/by_family/Calophyllaceae/by_genus/Calophyllum/by_species/longifolium/SHCALOLO10/Calophyllaceae_Calophyllum_longifolium_SHCALOLO10_004.jpg
individual_025,view_01,2026_data/blind_human_annotation_set/images/individual_025/view_01.jpg,Capparaceae_Morisonia_frondosa_BAR0018_001.jpg,2026_data/human_annotated_eval_set/by_family/Capparaceae/by_genus/Morisonia/by_species/frondosa/BAR0018/Capparaceae_Morisonia_frondosa_BAR0018_001.jpg,2026_data/sorted_12K/training/by_family/Capparaceae/by_genus/Morisonia/by_species/frondosa/BAR0018/Capparaceae_Morisonia_frondosa_BAR0018_001.jpg
individual_025,view_02,2026_data/blind_human_annotation_set/images/individual_025/view_02.jpg,Capparaceae_Morisonia_frondosa_BAR0018_002.jpg,2026_data/human_annotated_eval_set/by_family/Capparaceae/by_genus/Morisonia/by_species/frondosa/BAR0018/Capparaceae_Morisonia_frondosa_BAR0018_002.jpg,2026_data/sorted_12K/training/by_family/Capparaceae/by_genus/Morisonia/by_species/frondosa/BAR0018/Capparaceae_Morisonia_frondosa_BAR0018_002.jpg
individual_025,view_03,2026_data/blind_human_annotation_set/images/individual_025/view_03.jpg,Capparaceae_Morisonia_frondosa_BAR0018_003.jpg,2026_data/human_annotated_eval_set/by_family/Capparaceae/by_genus/Morisonia/by_species/frondosa/BAR0018/Capparaceae_Morisonia_frondosa_BAR0018_003.jpg,2026_data/sorted_12K/training/by_family/Capparaceae/by_genus/Morisonia/by_species/frondosa/BAR0018/Capparaceae_Morisonia_frondosa_BAR0018_003.jpg
individual_025,view_04,2026_data/blind_human_annotation_set/images/individual_025/view_04.jpg,Capparaceae_Morisonia_frondosa_BAR0018_004.jpg,2026_data/human_annotated_eval_set/by_family/Capparaceae/by_genus/Morisonia/by_species/frondosa/BAR0018/Capparaceae_Morisonia_frondosa_BAR0018_004.jpg,2026_data/sorted_12K/training/by_family/Capparaceae/by_genus/Morisonia/by_species/frondosa/BAR0018/Capparaceae_Morisonia_frondosa_BAR0018_004.jpg
individual_025,view_05,2026_data/blind_human_annotation_set/images/individual_025/view_05.jpg,Capparaceae_Morisonia_frondosa_BAR0018_005.jpg,2026_data/human_annotated_eval_set/by_family/Capparaceae/by_genus/Morisonia/by_species/frondosa/BAR0018/Capparaceae_Morisonia_frondosa_BAR0018_005.jpg,2026_data/sorted_12K/training/by_family/Capparaceae/by_genus/Morisonia/by_species/frondosa/BAR0018/Capparaceae_Morisonia_frondosa_BAR0018_005.jpg
individual_026,view_01,2026_data/blind_human_annotation_set/images/individual_026/view_01.jpg,Celastraceae_Hippocratea_volubilis_OLHIPPVO7_001.jpg,2026_data/human_annotated_eval_set/by_family/Celastraceae/by_genus/Hippocratea/by_species/volubilis/OLHIPPVO7/Celastraceae_Hippocratea_volubilis_OLHIPPVO7_001.jpg,2026_data/sorted_12K/training/by_family/Celastraceae/by_genus/Hippocratea/by_species/volubilis/OLHIPPVO7/Celastraceae_Hippocratea_volubilis_OLHIPPVO7_001.jpg
individual_026,view_02,2026_data/blind_human_annotation_set/images/individual_026/view_02.jpg,Celastraceae_Hippocratea_volubilis_OLHIPPVO7_002.jpg,2026_data/human_annotated_eval_set/by_family/Celastraceae/by_genus/Hippocratea/by_species/volubilis/OLHIPPVO7/Celastraceae_Hippocratea_volubilis_OLHIPPVO7_002.jpg,2026_data/sorted_12K/training/by_family/Celastraceae/by_genus/Hippocratea/by_species/volubilis/OLHIPPVO7/Celastraceae_Hippocratea_volubilis_OLHIPPVO7_002.jpg
individual_026,view_03,2026_data/blind_human_annotation_set/images/individual_026/view_03.jpg,Celastraceae_Hippocratea_volubilis_OLHIPPVO7_003.jpg,2026_data/human_annotated_eval_set/by_family/Celastraceae/by_genus/Hippocratea/by_species/volubilis/OLHIPPVO7/Celastraceae_Hippocratea_volubilis_OLHIPPVO7_003.jpg,2026_data/sorted_12K/training/by_family/Celastraceae/by_genus/Hippocratea/by_species/volubilis/OLHIPPVO7/Celastraceae_Hippocratea_volubilis_OLHIPPVO7_003.jpg
individual_026,view_04,2026_data/blind_human_annotation_set/images/individual_026/view_04.jpg,Celastraceae_Hippocratea_volubilis_OLHIPPVO7_004.jpg,2026_data/human_annotated_eval_set/by_family/Celastraceae/by_genus/Hippocratea/by_species/volubilis/OLHIPPVO7/Celastraceae_Hippocratea_volubilis_OLHIPPVO7_004.jpg,2026_data/sorted_12K/training/by_family/Celastraceae/by_genus/Hippocratea/by_species/volubilis/OLHIPPVO7/Celastraceae_Hippocratea_volubilis_OLHIPPVO7_004.jpg
individual_026,view_05,2026_data/blind_human_annotation_set/images/individual_026/view_05.jpg,Celastraceae_Hippocratea_volubilis_OLHIPPVO7_005.jpg,2026_data/human_annotated_eval_set/by_family/Celastraceae/by_genus/Hippocratea/by_species/volubilis/OLHIPPVO7/Celastraceae_Hippocratea_volubilis_OLHIPPVO7_005.jpg,2026_data/sorted_12K/training/by_family/Celastraceae/by_genus/Hippocratea/by_species/volubilis/OLHIPPVO7/Celastraceae_Hippocratea_volubilis_OLHIPPVO7_005.jpg
individual_027,view_01,2026_data/blind_human_annotation_set/images/individual_027/view_01.jpg,Celastraceae_Hylenaea_praecelsa_BAR0482_001.jpg,2026_data/human_annotated_eval_set/by_family/Celastraceae/by_genus/Hylenaea/by_species/praecelsa/BAR0482/Celastraceae_Hylenaea_praecelsa_BAR0482_001.jpg,2026_data/sorted_12K/training/by_family/Celastraceae/by_genus/Hylenaea/by_species/praecelsa/BAR0482/Celastraceae_Hylenaea_praecelsa_BAR0482_001.jpg
individual_027,view_02,2026_data/blind_human_annotation_set/images/individual_027/view_02.jpg,Celastraceae_Hylenaea_praecelsa_BAR0482_002.jpg,2026_data/human_annotated_eval_set/by_family/Celastraceae/by_genus/Hylenaea/by_species/praecelsa/BAR0482/Celastraceae_Hylenaea_praecelsa_BAR0482_002.jpg,2026_data/sorted_12K/training/by_family/Celastraceae/by_genus/Hylenaea/by_species/praecelsa/BAR0482/Celastraceae_Hylenaea_praecelsa_BAR0482_002.jpg
individual_027,view_03,2026_data/blind_human_annotation_set/images/individual_027/view_03.jpg,Celastraceae_Hylenaea_praecelsa_BAR0482_003.jpg,2026_data/human_annotated_eval_set/by_family/Celastraceae/by_genus/Hylenaea/by_species/praecelsa/BAR0482/Celastraceae_Hylenaea_praecelsa_BAR0482_003.jpg,2026_data/sorted_12K/training/by_family/Celastraceae/by_genus/Hylenaea/by_species/praecelsa/BAR0482/Celastraceae_Hylenaea_praecelsa_BAR0482_003.jpg
individual_027,view_04,2026_data/blind_human_annotation_set/images/individual_027/view_04.jpg,Celastraceae_Hylenaea_praecelsa_BAR0482_004.jpg,2026_data/human_annotated_eval_set/by_family/Celastraceae/by_genus/Hylenaea/by_species/praecelsa/BAR0482/Celastraceae_Hylenaea_praecelsa_BAR0482_004.jpg,2026_data/sorted_12K/training/by_family/Celastraceae/by_genus/Hylenaea/by_species/praecelsa/BAR0482/Celastraceae_Hylenaea_praecelsa_BAR0482_004.jpg
individual_027,view_05,2026_data/blind_human_annotation_set/images/individual_027/view_05.jpg,Celastraceae_Hylenaea_praecelsa_BAR0482_005.jpg,2026_data/human_annotated_eval_set/by_family/Celastraceae/by_genus/Hylenaea/by_species/praecelsa/BAR0482/Celastraceae_Hylenaea_praecelsa_BAR0482_005.jpg,2026_data/sorted_12K/training/by_family/Celastraceae/by_genus/Hylenaea/by_species/praecelsa/BAR0482/Celastraceae_Hylenaea_praecelsa_BAR0482_005.jpg
individual_028,view_01,2026_data/blind_human_annotation_set/images/individual_028/view_01.jpg,Celastraceae_Maytenus_schippii_BVMAYTSC9_001.jpg,2026_data/human_annotated_eval_set/by_family/Celastraceae/by_genus/Maytenus/by_species/schippii/BVMAYTSC9/Celastraceae_Maytenus_schippii_BVMAYTSC9_001.jpg,2026_data/sorted_12K/training/by_family/Celastraceae/by_genus/Maytenus/by_species/schippii/BVMAYTSC9/Celastraceae_Maytenus_schippii_BVMAYTSC9_001.jpg
individual_028,view_02,2026_data/blind_human_annotation_set/images/individual_028/view_02.jpg,Celastraceae_Maytenus_schippii_BVMAYTSC9_002.jpg,2026_data/human_annotated_eval_set/by_family/Celastraceae/by_genus/Maytenus/by_species/schippii/BVMAYTSC9/Celastraceae_Maytenus_schippii_BVMAYTSC9_002.jpg,2026_data/sorted_12K/training/by_family/Celastraceae/by_genus/Maytenus/by_species/schippii/BVMAYTSC9/Celastraceae_Maytenus_schippii_BVMAYTSC9_002.jpg
individual_028,view_03,2026_data/blind_human_annotation_set/images/individual_028/view_03.jpg,Celastraceae_Maytenus_schippii_BVMAYTSC9_003.jpg,2026_data/human_annotated_eval_set/by_family/Celastraceae/by_genus/Maytenus/by_species/schippii/BVMAYTSC9/Celastraceae_Maytenus_schippii_BVMAYTSC9_003.jpg,2026_data/sorted_12K/training/by_family/Celastraceae/by_genus/Maytenus/by_species/schippii/BVMAYTSC9/Celastraceae_Maytenus_schippii_BVMAYTSC9_003.jpg
individual_028,view_04,2026_data/blind_human_annotation_set/images/individual_028/view_04.jpg,Celastraceae_Maytenus_schippii_BVMAYTSC9_004.jpg,2026_data/human_annotated_eval_set/by_family/Celastraceae/by_genus/Maytenus/by_species/schippii/BVMAYTSC9/Celastraceae_Maytenus_schippii_BVMAYTSC9_004.jpg,2026_data/sorted_12K/training/by_family/Celastraceae/by_genus/Maytenus/by_species/schippii/BVMAYTSC9/Celastraceae_Maytenus_schippii_BVMAYTSC9_004.jpg
individual_028,view_05,2026_data/blind_human_annotation_set/images/individual_028/view_05.jpg,Celastraceae_Maytenus_schippii_BVMAYTSC9_005.jpg,2026_data/human_annotated_eval_set/by_family/Celastraceae/by_genus/Maytenus/by_species/schippii/BVMAYTSC9/Celastraceae_Maytenus_schippii_BVMAYTSC9_005.jpg,2026_data/sorted_12K/training/by_family/Celastraceae/by_genus/Maytenus/by_species/schippii/BVMAYTSC9/Celastraceae_Maytenus_schippii_BVMAYTSC9_005.jpg
individual_029,view_01,2026_data/blind_human_annotation_set/images/individual_029/view_01.jpg,Celastraceae_Peritassa_pruinosa_MEPERIPR9_001.jpg,2026_data/human_annotated_eval_set/by_family/Celastraceae/by_genus/Peritassa/by_species/pruinosa/MEPERIPR9/Celastraceae_Peritassa_pruinosa_MEPERIPR9_001.jpg,2026_data/sorted_12K/training/by_family/Celastraceae/by_genus/Peritassa/by_species/pruinosa/MEPERIPR9/Celastraceae_Peritassa_pruinosa_MEPERIPR9_001.jpg
individual_029,view_02,2026_data/blind_human_annotation_set/images/individual_029/view_02.jpg,Celastraceae_Peritassa_pruinosa_MEPERIPR9_002.jpg,2026_data/human_annotated_eval_set/by_family/Celastraceae/by_genus/Peritassa/by_species/pruinosa/MEPERIPR9/Celastraceae_Peritassa_pruinosa_MEPERIPR9_002.jpg,2026_data/sorted_12K/training/by_family/Celastraceae/by_genus/Peritassa/by_species/pruinosa/MEPERIPR9/Celastraceae_Peritassa_pruinosa_MEPERIPR9_002.jpg
individual_029,view_03,2026_data/blind_human_annotation_set/images/individual_029/view_03.jpg,Celastraceae_Peritassa_pruinosa_MEPERIPR9_003.jpg,2026_data/human_annotated_eval_set/by_family/Celastraceae/by_genus/Peritassa/by_species/pruinosa/MEPERIPR9/Celastraceae_Peritassa_pruinosa_MEPERIPR9_003.jpg,2026_data/sorted_12K/training/by_family/Celastraceae/by_genus/Peritassa/by_species/pruinosa/MEPERIPR9/Celastraceae_Peritassa_pruinosa_MEPERIPR9_003.jpg
individual_029,view_04,2026_data/blind_human_annotation_set/images/individual_029/view_04.jpg,Celastraceae_Peritassa_pruinosa_MEPERIPR9_004.jpg,2026_data/human_annotated_eval_set/by_family/Celastraceae/by_genus/Peritassa/by_species/pruinosa/MEPERIPR9/Celastraceae_Peritassa_pruinosa_MEPERIPR9_004.jpg,2026_data/sorted_12K/training/by_family/Celastraceae/by_genus/Peritassa/by_species/pruinosa/MEPERIPR9/Celastraceae_Peritassa_pruinosa_MEPERIPR9_004.jpg
individual_029,view_05,2026_data/blind_human_annotation_set/images/individual_029/view_05.jpg,Celastraceae_Peritassa_pruinosa_MEPERIPR9_005.jpg,2026_data/human_annotated_eval_set/by_family/Celastraceae/by_genus/Peritassa/by_species/pruinosa/MEPERIPR9/Celastraceae_Peritassa_pruinosa_MEPERIPR9_005.jpg,2026_data/sorted_12K/training/by_family/Celastraceae/by_genus/Peritassa/by_species/pruinosa/MEPERIPR9/Celastraceae_Peritassa_pruinosa_MEPERIPR9_005.jpg
individual_030,view_01,2026_data/blind_human_annotation_set/images/individual_030/view_01.jpg,Celastraceae_Prionostemma_aspera_BAR0305_001.jpg,2026_data/human_annotated_eval_set/by_family/Celastraceae/by_genus/Prionostemma/by_species/aspera/BAR0305/Celastraceae_Prionostemma_aspera_BAR0305_001.jpg,2026_data/sorted_12K/training/by_family/Celastraceae/by_genus/Prionostemma/by_species/aspera/BAR0305/Celastraceae_Prionostemma_aspera_BAR0305_001.jpg
individual_030,view_02,2026_data/blind_human_annotation_set/images/individual_030/view_02.jpg,Celastraceae_Prionostemma_aspera_BAR0305_002.jpg,2026_data/human_annotated_eval_set/by_family/Celastraceae/by_genus/Prionostemma/by_species/aspera/BAR0305/Celastraceae_Prionostemma_aspera_BAR0305_002.jpg,2026_data/sorted_12K/training/by_family/Celastraceae/by_genus/Prionostemma/by_species/aspera/BAR0305/Celastraceae_Prionostemma_aspera_BAR0305_002.jpg
individual_030,view_03,2026_data/blind_human_annotation_set/images/individual_030/view_03.jpg,Celastraceae_Prionostemma_aspera_BAR0305_003.jpg,2026_data/human_annotated_eval_set/by_family/Celastraceae/by_genus/Prionostemma/by_species/aspera/BAR0305/Celastraceae_Prionostemma_aspera_BAR0305_003.jpg,2026_data/sorted_12K/training/by_family/Celastraceae/by_genus/Prionostemma/by_species/aspera/BAR0305/Celastraceae_Prionostemma_aspera_BAR0305_003.jpg
individual_030,view_04,2026_data/blind_human_annotation_set/images/individual_030/view_04.jpg,Celastraceae_Prionostemma_aspera_BAR0305_004.jpg,2026_data/human_annotated_eval_set/by_family/Celastraceae/by_genus/Prionostemma/by_species/aspera/BAR0305/Celastraceae_Prionostemma_aspera_BAR0305_004.jpg,2026_data/sorted_12K/training/by_family/Celastraceae/by_genus/Prionostemma/by_species/aspera/BAR0305/Celastraceae_Prionostemma_aspera_BAR0305_004.jpg
individual_030,view_05,2026_data/blind_human_annotation_set/images/individual_030/view_05.jpg,Celastraceae_Prionostemma_aspera_BAR0305_005.jpg,2026_data/human_annotated_eval_set/by_family/Celastraceae/by_genus/Prionostemma/by_species/aspera/BAR0305/Celastraceae_Prionostemma_aspera_BAR0305_005.jpg,2026_data/sorted_12K/training/by_family/Celastraceae/by_genus/Prionostemma/by_species/aspera/BAR0305/Celastraceae_Prionostemma_aspera_BAR0305_005.jpg
individual_031,view_01,2026_data/blind_human_annotation_set/images/individual_031/view_01.jpg,Celastraceae_Tontelea_passiflora_SHTONTOV3_001.jpg,2026_data/human_annotated_eval_set/by_family/Celastraceae/by_genus/Tontelea/by_species/passiflora/SHTONTOV3/Celastraceae_Tontelea_passiflora_SHTONTOV3_001.jpg,2026_data/sorted_12K/training/by_family/Celastraceae/by_genus/Tontelea/by_species/passiflora/SHTONTOV3/Celastraceae_Tontelea_passiflora_SHTONTOV3_001.jpg
individual_031,view_02,2026_data/blind_human_annotation_set/images/individual_031/view_02.jpg,Celastraceae_Tontelea_passiflora_SHTONTOV3_002.jpg,2026_data/human_annotated_eval_set/by_family/Celastraceae/by_genus/Tontelea/by_species/passiflora/SHTONTOV3/Celastraceae_Tontelea_passiflora_SHTONTOV3_002.jpg,2026_data/sorted_12K/training/by_family/Celastraceae/by_genus/Tontelea/by_species/passiflora/SHTONTOV3/Celastraceae_Tontelea_passiflora_SHTONTOV3_002.jpg
individual_031,view_03,2026_data/blind_human_annotation_set/images/individual_031/view_03.jpg,Celastraceae_Tontelea_passiflora_SHTONTOV3_003.jpg,2026_data/human_annotated_eval_set/by_family/Celastraceae/by_genus/Tontelea/by_species/passiflora/SHTONTOV3/Celastraceae_Tontelea_passiflora_SHTONTOV3_003.jpg,2026_data/sorted_12K/training/by_family/Celastraceae/by_genus/Tontelea/by_species/passiflora/SHTONTOV3/Celastraceae_Tontelea_passiflora_SHTONTOV3_003.jpg
individual_031,view_04,2026_data/blind_human_annotation_set/images/individual_031/view_04.jpg,Celastraceae_Tontelea_passiflora_SHTONTOV3_004.jpg,2026_data/human_annotated_eval_set/by_family/Celastraceae/by_genus/Tontelea/by_species/passiflora/SHTONTOV3/Celastraceae_Tontelea_passiflora_SHTONTOV3_004.jpg,2026_data/sorted_12K/training/by_family/Celastraceae/by_genus/Tontelea/by_species/passiflora/SHTONTOV3/Celastraceae_Tontelea_passiflora_SHTONTOV3_004.jpg
individual_031,view_05,2026_data/blind_human_annotation_set/images/individual_031/view_05.jpg,Celastraceae_Tontelea_passiflora_SHTONTOV3_005.jpg,2026_data/human_annotated_eval_set/by_family/Celastraceae/by_genus/Tontelea/by_species/passiflora/SHTONTOV3/Celastraceae_Tontelea_passiflora_SHTONTOV3_005.jpg,2026_data/sorted_12K/training/by_family/Celastraceae/by_genus/Tontelea/by_species/passiflora/SHTONTOV3/Celastraceae_Tontelea_passiflora_SHTONTOV3_005.jpg
individual_032,view_01,2026_data/blind_human_annotation_set/images/individual_032/view_01.jpg,Chrysobalanaceae_Hirtella_racemosa_ANHIRTRA4_001.jpg,2026_data/human_annotated_eval_set/by_family/Chrysobalanaceae/by_genus/Hirtella/by_species/racemosa/ANHIRTRA4/Chrysobalanaceae_Hirtella_racemosa_ANHIRTRA4_001.jpg,2026_data/sorted_12K/training/by_family/Chrysobalanaceae/by_genus/Hirtella/by_species/racemosa/ANHIRTRA4/Chrysobalanaceae_Hirtella_racemosa_ANHIRTRA4_001.jpg
individual_032,view_02,2026_data/blind_human_annotation_set/images/individual_032/view_02.jpg,Chrysobalanaceae_Hirtella_racemosa_ANHIRTRA4_002.jpg,2026_data/human_annotated_eval_set/by_family/Chrysobalanaceae/by_genus/Hirtella/by_species/racemosa/ANHIRTRA4/Chrysobalanaceae_Hirtella_racemosa_ANHIRTRA4_002.jpg,2026_data/sorted_12K/training/by_family/Chrysobalanaceae/by_genus/Hirtella/by_species/racemosa/ANHIRTRA4/Chrysobalanaceae_Hirtella_racemosa_ANHIRTRA4_002.jpg
individual_032,view_03,2026_data/blind_human_annotation_set/images/individual_032/view_03.jpg,Chrysobalanaceae_Hirtella_racemosa_ANHIRTRA4_003.jpg,2026_data/human_annotated_eval_set/by_family/Chrysobalanaceae/by_genus/Hirtella/by_species/racemosa/ANHIRTRA4/Chrysobalanaceae_Hirtella_racemosa_ANHIRTRA4_003.jpg,2026_data/sorted_12K/training/by_family/Chrysobalanaceae/by_genus/Hirtella/by_species/racemosa/ANHIRTRA4/Chrysobalanaceae_Hirtella_racemosa_ANHIRTRA4_003.jpg
individual_032,view_04,2026_data/blind_human_annotation_set/images/individual_032/view_04.jpg,Chrysobalanaceae_Hirtella_racemosa_ANHIRTRA4_004.jpg,2026_data/human_annotated_eval_set/by_family/Chrysobalanaceae/by_genus/Hirtella/by_species/racemosa/ANHIRTRA4/Chrysobalanaceae_Hirtella_racemosa_ANHIRTRA4_004.jpg,2026_data/sorted_12K/training/by_family/Chrysobalanaceae/by_genus/Hirtella/by_species/racemosa/ANHIRTRA4/Chrysobalanaceae_Hirtella_racemosa_ANHIRTRA4_004.jpg
individual_032,view_05,2026_data/blind_human_annotation_set/images/individual_032/view_05.jpg,Chrysobalanaceae_Hirtella_racemosa_ANHIRTRA4_005.jpg,2026_data/human_annotated_eval_set/by_family/Chrysobalanaceae/by_genus/Hirtella/by_species/racemosa/ANHIRTRA4/Chrysobalanaceae_Hirtella_racemosa_ANHIRTRA4_005.jpg,2026_data/sorted_12K/training/by_family/Chrysobalanaceae/by_genus/Hirtella/by_species/racemosa/ANHIRTRA4/Chrysobalanaceae_Hirtella_racemosa_ANHIRTRA4_005.jpg
individual_033,view_01,2026_data/blind_human_annotation_set/images/individual_033/view_01.jpg,Chrysobalanaceae_Licania_hypoleuca_SRLICAHY3_001.jpg,2026_data/human_annotated_eval_set/by_family/Chrysobalanaceae/by_genus/Licania/by_species/hypoleuca/SRLICAHY3/Chrysobalanaceae_Licania_hypoleuca_SRLICAHY3_001.jpg,2026_data/sorted_12K/training/by_family/Chrysobalanaceae/by_genus/Licania/by_species/hypoleuca/SRLICAHY3/Chrysobalanaceae_Licania_hypoleuca_SRLICAHY3_001.jpg
individual_033,view_02,2026_data/blind_human_annotation_set/images/individual_033/view_02.jpg,Chrysobalanaceae_Licania_hypoleuca_SRLICAHY3_002.jpg,2026_data/human_annotated_eval_set/by_family/Chrysobalanaceae/by_genus/Licania/by_species/hypoleuca/SRLICAHY3/Chrysobalanaceae_Licania_hypoleuca_SRLICAHY3_002.jpg,2026_data/sorted_12K/training/by_family/Chrysobalanaceae/by_genus/Licania/by_species/hypoleuca/SRLICAHY3/Chrysobalanaceae_Licania_hypoleuca_SRLICAHY3_002.jpg
individual_033,view_03,2026_data/blind_human_annotation_set/images/individual_033/view_03.jpg,Chrysobalanaceae_Licania_hypoleuca_SRLICAHY3_003.jpg,2026_data/human_annotated_eval_set/by_family/Chrysobalanaceae/by_genus/Licania/by_species/hypoleuca/SRLICAHY3/Chrysobalanaceae_Licania_hypoleuca_SRLICAHY3_003.jpg,2026_data/sorted_12K/training/by_family/Chrysobalanaceae/by_genus/Licania/by_species/hypoleuca/SRLICAHY3/Chrysobalanaceae_Licania_hypoleuca_SRLICAHY3_003.jpg
individual_033,view_04,2026_data/blind_human_annotation_set/images/individual_033/view_04.jpg,Chrysobalanaceae_Licania_hypoleuca_SRLICAHY3_004.jpg,2026_data/human_annotated_eval_set/by_family/Chrysobalanaceae/by_genus/Licania/by_species/hypoleuca/SRLICAHY3/Chrysobalanaceae_Licania_hypoleuca_SRLICAHY3_004.jpg,2026_data/sorted_12K/training/by_family/Chrysobalanaceae/by_genus/Licania/by_species/hypoleuca/SRLICAHY3/Chrysobalanaceae_Licania_hypoleuca_SRLICAHY3_004.jpg
individual_033,view_05,2026_data/blind_human_annotation_set/images/individual_033/view_05.jpg,Chrysobalanaceae_Licania_hypoleuca_SRLICAHY3_005.jpg,2026_data/human_annotated_eval_set/by_family/Chrysobalanaceae/by_genus/Licania/by_species/hypoleuca/SRLICAHY3/Chrysobalanaceae_Licania_hypoleuca_SRLICAHY3_005.jpg,2026_data/sorted_12K/training/by_family/Chrysobalanaceae/by_genus/Licania/by_species/hypoleuca/SRLICAHY3/Chrysobalanaceae_Licania_hypoleuca_SRLICAHY3_005.jpg
individual_034,view_01,2026_data/blind_human_annotation_set/images/individual_034/view_01.jpg,Clusiaceae_Symphonia_globulifera_SRSYMPGL2_001.jpg,2026_data/human_annotated_eval_set/by_family/Clusiaceae/by_genus/Symphonia/by_species/globulifera/SRSYMPGL2/Clusiaceae_Symphonia_globulifera_SRSYMPGL2_001.jpg,2026_data/sorted_12K/training/by_family/Clusiaceae/by_genus/Symphonia/by_species/globulifera/SRSYMPGL2/Clusiaceae_Symphonia_globulifera_SRSYMPGL2_001.jpg
individual_034,view_02,2026_data/blind_human_annotation_set/images/individual_034/view_02.jpg,Clusiaceae_Symphonia_globulifera_SRSYMPGL2_002.jpg,2026_data/human_annotated_eval_set/by_family/Clusiaceae/by_genus/Symphonia/by_species/globulifera/SRSYMPGL2/Clusiaceae_Symphonia_globulifera_SRSYMPGL2_002.jpg,2026_data/sorted_12K/training/by_family/Clusiaceae/by_genus/Symphonia/by_species/globulifera/SRSYMPGL2/Clusiaceae_Symphonia_globulifera_SRSYMPGL2_002.jpg
individual_034,view_03,2026_data/blind_human_annotation_set/images/individual_034/view_03.jpg,Clusiaceae_Symphonia_globulifera_SRSYMPGL2_003.jpg,2026_data/human_annotated_eval_set/by_family/Clusiaceae/by_genus/Symphonia/by_species/globulifera/SRSYMPGL2/Clusiaceae_Symphonia_globulifera_SRSYMPGL2_003.jpg,2026_data/sorted_12K/training/by_family/Clusiaceae/by_genus/Symphonia/by_species/globulifera/SRSYMPGL2/Clusiaceae_Symphonia_globulifera_SRSYMPGL2_003.jpg
individual_034,view_04,2026_data/blind_human_annotation_set/images/individual_034/view_04.jpg,Clusiaceae_Symphonia_globulifera_SRSYMPGL2_004.jpg,2026_data/human_annotated_eval_set/by_family/Clusiaceae/by_genus/Symphonia/by_species/globulifera/SRSYMPGL2/Clusiaceae_Symphonia_globulifera_SRSYMPGL2_004.jpg,2026_data/sorted_12K/training/by_family/Clusiaceae/by_genus/Symphonia/by_species/globulifera/SRSYMPGL2/Clusiaceae_Symphonia_globulifera_SRSYMPGL2_004.jpg
individual_034,view_05,2026_data/blind_human_annotation_set/images/individual_034/view_05.jpg,Clusiaceae_Symphonia_globulifera_SRSYMPGL2_005.jpg,2026_data/human_annotated_eval_set/by_family/Clusiaceae/by_genus/Symphonia/by_species/globulifera/SRSYMPGL2/Clusiaceae_Symphonia_globulifera_SRSYMPGL2_005.jpg,2026_data/sorted_12K/training/by_family/Clusiaceae/by_genus/Symphonia/by_species/globulifera/SRSYMPGL2/Clusiaceae_Symphonia_globulifera_SRSYMPGL2_005.jpg
individual_035,view_01,2026_data/blind_human_annotation_set/images/individual_035/view_01.jpg,Clusiaceae_Tovomita_stylosa_SHTOVOST2_001.jpg,2026_data/human_annotated_eval_set/by_family/Clusiaceae/by_genus/Tovomita/by_species/stylosa/SHTOVOST2/Clusiaceae_Tovomita_stylosa_SHTOVOST2_001.jpg,2026_data/sorted_12K/training/by_family/Clusiaceae/by_genus/Tovomita/by_species/stylosa/SHTOVOST2/Clusiaceae_Tovomita_stylosa_SHTOVOST2_001.jpg
individual_035,view_02,2026_data/blind_human_annotation_set/images/individual_035/view_02.jpg,Clusiaceae_Tovomita_stylosa_SHTOVOST2_002.jpg,2026_data/human_annotated_eval_set/by_family/Clusiaceae/by_genus/Tovomita/by_species/stylosa/SHTOVOST2/Clusiaceae_Tovomita_stylosa_SHTOVOST2_002.jpg,2026_data/sorted_12K/training/by_family/Clusiaceae/by_genus/Tovomita/by_species/stylosa/SHTOVOST2/Clusiaceae_Tovomita_stylosa_SHTOVOST2_002.jpg
individual_035,view_03,2026_data/blind_human_annotation_set/images/individual_035/view_03.jpg,Clusiaceae_Tovomita_stylosa_SHTOVOST2_003.jpg,2026_data/human_annotated_eval_set/by_family/Clusiaceae/by_genus/Tovomita/by_species/stylosa/SHTOVOST2/Clusiaceae_Tovomita_stylosa_SHTOVOST2_003.jpg,2026_data/sorted_12K/training/by_family/Clusiaceae/by_genus/Tovomita/by_species/stylosa/SHTOVOST2/Clusiaceae_Tovomita_stylosa_SHTOVOST2_003.jpg
individual_035,view_04,2026_data/blind_human_annotation_set/images/individual_035/view_04.jpg,Clusiaceae_Tovomita_stylosa_SHTOVOST2_004.jpg,2026_data/human_annotated_eval_set/by_family/Clusiaceae/by_genus/Tovomita/by_species/stylosa/SHTOVOST2/Clusiaceae_Tovomita_stylosa_SHTOVOST2_004.jpg,2026_data/sorted_12K/training/by_family/Clusiaceae/by_genus/Tovomita/by_species/stylosa/SHTOVOST2/Clusiaceae_Tovomita_stylosa_SHTOVOST2_004.jpg
individual_035,view_05,2026_data/blind_human_annotation_set/images/individual_035/view_05.jpg,Clusiaceae_Tovomita_stylosa_SHTOVOST2_005.jpg,2026_data/human_annotated_eval_set/by_family/Clusiaceae/by_genus/Tovomita/by_species/stylosa/SHTOVOST2/Clusiaceae_Tovomita_stylosa_SHTOVOST2_005.jpg,2026_data/sorted_12K/training/by_family/Clusiaceae/by_genus/Tovomita/by_species/stylosa/SHTOVOST2/Clusiaceae_Tovomita_stylosa_SHTOVOST2_005.jpg
individual_036,view_01,2026_data/blind_human_annotation_set/images/individual_036/view_01.jpg,Combretaceae_Terminalia_oblonga_PPTERMOB5_001.jpg,2026_data/human_annotated_eval_set/by_family/Combretaceae/by_genus/Terminalia/by_species/oblonga/PPTERMOB5/Combretaceae_Terminalia_oblonga_PPTERMOB5_001.jpg,2026_data/sorted_12K/training/by_family/Combretaceae/by_genus/Terminalia/by_species/oblonga/PPTERMOB5/Combretaceae_Terminalia_oblonga_PPTERMOB5_001.jpg
individual_036,view_02,2026_data/blind_human_annotation_set/images/individual_036/view_02.jpg,Combretaceae_Terminalia_oblonga_PPTERMOB5_002.jpg,2026_data/human_annotated_eval_set/by_family/Combretaceae/by_genus/Terminalia/by_species/oblonga/PPTERMOB5/Combretaceae_Terminalia_oblonga_PPTERMOB5_002.jpg,2026_data/sorted_12K/training/by_family/Combretaceae/by_genus/Terminalia/by_species/oblonga/PPTERMOB5/Combretaceae_Terminalia_oblonga_PPTERMOB5_002.jpg
individual_036,view_03,2026_data/blind_human_annotation_set/images/individual_036/view_03.jpg,Combretaceae_Terminalia_oblonga_PPTERMOB5_003.jpg,2026_data/human_annotated_eval_set/by_family/Combretaceae/by_genus/Terminalia/by_species/oblonga/PPTERMOB5/Combretaceae_Terminalia_oblonga_PPTERMOB5_003.jpg,2026_data/sorted_12K/training/by_family/Combretaceae/by_genus/Terminalia/by_species/oblonga/PPTERMOB5/Combretaceae_Terminalia_oblonga_PPTERMOB5_003.jpg
individual_036,view_04,2026_data/blind_human_annotation_set/images/individual_036/view_04.jpg,Combretaceae_Terminalia_oblonga_PPTERMOB5_004.jpg,2026_data/human_annotated_eval_set/by_family/Combretaceae/by_genus/Terminalia/by_species/oblonga/PPTERMOB5/Combretaceae_Terminalia_oblonga_PPTERMOB5_004.jpg,2026_data/sorted_12K/training/by_family/Combretaceae/by_genus/Terminalia/by_species/oblonga/PPTERMOB5/Combretaceae_Terminalia_oblonga_PPTERMOB5_004.jpg
individual_036,view_05,2026_data/blind_human_annotation_set/images/individual_036/view_05.jpg,Combretaceae_Terminalia_oblonga_PPTERMOB5_005.jpg,2026_data/human_annotated_eval_set/by_family/Combretaceae/by_genus/Terminalia/by_species/oblonga/PPTERMOB5/Combretaceae_Terminalia_oblonga_PPTERMOB5_005.jpg,2026_data/sorted_12K/training/by_family/Combretaceae/by_genus/Terminalia/by_species/oblonga/PPTERMOB5/Combretaceae_Terminalia_oblonga_PPTERMOB5_005.jpg
individual_037,view_01,2026_data/blind_human_annotation_set/images/individual_037/view_01.jpg,Connaraceae_Cnestidium_rufescens_MECNESRU4_001.jpg,2026_data/human_annotated_eval_set/by_family/Connaraceae/by_genus/Cnestidium/by_species/rufescens/MECNESRU4/Connaraceae_Cnestidium_rufescens_MECNESRU4_001.jpg,2026_data/sorted_12K/training/by_family/Connaraceae/by_genus/Cnestidium/by_species/rufescens/MECNESRU4/Connaraceae_Cnestidium_rufescens_MECNESRU4_001.jpg
individual_037,view_02,2026_data/blind_human_annotation_set/images/individual_037/view_02.jpg,Connaraceae_Cnestidium_rufescens_MECNESRU4_002.jpg,2026_data/human_annotated_eval_set/by_family/Connaraceae/by_genus/Cnestidium/by_species/rufescens/MECNESRU4/Connaraceae_Cnestidium_rufescens_MECNESRU4_002.jpg,2026_data/sorted_12K/training/by_family/Connaraceae/by_genus/Cnestidium/by_species/rufescens/MECNESRU4/Connaraceae_Cnestidium_rufescens_MECNESRU4_002.jpg
individual_037,view_03,2026_data/blind_human_annotation_set/images/individual_037/view_03.jpg,Connaraceae_Cnestidium_rufescens_MECNESRU4_003.jpg,2026_data/human_annotated_eval_set/by_family/Connaraceae/by_genus/Cnestidium/by_species/rufescens/MECNESRU4/Connaraceae_Cnestidium_rufescens_MECNESRU4_003.jpg,2026_data/sorted_12K/training/by_family/Connaraceae/by_genus/Cnestidium/by_species/rufescens/MECNESRU4/Connaraceae_Cnestidium_rufescens_MECNESRU4_003.jpg
individual_037,view_04,2026_data/blind_human_annotation_set/images/individual_037/view_04.jpg,Connaraceae_Cnestidium_rufescens_MECNESRU4_004.jpg,2026_data/human_annotated_eval_set/by_family/Connaraceae/by_genus/Cnestidium/by_species/rufescens/MECNESRU4/Connaraceae_Cnestidium_rufescens_MECNESRU4_004.jpg,2026_data/sorted_12K/training/by_family/Connaraceae/by_genus/Cnestidium/by_species/rufescens/MECNESRU4/Connaraceae_Cnestidium_rufescens_MECNESRU4_004.jpg
individual_037,view_05,2026_data/blind_human_annotation_set/images/individual_037/view_05.jpg,Connaraceae_Cnestidium_rufescens_MECNESRU4_005.jpg,2026_data/human_annotated_eval_set/by_family/Connaraceae/by_genus/Cnestidium/by_species/rufescens/MECNESRU4/Connaraceae_Cnestidium_rufescens_MECNESRU4_005.jpg,2026_data/sorted_12K/training/by_family/Connaraceae/by_genus/Cnestidium/by_species/rufescens/MECNESRU4/Connaraceae_Cnestidium_rufescens_MECNESRU4_005.jpg
individual_038,view_01,2026_data/blind_human_annotation_set/images/individual_038/view_01.jpg,Connaraceae_Connarus_panamensis_ANCONNPA5_001.jpg,2026_data/human_annotated_eval_set/by_family/Connaraceae/by_genus/Connarus/by_species/panamensis/ANCONNPA5/Connaraceae_Connarus_panamensis_ANCONNPA5_001.jpg,2026_data/sorted_12K/training/by_family/Connaraceae/by_genus/Connarus/by_species/panamensis/ANCONNPA5/Connaraceae_Connarus_panamensis_ANCONNPA5_001.jpg
individual_038,view_02,2026_data/blind_human_annotation_set/images/individual_038/view_02.jpg,Connaraceae_Connarus_panamensis_ANCONNPA5_002.jpg,2026_data/human_annotated_eval_set/by_family/Connaraceae/by_genus/Connarus/by_species/panamensis/ANCONNPA5/Connaraceae_Connarus_panamensis_ANCONNPA5_002.jpg,2026_data/sorted_12K/training/by_family/Connaraceae/by_genus/Connarus/by_species/panamensis/ANCONNPA5/Connaraceae_Connarus_panamensis_ANCONNPA5_002.jpg
individual_038,view_03,2026_data/blind_human_annotation_set/images/individual_038/view_03.jpg,Connaraceae_Connarus_panamensis_ANCONNPA5_003.jpg,2026_data/human_annotated_eval_set/by_family/Connaraceae/by_genus/Connarus/by_species/panamensis/ANCONNPA5/Connaraceae_Connarus_panamensis_ANCONNPA5_003.jpg,2026_data/sorted_12K/training/by_family/Connaraceae/by_genus/Connarus/by_species/panamensis/ANCONNPA5/Connaraceae_Connarus_panamensis_ANCONNPA5_003.jpg
individual_038,view_04,2026_data/blind_human_annotation_set/images/individual_038/view_04.jpg,Connaraceae_Connarus_panamensis_ANCONNPA5_004.jpg,2026_data/human_annotated_eval_set/by_family/Connaraceae/by_genus/Connarus/by_species/panamensis/ANCONNPA5/Connaraceae_Connarus_panamensis_ANCONNPA5_004.jpg,2026_data/sorted_12K/training/by_family/Connaraceae/by_genus/Connarus/by_species/panamensis/ANCONNPA5/Connaraceae_Connarus_panamensis_ANCONNPA5_004.jpg
individual_038,view_05,2026_data/blind_human_annotation_set/images/individual_038/view_05.jpg,Connaraceae_Connarus_panamensis_ANCONNPA5_005.jpg,2026_data/human_annotated_eval_set/by_family/Connaraceae/by_genus/Connarus/by_species/panamensis/ANCONNPA5/Connaraceae_Connarus_panamensis_ANCONNPA5_005.jpg,2026_data/sorted_12K/training/by_family/Connaraceae/by_genus/Connarus/by_species/panamensis/ANCONNPA5/Connaraceae_Connarus_panamensis_ANCONNPA5_005.jpg
individual_039,view_01,2026_data/blind_human_annotation_set/images/individual_039/view_01.jpg,Convolvulaceae_Maripa_panamensis_PEA0224_001.jpg,2026_data/human_annotated_eval_set/by_family/Convolvulaceae/by_genus/Maripa/by_species/panamensis/PEA0224/Convolvulaceae_Maripa_panamensis_PEA0224_001.jpg,2026_data/sorted_12K/training/by_family/Convolvulaceae/by_genus/Maripa/by_species/panamensis/PEA0224/Convolvulaceae_Maripa_panamensis_PEA0224_001.jpg
individual_039,view_02,2026_data/blind_human_annotation_set/images/individual_039/view_02.jpg,Convolvulaceae_Maripa_panamensis_PEA0224_002.jpg,2026_data/human_annotated_eval_set/by_family/Convolvulaceae/by_genus/Maripa/by_species/panamensis/PEA0224/Convolvulaceae_Maripa_panamensis_PEA0224_002.jpg,2026_data/sorted_12K/training/by_family/Convolvulaceae/by_genus/Maripa/by_species/panamensis/PEA0224/Convolvulaceae_Maripa_panamensis_PEA0224_002.jpg
individual_039,view_03,2026_data/blind_human_annotation_set/images/individual_039/view_03.jpg,Convolvulaceae_Maripa_panamensis_PEA0224_003.jpg,2026_data/human_annotated_eval_set/by_family/Convolvulaceae/by_genus/Maripa/by_species/panamensis/PEA0224/Convolvulaceae_Maripa_panamensis_PEA0224_003.jpg,2026_data/sorted_12K/training/by_family/Convolvulaceae/by_genus/Maripa/by_species/panamensis/PEA0224/Convolvulaceae_Maripa_panamensis_PEA0224_003.jpg
individual_039,view_04,2026_data/blind_human_annotation_set/images/individual_039/view_04.jpg,Convolvulaceae_Maripa_panamensis_PEA0224_004.jpg,2026_data/human_annotated_eval_set/by_family/Convolvulaceae/by_genus/Maripa/by_species/panamensis/PEA0224/Convolvulaceae_Maripa_panamensis_PEA0224_004.jpg,2026_data/sorted_12K/training/by_family/Convolvulaceae/by_genus/Maripa/by_species/panamensis/PEA0224/Convolvulaceae_Maripa_panamensis_PEA0224_004.jpg
individual_039,view_05,2026_data/blind_human_annotation_set/images/individual_039/view_05.jpg,Convolvulaceae_Maripa_panamensis_PEA0224_005.jpg,2026_data/human_annotated_eval_set/by_family/Convolvulaceae/by_genus/Maripa/by_species/panamensis/PEA0224/Convolvulaceae_Maripa_panamensis_PEA0224_005.jpg,2026_data/sorted_12K/training/by_family/Convolvulaceae/by_genus/Maripa/by_species/panamensis/PEA0224/Convolvulaceae_Maripa_panamensis_PEA0224_005.jpg
individual_040,view_01,2026_data/blind_human_annotation_set/images/individual_040/view_01.jpg,Dichapetalaceae_Dichapetalum_gentryi_OLDICHGE2_001.jpg,2026_data/human_annotated_eval_set/by_family/Dichapetalaceae/by_genus/Dichapetalum/by_species/gentryi/OLDICHGE2/Dichapetalaceae_Dichapetalum_gentryi_OLDICHGE2_001.jpg,2026_data/sorted_12K/training/by_family/Dichapetalaceae/by_genus/Dichapetalum/by_species/gentryi/OLDICHGE2/Dichapetalaceae_Dichapetalum_gentryi_OLDICHGE2_001.jpg
individual_040,view_02,2026_data/blind_human_annotation_set/images/individual_040/view_02.jpg,Dichapetalaceae_Dichapetalum_gentryi_OLDICHGE2_002.jpg,2026_data/human_annotated_eval_set/by_family/Dichapetalaceae/by_genus/Dichapetalum/by_species/gentryi/OLDICHGE2/Dichapetalaceae_Dichapetalum_gentryi_OLDICHGE2_002.jpg,2026_data/sorted_12K/training/by_family/Dichapetalaceae/by_genus/Dichapetalum/by_species/gentryi/OLDICHGE2/Dichapetalaceae_Dichapetalum_gentryi_OLDICHGE2_002.jpg
individual_040,view_03,2026_data/blind_human_annotation_set/images/individual_040/view_03.jpg,Dichapetalaceae_Dichapetalum_gentryi_OLDICHGE2_003.jpg,2026_data/human_annotated_eval_set/by_family/Dichapetalaceae/by_genus/Dichapetalum/by_species/gentryi/OLDICHGE2/Dichapetalaceae_Dichapetalum_gentryi_OLDICHGE2_003.jpg,2026_data/sorted_12K/training/by_family/Dichapetalaceae/by_genus/Dichapetalum/by_species/gentryi/OLDICHGE2/Dichapetalaceae_Dichapetalum_gentryi_OLDICHGE2_003.jpg
individual_040,view_04,2026_data/blind_human_annotation_set/images/individual_040/view_04.jpg,Dichapetalaceae_Dichapetalum_gentryi_OLDICHGE2_004.jpg,2026_data/human_annotated_eval_set/by_family/Dichapetalaceae/by_genus/Dichapetalum/by_species/gentryi/OLDICHGE2/Dichapetalaceae_Dichapetalum_gentryi_OLDICHGE2_004.jpg,2026_data/sorted_12K/training/by_family/Dichapetalaceae/by_genus/Dichapetalum/by_species/gentryi/OLDICHGE2/Dichapetalaceae_Dichapetalum_gentryi_OLDICHGE2_004.jpg
individual_040,view_05,2026_data/blind_human_annotation_set/images/individual_040/view_05.jpg,Dichapetalaceae_Dichapetalum_gentryi_OLDICHGE2_005.jpg,2026_data/human_annotated_eval_set/by_family/Dichapetalaceae/by_genus/Dichapetalum/by_species/gentryi/OLDICHGE2/Dichapetalaceae_Dichapetalum_gentryi_OLDICHGE2_005.jpg,2026_data/sorted_12K/training/by_family/Dichapetalaceae/by_genus/Dichapetalum/by_species/gentryi/OLDICHGE2/Dichapetalaceae_Dichapetalum_gentryi_OLDICHGE2_005.jpg
individual_041,view_01,2026_data/blind_human_annotation_set/images/individual_041/view_01.jpg,Dilleniaceae_Doliocarpus_olivaceus_PEA0166_001.jpg,2026_data/human_annotated_eval_set/by_family/Dilleniaceae/by_genus/Doliocarpus/by_species/olivaceus/PEA0166/Dilleniaceae_Doliocarpus_olivaceus_PEA0166_001.jpg,2026_data/sorted_12K/training/by_family/Dilleniaceae/by_genus/Doliocarpus/by_species/olivaceus/PEA0166/Dilleniaceae_Doliocarpus_olivaceus_PEA0166_001.jpg
individual_041,view_02,2026_data/blind_human_annotation_set/images/individual_041/view_02.jpg,Dilleniaceae_Doliocarpus_olivaceus_PEA0166_002.jpg,2026_data/human_annotated_eval_set/by_family/Dilleniaceae/by_genus/Doliocarpus/by_species/olivaceus/PEA0166/Dilleniaceae_Doliocarpus_olivaceus_PEA0166_002.jpg,2026_data/sorted_12K/training/by_family/Dilleniaceae/by_genus/Doliocarpus/by_species/olivaceus/PEA0166/Dilleniaceae_Doliocarpus_olivaceus_PEA0166_002.jpg
individual_041,view_03,2026_data/blind_human_annotation_set/images/individual_041/view_03.jpg,Dilleniaceae_Doliocarpus_olivaceus_PEA0166_003.jpg,2026_data/human_annotated_eval_set/by_family/Dilleniaceae/by_genus/Doliocarpus/by_species/olivaceus/PEA0166/Dilleniaceae_Doliocarpus_olivaceus_PEA0166_003.jpg,2026_data/sorted_12K/training/by_family/Dilleniaceae/by_genus/Doliocarpus/by_species/olivaceus/PEA0166/Dilleniaceae_Doliocarpus_olivaceus_PEA0166_003.jpg
individual_041,view_04,2026_data/blind_human_annotation_set/images/individual_041/view_04.jpg,Dilleniaceae_Doliocarpus_olivaceus_PEA0166_004.jpg,2026_data/human_annotated_eval_set/by_family/Dilleniaceae/by_genus/Doliocarpus/by_species/olivaceus/PEA0166/Dilleniaceae_Doliocarpus_olivaceus_PEA0166_004.jpg,2026_data/sorted_12K/training/by_family/Dilleniaceae/by_genus/Doliocarpus/by_species/olivaceus/PEA0166/Dilleniaceae_Doliocarpus_olivaceus_PEA0166_004.jpg
individual_042,view_01,2026_data/blind_human_annotation_set/images/individual_042/view_01.jpg,Dilleniaceae_Tetracera_portobellensis_BVTET1PO6_001.jpg,2026_data/human_annotated_eval_set/by_family/Dilleniaceae/by_genus/Tetracera/by_species/portobellensis/BVTET1PO6/Dilleniaceae_Tetracera_portobellensis_BVTET1PO6_001.jpg,2026_data/sorted_12K/training/by_family/Dilleniaceae/by_genus/Tetracera/by_species/portobellensis/BVTET1PO6/Dilleniaceae_Tetracera_portobellensis_BVTET1PO6_001.jpg
individual_042,view_02,2026_data/blind_human_annotation_set/images/individual_042/view_02.jpg,Dilleniaceae_Tetracera_portobellensis_BVTET1PO6_002.jpg,2026_data/human_annotated_eval_set/by_family/Dilleniaceae/by_genus/Tetracera/by_species/portobellensis/BVTET1PO6/Dilleniaceae_Tetracera_portobellensis_BVTET1PO6_002.jpg,2026_data/sorted_12K/training/by_family/Dilleniaceae/by_genus/Tetracera/by_species/portobellensis/BVTET1PO6/Dilleniaceae_Tetracera_portobellensis_BVTET1PO6_002.jpg
individual_042,view_03,2026_data/blind_human_annotation_set/images/individual_042/view_03.jpg,Dilleniaceae_Tetracera_portobellensis_BVTET1PO6_003.jpg,2026_data/human_annotated_eval_set/by_family/Dilleniaceae/by_genus/Tetracera/by_species/portobellensis/BVTET1PO6/Dilleniaceae_Tetracera_portobellensis_BVTET1PO6_003.jpg,2026_data/sorted_12K/training/by_family/Dilleniaceae/by_genus/Tetracera/by_species/portobellensis/BVTET1PO6/Dilleniaceae_Tetracera_portobellensis_BVTET1PO6_003.jpg
individual_042,view_04,2026_data/blind_human_annotation_set/images/individual_042/view_04.jpg,Dilleniaceae_Tetracera_portobellensis_BVTET1PO6_004.jpg,2026_data/human_annotated_eval_set/by_family/Dilleniaceae/by_genus/Tetracera/by_species/portobellensis/BVTET1PO6/Dilleniaceae_Tetracera_portobellensis_BVTET1PO6_004.jpg,2026_data/sorted_12K/training/by_family/Dilleniaceae/by_genus/Tetracera/by_species/portobellensis/BVTET1PO6/Dilleniaceae_Tetracera_portobellensis_BVTET1PO6_004.jpg
individual_042,view_05,2026_data/blind_human_annotation_set/images/individual_042/view_05.jpg,Dilleniaceae_Tetracera_portobellensis_BVTET1PO6_005.jpg,2026_data/human_annotated_eval_set/by_family/Dilleniaceae/by_genus/Tetracera/by_species/portobellensis/BVTET1PO6/Dilleniaceae_Tetracera_portobellensis_BVTET1PO6_005.jpg,2026_data/sorted_12K/training/by_family/Dilleniaceae/by_genus/Tetracera/by_species/portobellensis/BVTET1PO6/Dilleniaceae_Tetracera_portobellensis_BVTET1PO6_005.jpg
individual_043,view_01,2026_data/blind_human_annotation_set/images/individual_043/view_01.jpg,Elaeocarpaceae_Sloanea_obtusifolia_SRSLOAOB3_001.jpg,2026_data/human_annotated_eval_set/by_family/Elaeocarpaceae/by_genus/Sloanea/by_species/obtusifolia/SRSLOAOB3/Elaeocarpaceae_Sloanea_obtusifolia_SRSLOAOB3_001.jpg,2026_data/sorted_12K/training/by_family/Elaeocarpaceae/by_genus/Sloanea/by_species/obtusifolia/SRSLOAOB3/Elaeocarpaceae_Sloanea_obtusifolia_SRSLOAOB3_001.jpg
individual_043,view_02,2026_data/blind_human_annotation_set/images/individual_043/view_02.jpg,Elaeocarpaceae_Sloanea_obtusifolia_SRSLOAOB3_002.jpg,2026_data/human_annotated_eval_set/by_family/Elaeocarpaceae/by_genus/Sloanea/by_species/obtusifolia/SRSLOAOB3/Elaeocarpaceae_Sloanea_obtusifolia_SRSLOAOB3_002.jpg,2026_data/sorted_12K/training/by_family/Elaeocarpaceae/by_genus/Sloanea/by_species/obtusifolia/SRSLOAOB3/Elaeocarpaceae_Sloanea_obtusifolia_SRSLOAOB3_002.jpg
individual_043,view_03,2026_data/blind_human_annotation_set/images/individual_043/view_03.jpg,Elaeocarpaceae_Sloanea_obtusifolia_SRSLOAOB3_003.jpg,2026_data/human_annotated_eval_set/by_family/Elaeocarpaceae/by_genus/Sloanea/by_species/obtusifolia/SRSLOAOB3/Elaeocarpaceae_Sloanea_obtusifolia_SRSLOAOB3_003.jpg,2026_data/sorted_12K/training/by_family/Elaeocarpaceae/by_genus/Sloanea/by_species/obtusifolia/SRSLOAOB3/Elaeocarpaceae_Sloanea_obtusifolia_SRSLOAOB3_003.jpg
individual_043,view_04,2026_data/blind_human_annotation_set/images/individual_043/view_04.jpg,Elaeocarpaceae_Sloanea_obtusifolia_SRSLOAOB3_004.jpg,2026_data/human_annotated_eval_set/by_family/Elaeocarpaceae/by_genus/Sloanea/by_species/obtusifolia/SRSLOAOB3/Elaeocarpaceae_Sloanea_obtusifolia_SRSLOAOB3_004.jpg,2026_data/sorted_12K/training/by_family/Elaeocarpaceae/by_genus/Sloanea/by_species/obtusifolia/SRSLOAOB3/Elaeocarpaceae_Sloanea_obtusifolia_SRSLOAOB3_004.jpg
individual_043,view_05,2026_data/blind_human_annotation_set/images/individual_043/view_05.jpg,Elaeocarpaceae_Sloanea_obtusifolia_SRSLOAOB3_005.jpg,2026_data/human_annotated_eval_set/by_family/Elaeocarpaceae/by_genus/Sloanea/by_species/obtusifolia/SRSLOAOB3/Elaeocarpaceae_Sloanea_obtusifolia_SRSLOAOB3_005.jpg,2026_data/sorted_12K/training/by_family/Elaeocarpaceae/by_genus/Sloanea/by_species/obtusifolia/SRSLOAOB3/Elaeocarpaceae_Sloanea_obtusifolia_SRSLOAOB3_005.jpg
individual_044,view_01,2026_data/blind_human_annotation_set/images/individual_044/view_01.jpg,Euphorbiaceae_Acalypha_diversifolia_PEA0208_001.jpg,2026_data/human_annotated_eval_set/by_family/Euphorbiaceae/by_genus/Acalypha/by_species/diversifolia/PEA0208/Euphorbiaceae_Acalypha_diversifolia_PEA0208_001.jpg,2026_data/sorted_12K/training/by_family/Euphorbiaceae/by_genus/Acalypha/by_species/diversifolia/PEA0208/Euphorbiaceae_Acalypha_diversifolia_PEA0208_001.jpg
individual_044,view_02,2026_data/blind_human_annotation_set/images/individual_044/view_02.jpg,Euphorbiaceae_Acalypha_diversifolia_PEA0208_002.jpg,2026_data/human_annotated_eval_set/by_family/Euphorbiaceae/by_genus/Acalypha/by_species/diversifolia/PEA0208/Euphorbiaceae_Acalypha_diversifolia_PEA0208_002.jpg,2026_data/sorted_12K/training/by_family/Euphorbiaceae/by_genus/Acalypha/by_species/diversifolia/PEA0208/Euphorbiaceae_Acalypha_diversifolia_PEA0208_002.jpg
individual_044,view_03,2026_data/blind_human_annotation_set/images/individual_044/view_03.jpg,Euphorbiaceae_Acalypha_diversifolia_PEA0208_003.jpg,2026_data/human_annotated_eval_set/by_family/Euphorbiaceae/by_genus/Acalypha/by_species/diversifolia/PEA0208/Euphorbiaceae_Acalypha_diversifolia_PEA0208_003.jpg,2026_data/sorted_12K/training/by_family/Euphorbiaceae/by_genus/Acalypha/by_species/diversifolia/PEA0208/Euphorbiaceae_Acalypha_diversifolia_PEA0208_003.jpg
individual_044,view_04,2026_data/blind_human_annotation_set/images/individual_044/view_04.jpg,Euphorbiaceae_Acalypha_diversifolia_PEA0208_004.jpg,2026_data/human_annotated_eval_set/by_family/Euphorbiaceae/by_genus/Acalypha/by_species/diversifolia/PEA0208/Euphorbiaceae_Acalypha_diversifolia_PEA0208_004.jpg,2026_data/sorted_12K/training/by_family/Euphorbiaceae/by_genus/Acalypha/by_species/diversifolia/PEA0208/Euphorbiaceae_Acalypha_diversifolia_PEA0208_004.jpg
individual_044,view_05,2026_data/blind_human_annotation_set/images/individual_044/view_05.jpg,Euphorbiaceae_Acalypha_diversifolia_PEA0208_005.jpg,2026_data/human_annotated_eval_set/by_family/Euphorbiaceae/by_genus/Acalypha/by_species/diversifolia/PEA0208/Euphorbiaceae_Acalypha_diversifolia_PEA0208_005.jpg,2026_data/sorted_12K/training/by_family/Euphorbiaceae/by_genus/Acalypha/by_species/diversifolia/PEA0208/Euphorbiaceae_Acalypha_diversifolia_PEA0208_005.jpg
individual_045,view_01,2026_data/blind_human_annotation_set/images/individual_045/view_01.jpg,Euphorbiaceae_Croton_billbergianus_OLCROTBI2_001.jpg,2026_data/human_annotated_eval_set/by_family/Euphorbiaceae/by_genus/Croton/by_species/billbergianus/OLCROTBI2/Euphorbiaceae_Croton_billbergianus_OLCROTBI2_001.jpg,2026_data/sorted_12K/training/by_family/Euphorbiaceae/by_genus/Croton/by_species/billbergianus/OLCROTBI2/Euphorbiaceae_Croton_billbergianus_OLCROTBI2_001.jpg
individual_045,view_02,2026_data/blind_human_annotation_set/images/individual_045/view_02.jpg,Euphorbiaceae_Croton_billbergianus_OLCROTBI2_002.jpg,2026_data/human_annotated_eval_set/by_family/Euphorbiaceae/by_genus/Croton/by_species/billbergianus/OLCROTBI2/Euphorbiaceae_Croton_billbergianus_OLCROTBI2_002.jpg,2026_data/sorted_12K/training/by_family/Euphorbiaceae/by_genus/Croton/by_species/billbergianus/OLCROTBI2/Euphorbiaceae_Croton_billbergianus_OLCROTBI2_002.jpg
individual_045,view_03,2026_data/blind_human_annotation_set/images/individual_045/view_03.jpg,Euphorbiaceae_Croton_billbergianus_OLCROTBI2_003.jpg,2026_data/human_annotated_eval_set/by_family/Euphorbiaceae/by_genus/Croton/by_species/billbergianus/OLCROTBI2/Euphorbiaceae_Croton_billbergianus_OLCROTBI2_003.jpg,2026_data/sorted_12K/training/by_family/Euphorbiaceae/by_genus/Croton/by_species/billbergianus/OLCROTBI2/Euphorbiaceae_Croton_billbergianus_OLCROTBI2_003.jpg
individual_045,view_04,2026_data/blind_human_annotation_set/images/individual_045/view_04.jpg,Euphorbiaceae_Croton_billbergianus_OLCROTBI2_004.jpg,2026_data/human_annotated_eval_set/by_family/Euphorbiaceae/by_genus/Croton/by_species/billbergianus/OLCROTBI2/Euphorbiaceae_Croton_billbergianus_OLCROTBI2_004.jpg,2026_data/sorted_12K/training/by_family/Euphorbiaceae/by_genus/Croton/by_species/billbergianus/OLCROTBI2/Euphorbiaceae_Croton_billbergianus_OLCROTBI2_004.jpg
individual_045,view_05,2026_data/blind_human_annotation_set/images/individual_045/view_05.jpg,Euphorbiaceae_Croton_billbergianus_OLCROTBI2_005.jpg,2026_data/human_annotated_eval_set/by_family/Euphorbiaceae/by_genus/Croton/by_species/billbergianus/OLCROTBI2/Euphorbiaceae_Croton_billbergianus_OLCROTBI2_005.jpg,2026_data/sorted_12K/training/by_family/Euphorbiaceae/by_genus/Croton/by_species/billbergianus/OLCROTBI2/Euphorbiaceae_Croton_billbergianus_OLCROTBI2_005.jpg
individual_046,view_01,2026_data/blind_human_annotation_set/images/individual_046/view_01.jpg,Euphorbiaceae_Maprounea_guianensis_ANMAPRGU4_001.jpg,2026_data/human_annotated_eval_set/by_family/Euphorbiaceae/by_genus/Maprounea/by_species/guianensis/ANMAPRGU4/Euphorbiaceae_Maprounea_guianensis_ANMAPRGU4_001.jpg,2026_data/sorted_12K/training/by_family/Euphorbiaceae/by_genus/Maprounea/by_species/guianensis/ANMAPRGU4/Euphorbiaceae_Maprounea_guianensis_ANMAPRGU4_001.jpg
individual_046,view_02,2026_data/blind_human_annotation_set/images/individual_046/view_02.jpg,Euphorbiaceae_Maprounea_guianensis_ANMAPRGU4_002.jpg,2026_data/human_annotated_eval_set/by_family/Euphorbiaceae/by_genus/Maprounea/by_species/guianensis/ANMAPRGU4/Euphorbiaceae_Maprounea_guianensis_ANMAPRGU4_002.jpg,2026_data/sorted_12K/training/by_family/Euphorbiaceae/by_genus/Maprounea/by_species/guianensis/ANMAPRGU4/Euphorbiaceae_Maprounea_guianensis_ANMAPRGU4_002.jpg
individual_046,view_03,2026_data/blind_human_annotation_set/images/individual_046/view_03.jpg,Euphorbiaceae_Maprounea_guianensis_ANMAPRGU4_003.jpg,2026_data/human_annotated_eval_set/by_family/Euphorbiaceae/by_genus/Maprounea/by_species/guianensis/ANMAPRGU4/Euphorbiaceae_Maprounea_guianensis_ANMAPRGU4_003.jpg,2026_data/sorted_12K/training/by_family/Euphorbiaceae/by_genus/Maprounea/by_species/guianensis/ANMAPRGU4/Euphorbiaceae_Maprounea_guianensis_ANMAPRGU4_003.jpg
individual_046,view_04,2026_data/blind_human_annotation_set/images/individual_046/view_04.jpg,Euphorbiaceae_Maprounea_guianensis_ANMAPRGU4_004.jpg,2026_data/human_annotated_eval_set/by_family/Euphorbiaceae/by_genus/Maprounea/by_species/guianensis/ANMAPRGU4/Euphorbiaceae_Maprounea_guianensis_ANMAPRGU4_004.jpg,2026_data/sorted_12K/training/by_family/Euphorbiaceae/by_genus/Maprounea/by_species/guianensis/ANMAPRGU4/Euphorbiaceae_Maprounea_guianensis_ANMAPRGU4_004.jpg
individual_046,view_05,2026_data/blind_human_annotation_set/images/individual_046/view_05.jpg,Euphorbiaceae_Maprounea_guianensis_ANMAPRGU4_005.jpg,2026_data/human_annotated_eval_set/by_family/Euphorbiaceae/by_genus/Maprounea/by_species/guianensis/ANMAPRGU4/Euphorbiaceae_Maprounea_guianensis_ANMAPRGU4_005.jpg,2026_data/sorted_12K/training/by_family/Euphorbiaceae/by_genus/Maprounea/by_species/guianensis/ANMAPRGU4/Euphorbiaceae_Maprounea_guianensis_ANMAPRGU4_005.jpg
individual_047,view_01,2026_data/blind_human_annotation_set/images/individual_047/view_01.jpg,Fabaceae_Cojoba_rufescens_PPPIT1RU4_001.jpg,2026_data/human_annotated_eval_set/by_family/Fabaceae/by_genus/Cojoba/by_species/rufescens/PPPIT1RU4/Fabaceae_Cojoba_rufescens_PPPIT1RU4_001.jpg,2026_data/sorted_12K/training/by_family/Fabaceae/by_genus/Cojoba/by_species/rufescens/PPPIT1RU4/Fabaceae_Cojoba_rufescens_PPPIT1RU4_001.jpg
individual_047,view_02,2026_data/blind_human_annotation_set/images/individual_047/view_02.jpg,Fabaceae_Cojoba_rufescens_PPPIT1RU4_002.jpg,2026_data/human_annotated_eval_set/by_family/Fabaceae/by_genus/Cojoba/by_species/rufescens/PPPIT1RU4/Fabaceae_Cojoba_rufescens_PPPIT1RU4_002.jpg,2026_data/sorted_12K/training/by_family/Fabaceae/by_genus/Cojoba/by_species/rufescens/PPPIT1RU4/Fabaceae_Cojoba_rufescens_PPPIT1RU4_002.jpg
individual_047,view_03,2026_data/blind_human_annotation_set/images/individual_047/view_03.jpg,Fabaceae_Cojoba_rufescens_PPPIT1RU4_003.jpg,2026_data/human_annotated_eval_set/by_family/Fabaceae/by_genus/Cojoba/by_species/rufescens/PPPIT1RU4/Fabaceae_Cojoba_rufescens_PPPIT1RU4_003.jpg,2026_data/sorted_12K/training/by_family/Fabaceae/by_genus/Cojoba/by_species/rufescens/PPPIT1RU4/Fabaceae_Cojoba_rufescens_PPPIT1RU4_003.jpg
individual_047,view_04,2026_data/blind_human_annotation_set/images/individual_047/view_04.jpg,Fabaceae_Cojoba_rufescens_PPPIT1RU4_004.jpg,2026_data/human_annotated_eval_set/by_family/Fabaceae/by_genus/Cojoba/by_species/rufescens/PPPIT1RU4/Fabaceae_Cojoba_rufescens_PPPIT1RU4_004.jpg,2026_data/sorted_12K/training/by_family/Fabaceae/by_genus/Cojoba/by_species/rufescens/PPPIT1RU4/Fabaceae_Cojoba_rufescens_PPPIT1RU4_004.jpg
individual_047,view_05,2026_data/blind_human_annotation_set/images/individual_047/view_05.jpg,Fabaceae_Cojoba_rufescens_PPPIT1RU4_005.jpg,2026_data/human_annotated_eval_set/by_family/Fabaceae/by_genus/Cojoba/by_species/rufescens/PPPIT1RU4/Fabaceae_Cojoba_rufescens_PPPIT1RU4_005.jpg,2026_data/sorted_12K/training/by_family/Fabaceae/by_genus/Cojoba/by_species/rufescens/PPPIT1RU4/Fabaceae_Cojoba_rufescens_PPPIT1RU4_005.jpg
individual_048,view_01,2026_data/blind_human_annotation_set/images/individual_048/view_01.jpg,Fabaceae_Inga_sapindoides_CHINGASA4_001.jpg,2026_data/human_annotated_eval_set/by_family/Fabaceae/by_genus/Inga/by_species/sapindoides/CHINGASA4/Fabaceae_Inga_sapindoides_CHINGASA4_001.jpg,2026_data/sorted_12K/training/by_family/Fabaceae/by_genus/Inga/by_species/sapindoides/CHINGASA4/Fabaceae_Inga_sapindoides_CHINGASA4_001.jpg
individual_048,view_02,2026_data/blind_human_annotation_set/images/individual_048/view_02.jpg,Fabaceae_Inga_sapindoides_CHINGASA4_002.jpg,2026_data/human_annotated_eval_set/by_family/Fabaceae/by_genus/Inga/by_species/sapindoides/CHINGASA4/Fabaceae_Inga_sapindoides_CHINGASA4_002.jpg,2026_data/sorted_12K/training/by_family/Fabaceae/by_genus/Inga/by_species/sapindoides/CHINGASA4/Fabaceae_Inga_sapindoides_CHINGASA4_002.jpg
individual_048,view_03,2026_data/blind_human_annotation_set/images/individual_048/view_03.jpg,Fabaceae_Inga_sapindoides_CHINGASA4_003.jpg,2026_data/human_annotated_eval_set/by_family/Fabaceae/by_genus/Inga/by_species/sapindoides/CHINGASA4/Fabaceae_Inga_sapindoides_CHINGASA4_003.jpg,2026_data/sorted_12K/training/by_family/Fabaceae/by_genus/Inga/by_species/sapindoides/CHINGASA4/Fabaceae_Inga_sapindoides_CHINGASA4_003.jpg
individual_048,view_04,2026_data/blind_human_annotation_set/images/individual_048/view_04.jpg,Fabaceae_Inga_sapindoides_CHINGASA4_004.jpg,2026_data/human_annotated_eval_set/by_family/Fabaceae/by_genus/Inga/by_species/sapindoides/CHINGASA4/Fabaceae_Inga_sapindoides_CHINGASA4_004.jpg,2026_data/sorted_12K/training/by_family/Fabaceae/by_genus/Inga/by_species/sapindoides/CHINGASA4/Fabaceae_Inga_sapindoides_CHINGASA4_004.jpg
individual_048,view_05,2026_data/blind_human_annotation_set/images/individual_048/view_05.jpg,Fabaceae_Inga_sapindoides_CHINGASA4_005.jpg,2026_data/human_annotated_eval_set/by_family/Fabaceae/by_genus/Inga/by_species/sapindoides/CHINGASA4/Fabaceae_Inga_sapindoides_CHINGASA4_005.jpg,2026_data/sorted_12K/training/by_family/Fabaceae/by_genus/Inga/by_species/sapindoides/CHINGASA4/Fabaceae_Inga_sapindoides_CHINGASA4_005.jpg
individual_048,view_06,2026_data/blind_human_annotation_set/images/individual_048/view_06.jpg,Fabaceae_Inga_sapindoides_CHINGASA4_006.jpg,2026_data/human_annotated_eval_set/by_family/Fabaceae/by_genus/Inga/by_species/sapindoides/CHINGASA4/Fabaceae_Inga_sapindoides_CHINGASA4_006.jpg,2026_data/sorted_12K/training/by_family/Fabaceae/by_genus/Inga/by_species/sapindoides/CHINGASA4/Fabaceae_Inga_sapindoides_CHINGASA4_006.jpg
individual_049,view_01,2026_data/blind_human_annotation_set/images/individual_049/view_01.jpg,Fabaceae_Lonchocarpus_atropurpureus_SRLONCAT1_001.jpg,2026_data/human_annotated_eval_set/by_family/Fabaceae/by_genus/Lonchocarpus/by_species/atropurpureus/SRLONCAT1/Fabaceae_Lonchocarpus_atropurpureus_SRLONCAT1_001.jpg,2026_data/sorted_12K/training/by_family/Fabaceae/by_genus/Lonchocarpus/by_species/atropurpureus/SRLONCAT1/Fabaceae_Lonchocarpus_atropurpureus_SRLONCAT1_001.jpg
individual_049,view_02,2026_data/blind_human_annotation_set/images/individual_049/view_02.jpg,Fabaceae_Lonchocarpus_atropurpureus_SRLONCAT1_002.jpg,2026_data/human_annotated_eval_set/by_family/Fabaceae/by_genus/Lonchocarpus/by_species/atropurpureus/SRLONCAT1/Fabaceae_Lonchocarpus_atropurpureus_SRLONCAT1_002.jpg,2026_data/sorted_12K/training/by_family/Fabaceae/by_genus/Lonchocarpus/by_species/atropurpureus/SRLONCAT1/Fabaceae_Lonchocarpus_atropurpureus_SRLONCAT1_002.jpg
individual_049,view_03,2026_data/blind_human_annotation_set/images/individual_049/view_03.jpg,Fabaceae_Lonchocarpus_atropurpureus_SRLONCAT1_003.jpg,2026_data/human_annotated_eval_set/by_family/Fabaceae/by_genus/Lonchocarpus/by_species/atropurpureus/SRLONCAT1/Fabaceae_Lonchocarpus_atropurpureus_SRLONCAT1_003.jpg,2026_data/sorted_12K/training/by_family/Fabaceae/by_genus/Lonchocarpus/by_species/atropurpureus/SRLONCAT1/Fabaceae_Lonchocarpus_atropurpureus_SRLONCAT1_003.jpg
individual_049,view_04,2026_data/blind_human_annotation_set/images/individual_049/view_04.jpg,Fabaceae_Lonchocarpus_atropurpureus_SRLONCAT1_004.jpg,2026_data/human_annotated_eval_set/by_family/Fabaceae/by_genus/Lonchocarpus/by_species/atropurpureus/SRLONCAT1/Fabaceae_Lonchocarpus_atropurpureus_SRLONCAT1_004.jpg,2026_data/sorted_12K/training/by_family/Fabaceae/by_genus/Lonchocarpus/by_species/atropurpureus/SRLONCAT1/Fabaceae_Lonchocarpus_atropurpureus_SRLONCAT1_004.jpg
individual_049,view_05,2026_data/blind_human_annotation_set/images/individual_049/view_05.jpg,Fabaceae_Lonchocarpus_atropurpureus_SRLONCAT1_005.jpg,2026_data/human_annotated_eval_set/by_family/Fabaceae/by_genus/Lonchocarpus/by_species/atropurpureus/SRLONCAT1/Fabaceae_Lonchocarpus_atropurpureus_SRLONCAT1_005.jpg,2026_data/sorted_12K/training/by_family/Fabaceae/by_genus/Lonchocarpus/by_species/atropurpureus/SRLONCAT1/Fabaceae_Lonchocarpus_atropurpureus_SRLONCAT1_005.jpg
individual_050,view_01,2026_data/blind_human_annotation_set/images/individual_050/view_01.jpg,Fabaceae_Machaerium_milleflorum_MEMACHM29_001.jpg,2026_data/human_annotated_eval_set/by_family/Fabaceae/by_genus/Machaerium/by_species/milleflorum/MEMACHM29/Fabaceae_Machaerium_milleflorum_MEMACHM29_001.jpg,2026_data/sorted_12K/training/by_family/Fabaceae/by_genus/Machaerium/by_species/milleflorum/MEMACHM29/Fabaceae_Machaerium_milleflorum_MEMACHM29_001.jpg
individual_050,view_02,2026_data/blind_human_annotation_set/images/individual_050/view_02.jpg,Fabaceae_Machaerium_milleflorum_MEMACHM29_002.jpg,2026_data/human_annotated_eval_set/by_family/Fabaceae/by_genus/Machaerium/by_species/milleflorum/MEMACHM29/Fabaceae_Machaerium_milleflorum_MEMACHM29_002.jpg,2026_data/sorted_12K/training/by_family/Fabaceae/by_genus/Machaerium/by_species/milleflorum/MEMACHM29/Fabaceae_Machaerium_milleflorum_MEMACHM29_002.jpg
individual_050,view_03,2026_data/blind_human_annotation_set/images/individual_050/view_03.jpg,Fabaceae_Machaerium_milleflorum_MEMACHM29_003.jpg,2026_data/human_annotated_eval_set/by_family/Fabaceae/by_genus/Machaerium/by_species/milleflorum/MEMACHM29/Fabaceae_Machaerium_milleflorum_MEMACHM29_003.jpg,2026_data/sorted_12K/training/by_family/Fabaceae/by_genus/Machaerium/by_species/milleflorum/MEMACHM29/Fabaceae_Machaerium_milleflorum_MEMACHM29_003.jpg
individual_050,view_04,2026_data/blind_human_annotation_set/images/individual_050/view_04.jpg,Fabaceae_Machaerium_milleflorum_MEMACHM29_004.jpg,2026_data/human_annotated_eval_set/by_family/Fabaceae/by_genus/Machaerium/by_species/milleflorum/MEMACHM29/Fabaceae_Machaerium_milleflorum_MEMACHM29_004.jpg,2026_data/sorted_12K/training/by_family/Fabaceae/by_genus/Machaerium/by_species/milleflorum/MEMACHM29/Fabaceae_Machaerium_milleflorum_MEMACHM29_004.jpg
individual_050,view_05,2026_data/blind_human_annotation_set/images/individual_050/view_05.jpg,Fabaceae_Machaerium_milleflorum_MEMACHM29_005.jpg,2026_data/human_annotated_eval_set/by_family/Fabaceae/by_genus/Machaerium/by_species/milleflorum/MEMACHM29/Fabaceae_Machaerium_milleflorum_MEMACHM29_005.jpg,2026_data/sorted_12K/training/by_family/Fabaceae/by_genus/Machaerium/by_species/milleflorum/MEMACHM29/Fabaceae_Machaerium_milleflorum_MEMACHM29_005.jpg
individual_051,view_01,2026_data/blind_human_annotation_set/images/individual_051/view_01.jpg,Fabaceae_Robrichia_schomburgkii_ANENTESC3_001.jpg,2026_data/human_annotated_eval_set/by_family/Fabaceae/by_genus/Robrichia/by_species/schomburgkii/ANENTESC3/Fabaceae_Robrichia_schomburgkii_ANENTESC3_001.jpg,2026_data/sorted_12K/training/by_family/Fabaceae/by_genus/Robrichia/by_species/schomburgkii/ANENTESC3/Fabaceae_Robrichia_schomburgkii_ANENTESC3_001.jpg
individual_051,view_02,2026_data/blind_human_annotation_set/images/individual_051/view_02.jpg,Fabaceae_Robrichia_schomburgkii_ANENTESC3_002.jpg,2026_data/human_annotated_eval_set/by_family/Fabaceae/by_genus/Robrichia/by_species/schomburgkii/ANENTESC3/Fabaceae_Robrichia_schomburgkii_ANENTESC3_002.jpg,2026_data/sorted_12K/training/by_family/Fabaceae/by_genus/Robrichia/by_species/schomburgkii/ANENTESC3/Fabaceae_Robrichia_schomburgkii_ANENTESC3_002.jpg
individual_051,view_03,2026_data/blind_human_annotation_set/images/individual_051/view_03.jpg,Fabaceae_Robrichia_schomburgkii_ANENTESC3_003.jpg,2026_data/human_annotated_eval_set/by_family/Fabaceae/by_genus/Robrichia/by_species/schomburgkii/ANENTESC3/Fabaceae_Robrichia_schomburgkii_ANENTESC3_003.jpg,2026_data/sorted_12K/training/by_family/Fabaceae/by_genus/Robrichia/by_species/schomburgkii/ANENTESC3/Fabaceae_Robrichia_schomburgkii_ANENTESC3_003.jpg
individual_051,view_04,2026_data/blind_human_annotation_set/images/individual_051/view_04.jpg,Fabaceae_Robrichia_schomburgkii_ANENTESC3_004.jpg,2026_data/human_annotated_eval_set/by_family/Fabaceae/by_genus/Robrichia/by_species/schomburgkii/ANENTESC3/Fabaceae_Robrichia_schomburgkii_ANENTESC3_004.jpg,2026_data/sorted_12K/training/by_family/Fabaceae/by_genus/Robrichia/by_species/schomburgkii/ANENTESC3/Fabaceae_Robrichia_schomburgkii_ANENTESC3_004.jpg
individual_051,view_05,2026_data/blind_human_annotation_set/images/individual_051/view_05.jpg,Fabaceae_Robrichia_schomburgkii_ANENTESC3_005.jpg,2026_data/human_annotated_eval_set/by_family/Fabaceae/by_genus/Robrichia/by_species/schomburgkii/ANENTESC3/Fabaceae_Robrichia_schomburgkii_ANENTESC3_005.jpg,2026_data/sorted_12K/training/by_family/Fabaceae/by_genus/Robrichia/by_species/schomburgkii/ANENTESC3/Fabaceae_Robrichia_schomburgkii_ANENTESC3_005.jpg
individual_052,view_01,2026_data/blind_human_annotation_set/images/individual_052/view_01.jpg,Fabaceae_Senegalia_hayesii_BAR0350_001.jpg,2026_data/human_annotated_eval_set/by_family/Fabaceae/by_genus/Senegalia/by_species/hayesii/BAR0350/Fabaceae_Senegalia_hayesii_BAR0350_001.jpg,2026_data/sorted_12K/training/by_family/Fabaceae/by_genus/Senegalia/by_species/hayesii/BAR0350/Fabaceae_Senegalia_hayesii_BAR0350_001.jpg
individual_052,view_02,2026_data/blind_human_annotation_set/images/individual_052/view_02.jpg,Fabaceae_Senegalia_hayesii_BAR0350_002.jpg,2026_data/human_annotated_eval_set/by_family/Fabaceae/by_genus/Senegalia/by_species/hayesii/BAR0350/Fabaceae_Senegalia_hayesii_BAR0350_002.jpg,2026_data/sorted_12K/training/by_family/Fabaceae/by_genus/Senegalia/by_species/hayesii/BAR0350/Fabaceae_Senegalia_hayesii_BAR0350_002.jpg
individual_052,view_03,2026_data/blind_human_annotation_set/images/individual_052/view_03.jpg,Fabaceae_Senegalia_hayesii_BAR0350_003.jpg,2026_data/human_annotated_eval_set/by_family/Fabaceae/by_genus/Senegalia/by_species/hayesii/BAR0350/Fabaceae_Senegalia_hayesii_BAR0350_003.jpg,2026_data/sorted_12K/training/by_family/Fabaceae/by_genus/Senegalia/by_species/hayesii/BAR0350/Fabaceae_Senegalia_hayesii_BAR0350_003.jpg
individual_052,view_04,2026_data/blind_human_annotation_set/images/individual_052/view_04.jpg,Fabaceae_Senegalia_hayesii_BAR0350_004.jpg,2026_data/human_annotated_eval_set/by_family/Fabaceae/by_genus/Senegalia/by_species/hayesii/BAR0350/Fabaceae_Senegalia_hayesii_BAR0350_004.jpg,2026_data/sorted_12K/training/by_family/Fabaceae/by_genus/Senegalia/by_species/hayesii/BAR0350/Fabaceae_Senegalia_hayesii_BAR0350_004.jpg
individual_052,view_05,2026_data/blind_human_annotation_set/images/individual_052/view_05.jpg,Fabaceae_Senegalia_hayesii_BAR0350_005.jpg,2026_data/human_annotated_eval_set/by_family/Fabaceae/by_genus/Senegalia/by_species/hayesii/BAR0350/Fabaceae_Senegalia_hayesii_BAR0350_005.jpg,2026_data/sorted_12K/training/by_family/Fabaceae/by_genus/Senegalia/by_species/hayesii/BAR0350/Fabaceae_Senegalia_hayesii_BAR0350_005.jpg
individual_053,view_01,2026_data/blind_human_annotation_set/images/individual_053/view_01.jpg,Fabaceae_Swartzia_simplex_CHSWARS13_001.jpg,2026_data/human_annotated_eval_set/by_family/Fabaceae/by_genus/Swartzia/by_species/simplex/CHSWARS13/Fabaceae_Swartzia_simplex_CHSWARS13_001.jpg,2026_data/sorted_12K/training/by_family/Fabaceae/by_genus/Swartzia/by_species/simplex/CHSWARS13/Fabaceae_Swartzia_simplex_CHSWARS13_001.jpg
individual_053,view_02,2026_data/blind_human_annotation_set/images/individual_053/view_02.jpg,Fabaceae_Swartzia_simplex_CHSWARS13_002.jpg,2026_data/human_annotated_eval_set/by_family/Fabaceae/by_genus/Swartzia/by_species/simplex/CHSWARS13/Fabaceae_Swartzia_simplex_CHSWARS13_002.jpg,2026_data/sorted_12K/training/by_family/Fabaceae/by_genus/Swartzia/by_species/simplex/CHSWARS13/Fabaceae_Swartzia_simplex_CHSWARS13_002.jpg
individual_053,view_03,2026_data/blind_human_annotation_set/images/individual_053/view_03.jpg,Fabaceae_Swartzia_simplex_CHSWARS13_003.jpg,2026_data/human_annotated_eval_set/by_family/Fabaceae/by_genus/Swartzia/by_species/simplex/CHSWARS13/Fabaceae_Swartzia_simplex_CHSWARS13_003.jpg,2026_data/sorted_12K/training/by_family/Fabaceae/by_genus/Swartzia/by_species/simplex/CHSWARS13/Fabaceae_Swartzia_simplex_CHSWARS13_003.jpg
individual_053,view_04,2026_data/blind_human_annotation_set/images/individual_053/view_04.jpg,Fabaceae_Swartzia_simplex_CHSWARS13_004.jpg,2026_data/human_annotated_eval_set/by_family/Fabaceae/by_genus/Swartzia/by_species/simplex/CHSWARS13/Fabaceae_Swartzia_simplex_CHSWARS13_004.jpg,2026_data/sorted_12K/training/by_family/Fabaceae/by_genus/Swartzia/by_species/simplex/CHSWARS13/Fabaceae_Swartzia_simplex_CHSWARS13_004.jpg
individual_053,view_05,2026_data/blind_human_annotation_set/images/individual_053/view_05.jpg,Fabaceae_Swartzia_simplex_CHSWARS13_005.jpg,2026_data/human_annotated_eval_set/by_family/Fabaceae/by_genus/Swartzia/by_species/simplex/CHSWARS13/Fabaceae_Swartzia_simplex_CHSWARS13_005.jpg,2026_data/sorted_12K/training/by_family/Fabaceae/by_genus/Swartzia/by_species/simplex/CHSWARS13/Fabaceae_Swartzia_simplex_CHSWARS13_005.jpg
individual_054,view_01,2026_data/blind_human_annotation_set/images/individual_054/view_01.jpg,Fabaceae_Tachigali_panamensis_SHTACHVE3_001.jpg,2026_data/human_annotated_eval_set/by_family/Fabaceae/by_genus/Tachigali/by_species/panamensis/SHTACHVE3/Fabaceae_Tachigali_panamensis_SHTACHVE3_001.jpg,2026_data/sorted_12K/training/by_family/Fabaceae/by_genus/Tachigali/by_species/panamensis/SHTACHVE3/Fabaceae_Tachigali_panamensis_SHTACHVE3_001.jpg
individual_054,view_02,2026_data/blind_human_annotation_set/images/individual_054/view_02.jpg,Fabaceae_Tachigali_panamensis_SHTACHVE3_002.jpg,2026_data/human_annotated_eval_set/by_family/Fabaceae/by_genus/Tachigali/by_species/panamensis/SHTACHVE3/Fabaceae_Tachigali_panamensis_SHTACHVE3_002.jpg,2026_data/sorted_12K/training/by_family/Fabaceae/by_genus/Tachigali/by_species/panamensis/SHTACHVE3/Fabaceae_Tachigali_panamensis_SHTACHVE3_002.jpg
individual_054,view_03,2026_data/blind_human_annotation_set/images/individual_054/view_03.jpg,Fabaceae_Tachigali_panamensis_SHTACHVE3_003.jpg,2026_data/human_annotated_eval_set/by_family/Fabaceae/by_genus/Tachigali/by_species/panamensis/SHTACHVE3/Fabaceae_Tachigali_panamensis_SHTACHVE3_003.jpg,2026_data/sorted_12K/training/by_family/Fabaceae/by_genus/Tachigali/by_species/panamensis/SHTACHVE3/Fabaceae_Tachigali_panamensis_SHTACHVE3_003.jpg
individual_054,view_04,2026_data/blind_human_annotation_set/images/individual_054/view_04.jpg,Fabaceae_Tachigali_panamensis_SHTACHVE3_004.jpg,2026_data/human_annotated_eval_set/by_family/Fabaceae/by_genus/Tachigali/by_species/panamensis/SHTACHVE3/Fabaceae_Tachigali_panamensis_SHTACHVE3_004.jpg,2026_data/sorted_12K/training/by_family/Fabaceae/by_genus/Tachigali/by_species/panamensis/SHTACHVE3/Fabaceae_Tachigali_panamensis_SHTACHVE3_004.jpg
individual_054,view_05,2026_data/blind_human_annotation_set/images/individual_054/view_05.jpg,Fabaceae_Tachigali_panamensis_SHTACHVE3_005.jpg,2026_data/human_annotated_eval_set/by_family/Fabaceae/by_genus/Tachigali/by_species/panamensis/SHTACHVE3/Fabaceae_Tachigali_panamensis_SHTACHVE3_005.jpg,2026_data/sorted_12K/training/by_family/Fabaceae/by_genus/Tachigali/by_species/panamensis/SHTACHVE3/Fabaceae_Tachigali_panamensis_SHTACHVE3_005.jpg
individual_055,view_01,2026_data/blind_human_annotation_set/images/individual_055/view_01.jpg,Gentianaceae_Lisianthius_jefensis_SRLISIJE1_001.jpg,2026_data/human_annotated_eval_set/by_family/Gentianaceae/by_genus/Lisianthius/by_species/jefensis/SRLISIJE1/Gentianaceae_Lisianthius_jefensis_SRLISIJE1_001.jpg,2026_data/sorted_12K/training/by_family/Gentianaceae/by_genus/Lisianthius/by_species/jefensis/SRLISIJE1/Gentianaceae_Lisianthius_jefensis_SRLISIJE1_001.jpg
individual_055,view_02,2026_data/blind_human_annotation_set/images/individual_055/view_02.jpg,Gentianaceae_Lisianthius_jefensis_SRLISIJE1_002.jpg,2026_data/human_annotated_eval_set/by_family/Gentianaceae/by_genus/Lisianthius/by_species/jefensis/SRLISIJE1/Gentianaceae_Lisianthius_jefensis_SRLISIJE1_002.jpg,2026_data/sorted_12K/training/by_family/Gentianaceae/by_genus/Lisianthius/by_species/jefensis/SRLISIJE1/Gentianaceae_Lisianthius_jefensis_SRLISIJE1_002.jpg
individual_055,view_03,2026_data/blind_human_annotation_set/images/individual_055/view_03.jpg,Gentianaceae_Lisianthius_jefensis_SRLISIJE1_003.jpg,2026_data/human_annotated_eval_set/by_family/Gentianaceae/by_genus/Lisianthius/by_species/jefensis/SRLISIJE1/Gentianaceae_Lisianthius_jefensis_SRLISIJE1_003.jpg,2026_data/sorted_12K/training/by_family/Gentianaceae/by_genus/Lisianthius/by_species/jefensis/SRLISIJE1/Gentianaceae_Lisianthius_jefensis_SRLISIJE1_003.jpg
individual_055,view_04,2026_data/blind_human_annotation_set/images/individual_055/view_04.jpg,Gentianaceae_Lisianthius_jefensis_SRLISIJE1_004.jpg,2026_data/human_annotated_eval_set/by_family/Gentianaceae/by_genus/Lisianthius/by_species/jefensis/SRLISIJE1/Gentianaceae_Lisianthius_jefensis_SRLISIJE1_004.jpg,2026_data/sorted_12K/training/by_family/Gentianaceae/by_genus/Lisianthius/by_species/jefensis/SRLISIJE1/Gentianaceae_Lisianthius_jefensis_SRLISIJE1_004.jpg
individual_055,view_05,2026_data/blind_human_annotation_set/images/individual_055/view_05.jpg,Gentianaceae_Lisianthius_jefensis_SRLISIJE1_005.jpg,2026_data/human_annotated_eval_set/by_family/Gentianaceae/by_genus/Lisianthius/by_species/jefensis/SRLISIJE1/Gentianaceae_Lisianthius_jefensis_SRLISIJE1_005.jpg,2026_data/sorted_12K/training/by_family/Gentianaceae/by_genus/Lisianthius/by_species/jefensis/SRLISIJE1/Gentianaceae_Lisianthius_jefensis_SRLISIJE1_005.jpg
individual_056,view_01,2026_data/blind_human_annotation_set/images/individual_056/view_01.jpg,Lacistemataceae_Lacistema_aggregatum_OLLACIAG2_001.jpg,2026_data/human_annotated_eval_set/by_family/Lacistemataceae/by_genus/Lacistema/by_species/aggregatum/OLLACIAG2/Lacistemataceae_Lacistema_aggregatum_OLLACIAG2_001.jpg,2026_data/sorted_12K/training/by_family/Lacistemataceae/by_genus/Lacistema/by_species/aggregatum/OLLACIAG2/Lacistemataceae_Lacistema_aggregatum_OLLACIAG2_001.jpg
individual_056,view_02,2026_data/blind_human_annotation_set/images/individual_056/view_02.jpg,Lacistemataceae_Lacistema_aggregatum_OLLACIAG2_002.jpg,2026_data/human_annotated_eval_set/by_family/Lacistemataceae/by_genus/Lacistema/by_species/aggregatum/OLLACIAG2/Lacistemataceae_Lacistema_aggregatum_OLLACIAG2_002.jpg,2026_data/sorted_12K/training/by_family/Lacistemataceae/by_genus/Lacistema/by_species/aggregatum/OLLACIAG2/Lacistemataceae_Lacistema_aggregatum_OLLACIAG2_002.jpg
individual_056,view_03,2026_data/blind_human_annotation_set/images/individual_056/view_03.jpg,Lacistemataceae_Lacistema_aggregatum_OLLACIAG2_003.jpg,2026_data/human_annotated_eval_set/by_family/Lacistemataceae/by_genus/Lacistema/by_species/aggregatum/OLLACIAG2/Lacistemataceae_Lacistema_aggregatum_OLLACIAG2_003.jpg,2026_data/sorted_12K/training/by_family/Lacistemataceae/by_genus/Lacistema/by_species/aggregatum/OLLACIAG2/Lacistemataceae_Lacistema_aggregatum_OLLACIAG2_003.jpg
individual_056,view_04,2026_data/blind_human_annotation_set/images/individual_056/view_04.jpg,Lacistemataceae_Lacistema_aggregatum_OLLACIAG2_004.jpg,2026_data/human_annotated_eval_set/by_family/Lacistemataceae/by_genus/Lacistema/by_species/aggregatum/OLLACIAG2/Lacistemataceae_Lacistema_aggregatum_OLLACIAG2_004.jpg,2026_data/sorted_12K/training/by_family/Lacistemataceae/by_genus/Lacistema/by_species/aggregatum/OLLACIAG2/Lacistemataceae_Lacistema_aggregatum_OLLACIAG2_004.jpg
individual_056,view_05,2026_data/blind_human_annotation_set/images/individual_056/view_05.jpg,Lacistemataceae_Lacistema_aggregatum_OLLACIAG2_005.jpg,2026_data/human_annotated_eval_set/by_family/Lacistemataceae/by_genus/Lacistema/by_species/aggregatum/OLLACIAG2/Lacistemataceae_Lacistema_aggregatum_OLLACIAG2_005.jpg,2026_data/sorted_12K/training/by_family/Lacistemataceae/by_genus/Lacistema/by_species/aggregatum/OLLACIAG2/Lacistemataceae_Lacistema_aggregatum_OLLACIAG2_005.jpg
individual_057,view_01,2026_data/blind_human_annotation_set/images/individual_057/view_01.jpg,Lauraceae_Beilschmiedia_tovarensis_SHBELIPE5_001.jpg,2026_data/human_annotated_eval_set/by_family/Lauraceae/by_genus/Beilschmiedia/by_species/tovarensis/SHBELIPE5/Lauraceae_Beilschmiedia_tovarensis_SHBELIPE5_001.jpg,2026_data/sorted_12K/training/by_family/Lauraceae/by_genus/Beilschmiedia/by_species/tovarensis/SHBELIPE5/Lauraceae_Beilschmiedia_tovarensis_SHBELIPE5_001.jpg
individual_057,view_02,2026_data/blind_human_annotation_set/images/individual_057/view_02.jpg,Lauraceae_Beilschmiedia_tovarensis_SHBELIPE5_002.jpg,2026_data/human_annotated_eval_set/by_family/Lauraceae/by_genus/Beilschmiedia/by_species/tovarensis/SHBELIPE5/Lauraceae_Beilschmiedia_tovarensis_SHBELIPE5_002.jpg,2026_data/sorted_12K/training/by_family/Lauraceae/by_genus/Beilschmiedia/by_species/tovarensis/SHBELIPE5/Lauraceae_Beilschmiedia_tovarensis_SHBELIPE5_002.jpg
individual_057,view_03,2026_data/blind_human_annotation_set/images/individual_057/view_03.jpg,Lauraceae_Beilschmiedia_tovarensis_SHBELIPE5_003.jpg,2026_data/human_annotated_eval_set/by_family/Lauraceae/by_genus/Beilschmiedia/by_species/tovarensis/SHBELIPE5/Lauraceae_Beilschmiedia_tovarensis_SHBELIPE5_003.jpg,2026_data/sorted_12K/training/by_family/Lauraceae/by_genus/Beilschmiedia/by_species/tovarensis/SHBELIPE5/Lauraceae_Beilschmiedia_tovarensis_SHBELIPE5_003.jpg
individual_057,view_04,2026_data/blind_human_annotation_set/images/individual_057/view_04.jpg,Lauraceae_Beilschmiedia_tovarensis_SHBELIPE5_004.jpg,2026_data/human_annotated_eval_set/by_family/Lauraceae/by_genus/Beilschmiedia/by_species/tovarensis/SHBELIPE5/Lauraceae_Beilschmiedia_tovarensis_SHBELIPE5_004.jpg,2026_data/sorted_12K/training/by_family/Lauraceae/by_genus/Beilschmiedia/by_species/tovarensis/SHBELIPE5/Lauraceae_Beilschmiedia_tovarensis_SHBELIPE5_004.jpg
individual_058,view_01,2026_data/blind_human_annotation_set/images/individual_058/view_01.jpg,Lauraceae_Damburneya_purpurea_SHNECTPU10_001.jpg,2026_data/human_annotated_eval_set/by_family/Lauraceae/by_genus/Damburneya/by_species/purpurea/SHNECTPU10/Lauraceae_Damburneya_purpurea_SHNECTPU10_001.jpg,2026_data/sorted_12K/training/by_family/Lauraceae/by_genus/Damburneya/by_species/purpurea/SHNECTPU10/Lauraceae_Damburneya_purpurea_SHNECTPU10_001.jpg
individual_058,view_02,2026_data/blind_human_annotation_set/images/individual_058/view_02.jpg,Lauraceae_Damburneya_purpurea_SHNECTPU10_002.jpg,2026_data/human_annotated_eval_set/by_family/Lauraceae/by_genus/Damburneya/by_species/purpurea/SHNECTPU10/Lauraceae_Damburneya_purpurea_SHNECTPU10_002.jpg,2026_data/sorted_12K/training/by_family/Lauraceae/by_genus/Damburneya/by_species/purpurea/SHNECTPU10/Lauraceae_Damburneya_purpurea_SHNECTPU10_002.jpg
individual_058,view_03,2026_data/blind_human_annotation_set/images/individual_058/view_03.jpg,Lauraceae_Damburneya_purpurea_SHNECTPU10_003.jpg,2026_data/human_annotated_eval_set/by_family/Lauraceae/by_genus/Damburneya/by_species/purpurea/SHNECTPU10/Lauraceae_Damburneya_purpurea_SHNECTPU10_003.jpg,2026_data/sorted_12K/training/by_family/Lauraceae/by_genus/Damburneya/by_species/purpurea/SHNECTPU10/Lauraceae_Damburneya_purpurea_SHNECTPU10_003.jpg
individual_058,view_04,2026_data/blind_human_annotation_set/images/individual_058/view_04.jpg,Lauraceae_Damburneya_purpurea_SHNECTPU10_004.jpg,2026_data/human_annotated_eval_set/by_family/Lauraceae/by_genus/Damburneya/by_species/purpurea/SHNECTPU10/Lauraceae_Damburneya_purpurea_SHNECTPU10_004.jpg,2026_data/sorted_12K/training/by_family/Lauraceae/by_genus/Damburneya/by_species/purpurea/SHNECTPU10/Lauraceae_Damburneya_purpurea_SHNECTPU10_004.jpg
individual_058,view_05,2026_data/blind_human_annotation_set/images/individual_058/view_05.jpg,Lauraceae_Damburneya_purpurea_SHNECTPU10_005.jpg,2026_data/human_annotated_eval_set/by_family/Lauraceae/by_genus/Damburneya/by_species/purpurea/SHNECTPU10/Lauraceae_Damburneya_purpurea_SHNECTPU10_005.jpg,2026_data/sorted_12K/training/by_family/Lauraceae/by_genus/Damburneya/by_species/purpurea/SHNECTPU10/Lauraceae_Damburneya_purpurea_SHNECTPU10_005.jpg
individual_059,view_01,2026_data/blind_human_annotation_set/images/individual_059/view_01.jpg,Lauraceae_Nectandra_cuspidata_ANNECTCU4_001.jpg,2026_data/human_annotated_eval_set/by_family/Lauraceae/by_genus/Nectandra/by_species/cuspidata/ANNECTCU4/Lauraceae_Nectandra_cuspidata_ANNECTCU4_001.jpg,2026_data/sorted_12K/training/by_family/Lauraceae/by_genus/Nectandra/by_species/cuspidata/ANNECTCU4/Lauraceae_Nectandra_cuspidata_ANNECTCU4_001.jpg
individual_059,view_02,2026_data/blind_human_annotation_set/images/individual_059/view_02.jpg,Lauraceae_Nectandra_cuspidata_ANNECTCU4_002.jpg,2026_data/human_annotated_eval_set/by_family/Lauraceae/by_genus/Nectandra/by_species/cuspidata/ANNECTCU4/Lauraceae_Nectandra_cuspidata_ANNECTCU4_002.jpg,2026_data/sorted_12K/training/by_family/Lauraceae/by_genus/Nectandra/by_species/cuspidata/ANNECTCU4/Lauraceae_Nectandra_cuspidata_ANNECTCU4_002.jpg
individual_059,view_03,2026_data/blind_human_annotation_set/images/individual_059/view_03.jpg,Lauraceae_Nectandra_cuspidata_ANNECTCU4_003.jpg,2026_data/human_annotated_eval_set/by_family/Lauraceae/by_genus/Nectandra/by_species/cuspidata/ANNECTCU4/Lauraceae_Nectandra_cuspidata_ANNECTCU4_003.jpg,2026_data/sorted_12K/training/by_family/Lauraceae/by_genus/Nectandra/by_species/cuspidata/ANNECTCU4/Lauraceae_Nectandra_cuspidata_ANNECTCU4_003.jpg
individual_059,view_04,2026_data/blind_human_annotation_set/images/individual_059/view_04.jpg,Lauraceae_Nectandra_cuspidata_ANNECTCU4_004.jpg,2026_data/human_annotated_eval_set/by_family/Lauraceae/by_genus/Nectandra/by_species/cuspidata/ANNECTCU4/Lauraceae_Nectandra_cuspidata_ANNECTCU4_004.jpg,2026_data/sorted_12K/training/by_family/Lauraceae/by_genus/Nectandra/by_species/cuspidata/ANNECTCU4/Lauraceae_Nectandra_cuspidata_ANNECTCU4_004.jpg
individual_059,view_05,2026_data/blind_human_annotation_set/images/individual_059/view_05.jpg,Lauraceae_Nectandra_cuspidata_ANNECTCU4_005.jpg,2026_data/human_annotated_eval_set/by_family/Lauraceae/by_genus/Nectandra/by_species/cuspidata/ANNECTCU4/Lauraceae_Nectandra_cuspidata_ANNECTCU4_005.jpg,2026_data/sorted_12K/training/by_family/Lauraceae/by_genus/Nectandra/by_species/cuspidata/ANNECTCU4/Lauraceae_Nectandra_cuspidata_ANNECTCU4_005.jpg
individual_060,view_01,2026_data/blind_human_annotation_set/images/individual_060/view_01.jpg,Lecythidaceae_Gustavia_superba_BAR0090_001.jpg,2026_data/human_annotated_eval_set/by_family/Lecythidaceae/by_genus/Gustavia/by_species/superba/BAR0090/Lecythidaceae_Gustavia_superba_BAR0090_001.jpg,2026_data/sorted_12K/training/by_family/Lecythidaceae/by_genus/Gustavia/by_species/superba/BAR0090/Lecythidaceae_Gustavia_superba_BAR0090_001.jpg
individual_060,view_02,2026_data/blind_human_annotation_set/images/individual_060/view_02.jpg,Lecythidaceae_Gustavia_superba_BAR0090_002.jpg,2026_data/human_annotated_eval_set/by_family/Lecythidaceae/by_genus/Gustavia/by_species/superba/BAR0090/Lecythidaceae_Gustavia_superba_BAR0090_002.jpg,2026_data/sorted_12K/training/by_family/Lecythidaceae/by_genus/Gustavia/by_species/superba/BAR0090/Lecythidaceae_Gustavia_superba_BAR0090_002.jpg
individual_060,view_03,2026_data/blind_human_annotation_set/images/individual_060/view_03.jpg,Lecythidaceae_Gustavia_superba_BAR0090_003.jpg,2026_data/human_annotated_eval_set/by_family/Lecythidaceae/by_genus/Gustavia/by_species/superba/BAR0090/Lecythidaceae_Gustavia_superba_BAR0090_003.jpg,2026_data/sorted_12K/training/by_family/Lecythidaceae/by_genus/Gustavia/by_species/superba/BAR0090/Lecythidaceae_Gustavia_superba_BAR0090_003.jpg
individual_060,view_04,2026_data/blind_human_annotation_set/images/individual_060/view_04.jpg,Lecythidaceae_Gustavia_superba_BAR0090_004.jpg,2026_data/human_annotated_eval_set/by_family/Lecythidaceae/by_genus/Gustavia/by_species/superba/BAR0090/Lecythidaceae_Gustavia_superba_BAR0090_004.jpg,2026_data/sorted_12K/training/by_family/Lecythidaceae/by_genus/Gustavia/by_species/superba/BAR0090/Lecythidaceae_Gustavia_superba_BAR0090_004.jpg
individual_060,view_05,2026_data/blind_human_annotation_set/images/individual_060/view_05.jpg,Lecythidaceae_Gustavia_superba_BAR0090_005.jpg,2026_data/human_annotated_eval_set/by_family/Lecythidaceae/by_genus/Gustavia/by_species/superba/BAR0090/Lecythidaceae_Gustavia_superba_BAR0090_005.jpg,2026_data/sorted_12K/training/by_family/Lecythidaceae/by_genus/Gustavia/by_species/superba/BAR0090/Lecythidaceae_Gustavia_superba_BAR0090_005.jpg
individual_061,view_01,2026_data/blind_human_annotation_set/images/individual_061/view_01.jpg,Loganiaceae_Strychnos_panamensis_PPSTRYPA8_001.jpg,2026_data/human_annotated_eval_set/by_family/Loganiaceae/by_genus/Strychnos/by_species/panamensis/PPSTRYPA8/Loganiaceae_Strychnos_panamensis_PPSTRYPA8_001.jpg,2026_data/sorted_12K/training/by_family/Loganiaceae/by_genus/Strychnos/by_species/panamensis/PPSTRYPA8/Loganiaceae_Strychnos_panamensis_PPSTRYPA8_001.jpg
individual_061,view_02,2026_data/blind_human_annotation_set/images/individual_061/view_02.jpg,Loganiaceae_Strychnos_panamensis_PPSTRYPA8_002.jpg,2026_data/human_annotated_eval_set/by_family/Loganiaceae/by_genus/Strychnos/by_species/panamensis/PPSTRYPA8/Loganiaceae_Strychnos_panamensis_PPSTRYPA8_002.jpg,2026_data/sorted_12K/training/by_family/Loganiaceae/by_genus/Strychnos/by_species/panamensis/PPSTRYPA8/Loganiaceae_Strychnos_panamensis_PPSTRYPA8_002.jpg
individual_061,view_03,2026_data/blind_human_annotation_set/images/individual_061/view_03.jpg,Loganiaceae_Strychnos_panamensis_PPSTRYPA8_003.jpg,2026_data/human_annotated_eval_set/by_family/Loganiaceae/by_genus/Strychnos/by_species/panamensis/PPSTRYPA8/Loganiaceae_Strychnos_panamensis_PPSTRYPA8_003.jpg,2026_data/sorted_12K/training/by_family/Loganiaceae/by_genus/Strychnos/by_species/panamensis/PPSTRYPA8/Loganiaceae_Strychnos_panamensis_PPSTRYPA8_003.jpg
individual_061,view_04,2026_data/blind_human_annotation_set/images/individual_061/view_04.jpg,Loganiaceae_Strychnos_panamensis_PPSTRYPA8_004.jpg,2026_data/human_annotated_eval_set/by_family/Loganiaceae/by_genus/Strychnos/by_species/panamensis/PPSTRYPA8/Loganiaceae_Strychnos_panamensis_PPSTRYPA8_004.jpg,2026_data/sorted_12K/training/by_family/Loganiaceae/by_genus/Strychnos/by_species/panamensis/PPSTRYPA8/Loganiaceae_Strychnos_panamensis_PPSTRYPA8_004.jpg
individual_061,view_05,2026_data/blind_human_annotation_set/images/individual_061/view_05.jpg,Loganiaceae_Strychnos_panamensis_PPSTRYPA8_005.jpg,2026_data/human_annotated_eval_set/by_family/Loganiaceae/by_genus/Strychnos/by_species/panamensis/PPSTRYPA8/Loganiaceae_Strychnos_panamensis_PPSTRYPA8_005.jpg,2026_data/sorted_12K/training/by_family/Loganiaceae/by_genus/Strychnos/by_species/panamensis/PPSTRYPA8/Loganiaceae_Strychnos_panamensis_PPSTRYPA8_005.jpg
individual_062,view_01,2026_data/blind_human_annotation_set/images/individual_062/view_01.jpg,Malpighiaceae_Bronwenia_cornifolia_SRBANICO6_001.jpg,2026_data/human_annotated_eval_set/by_family/Malpighiaceae/by_genus/Bronwenia/by_species/cornifolia/SRBANICO6/Malpighiaceae_Bronwenia_cornifolia_SRBANICO6_001.jpg,2026_data/sorted_12K/training/by_family/Malpighiaceae/by_genus/Bronwenia/by_species/cornifolia/SRBANICO6/Malpighiaceae_Bronwenia_cornifolia_SRBANICO6_001.jpg
individual_062,view_02,2026_data/blind_human_annotation_set/images/individual_062/view_02.jpg,Malpighiaceae_Bronwenia_cornifolia_SRBANICO6_002.jpg,2026_data/human_annotated_eval_set/by_family/Malpighiaceae/by_genus/Bronwenia/by_species/cornifolia/SRBANICO6/Malpighiaceae_Bronwenia_cornifolia_SRBANICO6_002.jpg,2026_data/sorted_12K/training/by_family/Malpighiaceae/by_genus/Bronwenia/by_species/cornifolia/SRBANICO6/Malpighiaceae_Bronwenia_cornifolia_SRBANICO6_002.jpg
individual_062,view_03,2026_data/blind_human_annotation_set/images/individual_062/view_03.jpg,Malpighiaceae_Bronwenia_cornifolia_SRBANICO6_003.jpg,2026_data/human_annotated_eval_set/by_family/Malpighiaceae/by_genus/Bronwenia/by_species/cornifolia/SRBANICO6/Malpighiaceae_Bronwenia_cornifolia_SRBANICO6_003.jpg,2026_data/sorted_12K/training/by_family/Malpighiaceae/by_genus/Bronwenia/by_species/cornifolia/SRBANICO6/Malpighiaceae_Bronwenia_cornifolia_SRBANICO6_003.jpg
individual_062,view_04,2026_data/blind_human_annotation_set/images/individual_062/view_04.jpg,Malpighiaceae_Bronwenia_cornifolia_SRBANICO6_004.jpg,2026_data/human_annotated_eval_set/by_family/Malpighiaceae/by_genus/Bronwenia/by_species/cornifolia/SRBANICO6/Malpighiaceae_Bronwenia_cornifolia_SRBANICO6_004.jpg,2026_data/sorted_12K/training/by_family/Malpighiaceae/by_genus/Bronwenia/by_species/cornifolia/SRBANICO6/Malpighiaceae_Bronwenia_cornifolia_SRBANICO6_004.jpg
individual_062,view_05,2026_data/blind_human_annotation_set/images/individual_062/view_05.jpg,Malpighiaceae_Bronwenia_cornifolia_SRBANICO6_005.jpg,2026_data/human_annotated_eval_set/by_family/Malpighiaceae/by_genus/Bronwenia/by_species/cornifolia/SRBANICO6/Malpighiaceae_Bronwenia_cornifolia_SRBANICO6_005.jpg,2026_data/sorted_12K/training/by_family/Malpighiaceae/by_genus/Bronwenia/by_species/cornifolia/SRBANICO6/Malpighiaceae_Bronwenia_cornifolia_SRBANICO6_005.jpg
individual_063,view_01,2026_data/blind_human_annotation_set/images/individual_063/view_01.jpg,Malpighiaceae_Hiraea_reclinata_BAR0538_001.jpg,2026_data/human_annotated_eval_set/by_family/Malpighiaceae/by_genus/Hiraea/by_species/reclinata/BAR0538/Malpighiaceae_Hiraea_reclinata_BAR0538_001.jpg,2026_data/sorted_12K/training/by_family/Malpighiaceae/by_genus/Hiraea/by_species/reclinata/BAR0538/Malpighiaceae_Hiraea_reclinata_BAR0538_001.jpg
individual_063,view_02,2026_data/blind_human_annotation_set/images/individual_063/view_02.jpg,Malpighiaceae_Hiraea_reclinata_BAR0538_002.jpg,2026_data/human_annotated_eval_set/by_family/Malpighiaceae/by_genus/Hiraea/by_species/reclinata/BAR0538/Malpighiaceae_Hiraea_reclinata_BAR0538_002.jpg,2026_data/sorted_12K/training/by_family/Malpighiaceae/by_genus/Hiraea/by_species/reclinata/BAR0538/Malpighiaceae_Hiraea_reclinata_BAR0538_002.jpg
individual_063,view_03,2026_data/blind_human_annotation_set/images/individual_063/view_03.jpg,Malpighiaceae_Hiraea_reclinata_BAR0538_003.jpg,2026_data/human_annotated_eval_set/by_family/Malpighiaceae/by_genus/Hiraea/by_species/reclinata/BAR0538/Malpighiaceae_Hiraea_reclinata_BAR0538_003.jpg,2026_data/sorted_12K/training/by_family/Malpighiaceae/by_genus/Hiraea/by_species/reclinata/BAR0538/Malpighiaceae_Hiraea_reclinata_BAR0538_003.jpg
individual_063,view_04,2026_data/blind_human_annotation_set/images/individual_063/view_04.jpg,Malpighiaceae_Hiraea_reclinata_BAR0538_004.jpg,2026_data/human_annotated_eval_set/by_family/Malpighiaceae/by_genus/Hiraea/by_species/reclinata/BAR0538/Malpighiaceae_Hiraea_reclinata_BAR0538_004.jpg,2026_data/sorted_12K/training/by_family/Malpighiaceae/by_genus/Hiraea/by_species/reclinata/BAR0538/Malpighiaceae_Hiraea_reclinata_BAR0538_004.jpg
individual_063,view_05,2026_data/blind_human_annotation_set/images/individual_063/view_05.jpg,Malpighiaceae_Hiraea_reclinata_BAR0538_005.jpg,2026_data/human_annotated_eval_set/by_family/Malpighiaceae/by_genus/Hiraea/by_species/reclinata/BAR0538/Malpighiaceae_Hiraea_reclinata_BAR0538_005.jpg,2026_data/sorted_12K/training/by_family/Malpighiaceae/by_genus/Hiraea/by_species/reclinata/BAR0538/Malpighiaceae_Hiraea_reclinata_BAR0538_005.jpg
individual_064,view_01,2026_data/blind_human_annotation_set/images/individual_064/view_01.jpg,Malpighiaceae_Mascagnia_ovatifolia_MEMASCNE4_001.jpg,2026_data/human_annotated_eval_set/by_family/Malpighiaceae/by_genus/Mascagnia/by_species/ovatifolia/MEMASCNE4/Malpighiaceae_Mascagnia_ovatifolia_MEMASCNE4_001.jpg,2026_data/sorted_12K/training/by_family/Malpighiaceae/by_genus/Mascagnia/by_species/ovatifolia/MEMASCNE4/Malpighiaceae_Mascagnia_ovatifolia_MEMASCNE4_001.jpg
individual_064,view_02,2026_data/blind_human_annotation_set/images/individual_064/view_02.jpg,Malpighiaceae_Mascagnia_ovatifolia_MEMASCNE4_002.jpg,2026_data/human_annotated_eval_set/by_family/Malpighiaceae/by_genus/Mascagnia/by_species/ovatifolia/MEMASCNE4/Malpighiaceae_Mascagnia_ovatifolia_MEMASCNE4_002.jpg,2026_data/sorted_12K/training/by_family/Malpighiaceae/by_genus/Mascagnia/by_species/ovatifolia/MEMASCNE4/Malpighiaceae_Mascagnia_ovatifolia_MEMASCNE4_002.jpg
individual_064,view_03,2026_data/blind_human_annotation_set/images/individual_064/view_03.jpg,Malpighiaceae_Mascagnia_ovatifolia_MEMASCNE4_003.jpg,2026_data/human_annotated_eval_set/by_family/Malpighiaceae/by_genus/Mascagnia/by_species/ovatifolia/MEMASCNE4/Malpighiaceae_Mascagnia_ovatifolia_MEMASCNE4_003.jpg,2026_data/sorted_12K/training/by_family/Malpighiaceae/by_genus/Mascagnia/by_species/ovatifolia/MEMASCNE4/Malpighiaceae_Mascagnia_ovatifolia_MEMASCNE4_003.jpg
individual_064,view_04,2026_data/blind_human_annotation_set/images/individual_064/view_04.jpg,Malpighiaceae_Mascagnia_ovatifolia_MEMASCNE4_004.jpg,2026_data/human_annotated_eval_set/by_family/Malpighiaceae/by_genus/Mascagnia/by_species/ovatifolia/MEMASCNE4/Malpighiaceae_Mascagnia_ovatifolia_MEMASCNE4_004.jpg,2026_data/sorted_12K/training/by_family/Malpighiaceae/by_genus/Mascagnia/by_species/ovatifolia/MEMASCNE4/Malpighiaceae_Mascagnia_ovatifolia_MEMASCNE4_004.jpg
individual_064,view_05,2026_data/blind_human_annotation_set/images/individual_064/view_05.jpg,Malpighiaceae_Mascagnia_ovatifolia_MEMASCNE4_005.jpg,2026_data/human_annotated_eval_set/by_family/Malpighiaceae/by_genus/Mascagnia/by_species/ovatifolia/MEMASCNE4/Malpighiaceae_Mascagnia_ovatifolia_MEMASCNE4_005.jpg,2026_data/sorted_12K/training/by_family/Malpighiaceae/by_genus/Mascagnia/by_species/ovatifolia/MEMASCNE4/Malpighiaceae_Mascagnia_ovatifolia_MEMASCNE4_005.jpg
individual_065,view_01,2026_data/blind_human_annotation_set/images/individual_065/view_01.jpg,Melastomataceae_Miconia_simplex_SHMICOSI7_001.jpg,2026_data/human_annotated_eval_set/by_family/Melastomataceae/by_genus/Miconia/by_species/simplex/SHMICOSI7/Melastomataceae_Miconia_simplex_SHMICOSI7_001.jpg,2026_data/sorted_12K/training/by_family/Melastomataceae/by_genus/Miconia/by_species/simplex/SHMICOSI7/Melastomataceae_Miconia_simplex_SHMICOSI7_001.jpg
individual_065,view_02,2026_data/blind_human_annotation_set/images/individual_065/view_02.jpg,Melastomataceae_Miconia_simplex_SHMICOSI7_002.jpg,2026_data/human_annotated_eval_set/by_family/Melastomataceae/by_genus/Miconia/by_species/simplex/SHMICOSI7/Melastomataceae_Miconia_simplex_SHMICOSI7_002.jpg,2026_data/sorted_12K/training/by_family/Melastomataceae/by_genus/Miconia/by_species/simplex/SHMICOSI7/Melastomataceae_Miconia_simplex_SHMICOSI7_002.jpg
individual_065,view_03,2026_data/blind_human_annotation_set/images/individual_065/view_03.jpg,Melastomataceae_Miconia_simplex_SHMICOSI7_003.jpg,2026_data/human_annotated_eval_set/by_family/Melastomataceae/by_genus/Miconia/by_species/simplex/SHMICOSI7/Melastomataceae_Miconia_simplex_SHMICOSI7_003.jpg,2026_data/sorted_12K/training/by_family/Melastomataceae/by_genus/Miconia/by_species/simplex/SHMICOSI7/Melastomataceae_Miconia_simplex_SHMICOSI7_003.jpg
individual_065,view_04,2026_data/blind_human_annotation_set/images/individual_065/view_04.jpg,Melastomataceae_Miconia_simplex_SHMICOSI7_004.jpg,2026_data/human_annotated_eval_set/by_family/Melastomataceae/by_genus/Miconia/by_species/simplex/SHMICOSI7/Melastomataceae_Miconia_simplex_SHMICOSI7_004.jpg,2026_data/sorted_12K/training/by_family/Melastomataceae/by_genus/Miconia/by_species/simplex/SHMICOSI7/Melastomataceae_Miconia_simplex_SHMICOSI7_004.jpg
individual_065,view_05,2026_data/blind_human_annotation_set/images/individual_065/view_05.jpg,Melastomataceae_Miconia_simplex_SHMICOSI7_005.jpg,2026_data/human_annotated_eval_set/by_family/Melastomataceae/by_genus/Miconia/by_species/simplex/SHMICOSI7/Melastomataceae_Miconia_simplex_SHMICOSI7_005.jpg,2026_data/sorted_12K/training/by_family/Melastomataceae/by_genus/Miconia/by_species/simplex/SHMICOSI7/Melastomataceae_Miconia_simplex_SHMICOSI7_005.jpg
individual_066,view_01,2026_data/blind_human_annotation_set/images/individual_066/view_01.jpg,Melastomataceae_Mouriri_myrtilloides_BAR0586_001.jpg,2026_data/human_annotated_eval_set/by_family/Melastomataceae/by_genus/Mouriri/by_species/myrtilloides/BAR0586/Melastomataceae_Mouriri_myrtilloides_BAR0586_001.jpg,2026_data/sorted_12K/training/by_family/Melastomataceae/by_genus/Mouriri/by_species/myrtilloides/BAR0586/Melastomataceae_Mouriri_myrtilloides_BAR0586_001.jpg
individual_066,view_02,2026_data/blind_human_annotation_set/images/individual_066/view_02.jpg,Melastomataceae_Mouriri_myrtilloides_BAR0586_002.jpg,2026_data/human_annotated_eval_set/by_family/Melastomataceae/by_genus/Mouriri/by_species/myrtilloides/BAR0586/Melastomataceae_Mouriri_myrtilloides_BAR0586_002.jpg,2026_data/sorted_12K/training/by_family/Melastomataceae/by_genus/Mouriri/by_species/myrtilloides/BAR0586/Melastomataceae_Mouriri_myrtilloides_BAR0586_002.jpg
individual_066,view_03,2026_data/blind_human_annotation_set/images/individual_066/view_03.jpg,Melastomataceae_Mouriri_myrtilloides_BAR0586_003.jpg,2026_data/human_annotated_eval_set/by_family/Melastomataceae/by_genus/Mouriri/by_species/myrtilloides/BAR0586/Melastomataceae_Mouriri_myrtilloides_BAR0586_003.jpg,2026_data/sorted_12K/training/by_family/Melastomataceae/by_genus/Mouriri/by_species/myrtilloides/BAR0586/Melastomataceae_Mouriri_myrtilloides_BAR0586_003.jpg
individual_066,view_04,2026_data/blind_human_annotation_set/images/individual_066/view_04.jpg,Melastomataceae_Mouriri_myrtilloides_BAR0586_004.jpg,2026_data/human_annotated_eval_set/by_family/Melastomataceae/by_genus/Mouriri/by_species/myrtilloides/BAR0586/Melastomataceae_Mouriri_myrtilloides_BAR0586_004.jpg,2026_data/sorted_12K/training/by_family/Melastomataceae/by_genus/Mouriri/by_species/myrtilloides/BAR0586/Melastomataceae_Mouriri_myrtilloides_BAR0586_004.jpg
individual_066,view_05,2026_data/blind_human_annotation_set/images/individual_066/view_05.jpg,Melastomataceae_Mouriri_myrtilloides_BAR0586_005.jpg,2026_data/human_annotated_eval_set/by_family/Melastomataceae/by_genus/Mouriri/by_species/myrtilloides/BAR0586/Melastomataceae_Mouriri_myrtilloides_BAR0586_005.jpg,2026_data/sorted_12K/training/by_family/Melastomataceae/by_genus/Mouriri/by_species/myrtilloides/BAR0586/Melastomataceae_Mouriri_myrtilloides_BAR0586_005.jpg
individual_067,view_01,2026_data/blind_human_annotation_set/images/individual_067/view_01.jpg,Meliaceae_Guarea_guidonia_CHGUARGU3_001.jpg,2026_data/human_annotated_eval_set/by_family/Meliaceae/by_genus/Guarea/by_species/guidonia/CHGUARGU3/Meliaceae_Guarea_guidonia_CHGUARGU3_001.jpg,2026_data/sorted_12K/training/by_family/Meliaceae/by_genus/Guarea/by_species/guidonia/CHGUARGU3/Meliaceae_Guarea_guidonia_CHGUARGU3_001.jpg
individual_067,view_02,2026_data/blind_human_annotation_set/images/individual_067/view_02.jpg,Meliaceae_Guarea_guidonia_CHGUARGU3_002.jpg,2026_data/human_annotated_eval_set/by_family/Meliaceae/by_genus/Guarea/by_species/guidonia/CHGUARGU3/Meliaceae_Guarea_guidonia_CHGUARGU3_002.jpg,2026_data/sorted_12K/training/by_family/Meliaceae/by_genus/Guarea/by_species/guidonia/CHGUARGU3/Meliaceae_Guarea_guidonia_CHGUARGU3_002.jpg
individual_067,view_03,2026_data/blind_human_annotation_set/images/individual_067/view_03.jpg,Meliaceae_Guarea_guidonia_CHGUARGU3_003.jpg,2026_data/human_annotated_eval_set/by_family/Meliaceae/by_genus/Guarea/by_species/guidonia/CHGUARGU3/Meliaceae_Guarea_guidonia_CHGUARGU3_003.jpg,2026_data/sorted_12K/training/by_family/Meliaceae/by_genus/Guarea/by_species/guidonia/CHGUARGU3/Meliaceae_Guarea_guidonia_CHGUARGU3_003.jpg
individual_067,view_04,2026_data/blind_human_annotation_set/images/individual_067/view_04.jpg,Meliaceae_Guarea_guidonia_CHGUARGU3_004.jpg,2026_data/human_annotated_eval_set/by_family/Meliaceae/by_genus/Guarea/by_species/guidonia/CHGUARGU3/Meliaceae_Guarea_guidonia_CHGUARGU3_004.jpg,2026_data/sorted_12K/training/by_family/Meliaceae/by_genus/Guarea/by_species/guidonia/CHGUARGU3/Meliaceae_Guarea_guidonia_CHGUARGU3_004.jpg
individual_067,view_05,2026_data/blind_human_annotation_set/images/individual_067/view_05.jpg,Meliaceae_Guarea_guidonia_CHGUARGU3_005.jpg,2026_data/human_annotated_eval_set/by_family/Meliaceae/by_genus/Guarea/by_species/guidonia/CHGUARGU3/Meliaceae_Guarea_guidonia_CHGUARGU3_005.jpg,2026_data/sorted_12K/training/by_family/Meliaceae/by_genus/Guarea/by_species/guidonia/CHGUARGU3/Meliaceae_Guarea_guidonia_CHGUARGU3_005.jpg
individual_068,view_01,2026_data/blind_human_annotation_set/images/individual_068/view_01.jpg,Meliaceae_Trichilia_tuberculata_OLTRI2TU6_001.jpg,2026_data/human_annotated_eval_set/by_family/Meliaceae/by_genus/Trichilia/by_species/tuberculata/OLTRI2TU6/Meliaceae_Trichilia_tuberculata_OLTRI2TU6_001.jpg,2026_data/sorted_12K/training/by_family/Meliaceae/by_genus/Trichilia/by_species/tuberculata/OLTRI2TU6/Meliaceae_Trichilia_tuberculata_OLTRI2TU6_001.jpg
individual_068,view_02,2026_data/blind_human_annotation_set/images/individual_068/view_02.jpg,Meliaceae_Trichilia_tuberculata_OLTRI2TU6_002.jpg,2026_data/human_annotated_eval_set/by_family/Meliaceae/by_genus/Trichilia/by_species/tuberculata/OLTRI2TU6/Meliaceae_Trichilia_tuberculata_OLTRI2TU6_002.jpg,2026_data/sorted_12K/training/by_family/Meliaceae/by_genus/Trichilia/by_species/tuberculata/OLTRI2TU6/Meliaceae_Trichilia_tuberculata_OLTRI2TU6_002.jpg
individual_068,view_03,2026_data/blind_human_annotation_set/images/individual_068/view_03.jpg,Meliaceae_Trichilia_tuberculata_OLTRI2TU6_003.jpg,2026_data/human_annotated_eval_set/by_family/Meliaceae/by_genus/Trichilia/by_species/tuberculata/OLTRI2TU6/Meliaceae_Trichilia_tuberculata_OLTRI2TU6_003.jpg,2026_data/sorted_12K/training/by_family/Meliaceae/by_genus/Trichilia/by_species/tuberculata/OLTRI2TU6/Meliaceae_Trichilia_tuberculata_OLTRI2TU6_003.jpg
individual_068,view_04,2026_data/blind_human_annotation_set/images/individual_068/view_04.jpg,Meliaceae_Trichilia_tuberculata_OLTRI2TU6_004.jpg,2026_data/human_annotated_eval_set/by_family/Meliaceae/by_genus/Trichilia/by_species/tuberculata/OLTRI2TU6/Meliaceae_Trichilia_tuberculata_OLTRI2TU6_004.jpg,2026_data/sorted_12K/training/by_family/Meliaceae/by_genus/Trichilia/by_species/tuberculata/OLTRI2TU6/Meliaceae_Trichilia_tuberculata_OLTRI2TU6_004.jpg
individual_068,view_05,2026_data/blind_human_annotation_set/images/individual_068/view_05.jpg,Meliaceae_Trichilia_tuberculata_OLTRI2TU6_005.jpg,2026_data/human_annotated_eval_set/by_family/Meliaceae/by_genus/Trichilia/by_species/tuberculata/OLTRI2TU6/Meliaceae_Trichilia_tuberculata_OLTRI2TU6_005.jpg,2026_data/sorted_12K/training/by_family/Meliaceae/by_genus/Trichilia/by_species/tuberculata/OLTRI2TU6/Meliaceae_Trichilia_tuberculata_OLTRI2TU6_005.jpg
individual_069,view_01,2026_data/blind_human_annotation_set/images/individual_069/view_01.jpg,Menispermaceae_Abuta_racemosa_PPABUTRA10_001.jpg,2026_data/human_annotated_eval_set/by_family/Menispermaceae/by_genus/Abuta/by_species/racemosa/PPABUTRA10/Menispermaceae_Abuta_racemosa_PPABUTRA10_001.jpg,2026_data/sorted_12K/training/by_family/Menispermaceae/by_genus/Abuta/by_species/racemosa/PPABUTRA10/Menispermaceae_Abuta_racemosa_PPABUTRA10_001.jpg
individual_069,view_02,2026_data/blind_human_annotation_set/images/individual_069/view_02.jpg,Menispermaceae_Abuta_racemosa_PPABUTRA10_002.jpg,2026_data/human_annotated_eval_set/by_family/Menispermaceae/by_genus/Abuta/by_species/racemosa/PPABUTRA10/Menispermaceae_Abuta_racemosa_PPABUTRA10_002.jpg,2026_data/sorted_12K/training/by_family/Menispermaceae/by_genus/Abuta/by_species/racemosa/PPABUTRA10/Menispermaceae_Abuta_racemosa_PPABUTRA10_002.jpg
individual_069,view_03,2026_data/blind_human_annotation_set/images/individual_069/view_03.jpg,Menispermaceae_Abuta_racemosa_PPABUTRA10_003.jpg,2026_data/human_annotated_eval_set/by_family/Menispermaceae/by_genus/Abuta/by_species/racemosa/PPABUTRA10/Menispermaceae_Abuta_racemosa_PPABUTRA10_003.jpg,2026_data/sorted_12K/training/by_family/Menispermaceae/by_genus/Abuta/by_species/racemosa/PPABUTRA10/Menispermaceae_Abuta_racemosa_PPABUTRA10_003.jpg
individual_069,view_04,2026_data/blind_human_annotation_set/images/individual_069/view_04.jpg,Menispermaceae_Abuta_racemosa_PPABUTRA10_004.jpg,2026_data/human_annotated_eval_set/by_family/Menispermaceae/by_genus/Abuta/by_species/racemosa/PPABUTRA10/Menispermaceae_Abuta_racemosa_PPABUTRA10_004.jpg,2026_data/sorted_12K/training/by_family/Menispermaceae/by_genus/Abuta/by_species/racemosa/PPABUTRA10/Menispermaceae_Abuta_racemosa_PPABUTRA10_004.jpg
individual_069,view_05,2026_data/blind_human_annotation_set/images/individual_069/view_05.jpg,Menispermaceae_Abuta_racemosa_PPABUTRA10_005.jpg,2026_data/human_annotated_eval_set/by_family/Menispermaceae/by_genus/Abuta/by_species/racemosa/PPABUTRA10/Menispermaceae_Abuta_racemosa_PPABUTRA10_005.jpg,2026_data/sorted_12K/training/by_family/Menispermaceae/by_genus/Abuta/by_species/racemosa/PPABUTRA10/Menispermaceae_Abuta_racemosa_PPABUTRA10_005.jpg
individual_070,view_01,2026_data/blind_human_annotation_set/images/individual_070/view_01.jpg,Moraceae_Brosimum_guianense_SHBROSGU5_001.jpg,2026_data/human_annotated_eval_set/by_family/Moraceae/by_genus/Brosimum/by_species/guianense/SHBROSGU5/Moraceae_Brosimum_guianense_SHBROSGU5_001.jpg,2026_data/sorted_12K/training/by_family/Moraceae/by_genus/Brosimum/by_species/guianense/SHBROSGU5/Moraceae_Brosimum_guianense_SHBROSGU5_001.jpg
individual_070,view_02,2026_data/blind_human_annotation_set/images/individual_070/view_02.jpg,Moraceae_Brosimum_guianense_SHBROSGU5_002.jpg,2026_data/human_annotated_eval_set/by_family/Moraceae/by_genus/Brosimum/by_species/guianense/SHBROSGU5/Moraceae_Brosimum_guianense_SHBROSGU5_002.jpg,2026_data/sorted_12K/training/by_family/Moraceae/by_genus/Brosimum/by_species/guianense/SHBROSGU5/Moraceae_Brosimum_guianense_SHBROSGU5_002.jpg
individual_070,view_03,2026_data/blind_human_annotation_set/images/individual_070/view_03.jpg,Moraceae_Brosimum_guianense_SHBROSGU5_003.jpg,2026_data/human_annotated_eval_set/by_family/Moraceae/by_genus/Brosimum/by_species/guianense/SHBROSGU5/Moraceae_Brosimum_guianense_SHBROSGU5_003.jpg,2026_data/sorted_12K/training/by_family/Moraceae/by_genus/Brosimum/by_species/guianense/SHBROSGU5/Moraceae_Brosimum_guianense_SHBROSGU5_003.jpg
individual_070,view_04,2026_data/blind_human_annotation_set/images/individual_070/view_04.jpg,Moraceae_Brosimum_guianense_SHBROSGU5_004.jpg,2026_data/human_annotated_eval_set/by_family/Moraceae/by_genus/Brosimum/by_species/guianense/SHBROSGU5/Moraceae_Brosimum_guianense_SHBROSGU5_004.jpg,2026_data/sorted_12K/training/by_family/Moraceae/by_genus/Brosimum/by_species/guianense/SHBROSGU5/Moraceae_Brosimum_guianense_SHBROSGU5_004.jpg
individual_070,view_05,2026_data/blind_human_annotation_set/images/individual_070/view_05.jpg,Moraceae_Brosimum_guianense_SHBROSGU5_005.jpg,2026_data/human_annotated_eval_set/by_family/Moraceae/by_genus/Brosimum/by_species/guianense/SHBROSGU5/Moraceae_Brosimum_guianense_SHBROSGU5_005.jpg,2026_data/sorted_12K/training/by_family/Moraceae/by_genus/Brosimum/by_species/guianense/SHBROSGU5/Moraceae_Brosimum_guianense_SHBROSGU5_005.jpg
individual_071,view_01,2026_data/blind_human_annotation_set/images/individual_071/view_01.jpg,Moraceae_Castilla_elastica_MECASTEL6_001.jpg,2026_data/human_annotated_eval_set/by_family/Moraceae/by_genus/Castilla/by_species/elastica/MECASTEL6/Moraceae_Castilla_elastica_MECASTEL6_001.jpg,2026_data/sorted_12K/training/by_family/Moraceae/by_genus/Castilla/by_species/elastica/MECASTEL6/Moraceae_Castilla_elastica_MECASTEL6_001.jpg
individual_071,view_02,2026_data/blind_human_annotation_set/images/individual_071/view_02.jpg,Moraceae_Castilla_elastica_MECASTEL6_002.jpg,2026_data/human_annotated_eval_set/by_family/Moraceae/by_genus/Castilla/by_species/elastica/MECASTEL6/Moraceae_Castilla_elastica_MECASTEL6_002.jpg,2026_data/sorted_12K/training/by_family/Moraceae/by_genus/Castilla/by_species/elastica/MECASTEL6/Moraceae_Castilla_elastica_MECASTEL6_002.jpg
individual_071,view_03,2026_data/blind_human_annotation_set/images/individual_071/view_03.jpg,Moraceae_Castilla_elastica_MECASTEL6_003.jpg,2026_data/human_annotated_eval_set/by_family/Moraceae/by_genus/Castilla/by_species/elastica/MECASTEL6/Moraceae_Castilla_elastica_MECASTEL6_003.jpg,2026_data/sorted_12K/training/by_family/Moraceae/by_genus/Castilla/by_species/elastica/MECASTEL6/Moraceae_Castilla_elastica_MECASTEL6_003.jpg
individual_071,view_04,2026_data/blind_human_annotation_set/images/individual_071/view_04.jpg,Moraceae_Castilla_elastica_MECASTEL6_004.jpg,2026_data/human_annotated_eval_set/by_family/Moraceae/by_genus/Castilla/by_species/elastica/MECASTEL6/Moraceae_Castilla_elastica_MECASTEL6_004.jpg,2026_data/sorted_12K/training/by_family/Moraceae/by_genus/Castilla/by_species/elastica/MECASTEL6/Moraceae_Castilla_elastica_MECASTEL6_004.jpg
individual_071,view_05,2026_data/blind_human_annotation_set/images/individual_071/view_05.jpg,Moraceae_Castilla_elastica_MECASTEL6_005.jpg,2026_data/human_annotated_eval_set/by_family/Moraceae/by_genus/Castilla/by_species/elastica/MECASTEL6/Moraceae_Castilla_elastica_MECASTEL6_005.jpg,2026_data/sorted_12K/training/by_family/Moraceae/by_genus/Castilla/by_species/elastica/MECASTEL6/Moraceae_Castilla_elastica_MECASTEL6_005.jpg
individual_072,view_01,2026_data/blind_human_annotation_set/images/individual_072/view_01.jpg,Moraceae_Maquira_guianensis_BVMAQUCO1_001.jpg,2026_data/human_annotated_eval_set/by_family/Moraceae/by_genus/Maquira/by_species/guianensis/BVMAQUCO1/Moraceae_Maquira_guianensis_BVMAQUCO1_001.jpg,2026_data/sorted_12K/training/by_family/Moraceae/by_genus/Maquira/by_species/guianensis/BVMAQUCO1/Moraceae_Maquira_guianensis_BVMAQUCO1_001.jpg
individual_072,view_02,2026_data/blind_human_annotation_set/images/individual_072/view_02.jpg,Moraceae_Maquira_guianensis_BVMAQUCO1_002.jpg,2026_data/human_annotated_eval_set/by_family/Moraceae/by_genus/Maquira/by_species/guianensis/BVMAQUCO1/Moraceae_Maquira_guianensis_BVMAQUCO1_002.jpg,2026_data/sorted_12K/training/by_family/Moraceae/by_genus/Maquira/by_species/guianensis/BVMAQUCO1/Moraceae_Maquira_guianensis_BVMAQUCO1_002.jpg
individual_072,view_03,2026_data/blind_human_annotation_set/images/individual_072/view_03.jpg,Moraceae_Maquira_guianensis_BVMAQUCO1_003.jpg,2026_data/human_annotated_eval_set/by_family/Moraceae/by_genus/Maquira/by_species/guianensis/BVMAQUCO1/Moraceae_Maquira_guianensis_BVMAQUCO1_003.jpg,2026_data/sorted_12K/training/by_family/Moraceae/by_genus/Maquira/by_species/guianensis/BVMAQUCO1/Moraceae_Maquira_guianensis_BVMAQUCO1_003.jpg
individual_072,view_04,2026_data/blind_human_annotation_set/images/individual_072/view_04.jpg,Moraceae_Maquira_guianensis_BVMAQUCO1_004.jpg,2026_data/human_annotated_eval_set/by_family/Moraceae/by_genus/Maquira/by_species/guianensis/BVMAQUCO1/Moraceae_Maquira_guianensis_BVMAQUCO1_004.jpg,2026_data/sorted_12K/training/by_family/Moraceae/by_genus/Maquira/by_species/guianensis/BVMAQUCO1/Moraceae_Maquira_guianensis_BVMAQUCO1_004.jpg
individual_072,view_05,2026_data/blind_human_annotation_set/images/individual_072/view_05.jpg,Moraceae_Maquira_guianensis_BVMAQUCO1_005.jpg,2026_data/human_annotated_eval_set/by_family/Moraceae/by_genus/Maquira/by_species/guianensis/BVMAQUCO1/Moraceae_Maquira_guianensis_BVMAQUCO1_005.jpg,2026_data/sorted_12K/training/by_family/Moraceae/by_genus/Maquira/by_species/guianensis/BVMAQUCO1/Moraceae_Maquira_guianensis_BVMAQUCO1_005.jpg
individual_073,view_01,2026_data/blind_human_annotation_set/images/individual_073/view_01.jpg,Moraceae_Perebea_xanthochyma_SHPEREXA9_001.jpg,2026_data/human_annotated_eval_set/by_family/Moraceae/by_genus/Perebea/by_species/xanthochyma/SHPEREXA9/Moraceae_Perebea_xanthochyma_SHPEREXA9_001.jpg,2026_data/sorted_12K/training/by_family/Moraceae/by_genus/Perebea/by_species/xanthochyma/SHPEREXA9/Moraceae_Perebea_xanthochyma_SHPEREXA9_001.jpg
individual_073,view_02,2026_data/blind_human_annotation_set/images/individual_073/view_02.jpg,Moraceae_Perebea_xanthochyma_SHPEREXA9_002.jpg,2026_data/human_annotated_eval_set/by_family/Moraceae/by_genus/Perebea/by_species/xanthochyma/SHPEREXA9/Moraceae_Perebea_xanthochyma_SHPEREXA9_002.jpg,2026_data/sorted_12K/training/by_family/Moraceae/by_genus/Perebea/by_species/xanthochyma/SHPEREXA9/Moraceae_Perebea_xanthochyma_SHPEREXA9_002.jpg
individual_073,view_03,2026_data/blind_human_annotation_set/images/individual_073/view_03.jpg,Moraceae_Perebea_xanthochyma_SHPEREXA9_003.jpg,2026_data/human_annotated_eval_set/by_family/Moraceae/by_genus/Perebea/by_species/xanthochyma/SHPEREXA9/Moraceae_Perebea_xanthochyma_SHPEREXA9_003.jpg,2026_data/sorted_12K/training/by_family/Moraceae/by_genus/Perebea/by_species/xanthochyma/SHPEREXA9/Moraceae_Perebea_xanthochyma_SHPEREXA9_003.jpg
individual_073,view_04,2026_data/blind_human_annotation_set/images/individual_073/view_04.jpg,Moraceae_Perebea_xanthochyma_SHPEREXA9_004.jpg,2026_data/human_annotated_eval_set/by_family/Moraceae/by_genus/Perebea/by_species/xanthochyma/SHPEREXA9/Moraceae_Perebea_xanthochyma_SHPEREXA9_004.jpg,2026_data/sorted_12K/training/by_family/Moraceae/by_genus/Perebea/by_species/xanthochyma/SHPEREXA9/Moraceae_Perebea_xanthochyma_SHPEREXA9_004.jpg
individual_073,view_05,2026_data/blind_human_annotation_set/images/individual_073/view_05.jpg,Moraceae_Perebea_xanthochyma_SHPEREXA9_005.jpg,2026_data/human_annotated_eval_set/by_family/Moraceae/by_genus/Perebea/by_species/xanthochyma/SHPEREXA9/Moraceae_Perebea_xanthochyma_SHPEREXA9_005.jpg,2026_data/sorted_12K/training/by_family/Moraceae/by_genus/Perebea/by_species/xanthochyma/SHPEREXA9/Moraceae_Perebea_xanthochyma_SHPEREXA9_005.jpg
individual_074,view_01,2026_data/blind_human_annotation_set/images/individual_074/view_01.jpg,Moraceae_Poulsenia_armata_OLPOULAR2_001.jpg,2026_data/human_annotated_eval_set/by_family/Moraceae/by_genus/Poulsenia/by_species/armata/OLPOULAR2/Moraceae_Poulsenia_armata_OLPOULAR2_001.jpg,2026_data/sorted_12K/training/by_family/Moraceae/by_genus/Poulsenia/by_species/armata/OLPOULAR2/Moraceae_Poulsenia_armata_OLPOULAR2_001.jpg
individual_074,view_02,2026_data/blind_human_annotation_set/images/individual_074/view_02.jpg,Moraceae_Poulsenia_armata_OLPOULAR2_002.jpg,2026_data/human_annotated_eval_set/by_family/Moraceae/by_genus/Poulsenia/by_species/armata/OLPOULAR2/Moraceae_Poulsenia_armata_OLPOULAR2_002.jpg,2026_data/sorted_12K/training/by_family/Moraceae/by_genus/Poulsenia/by_species/armata/OLPOULAR2/Moraceae_Poulsenia_armata_OLPOULAR2_002.jpg
individual_074,view_03,2026_data/blind_human_annotation_set/images/individual_074/view_03.jpg,Moraceae_Poulsenia_armata_OLPOULAR2_003.jpg,2026_data/human_annotated_eval_set/by_family/Moraceae/by_genus/Poulsenia/by_species/armata/OLPOULAR2/Moraceae_Poulsenia_armata_OLPOULAR2_003.jpg,2026_data/sorted_12K/training/by_family/Moraceae/by_genus/Poulsenia/by_species/armata/OLPOULAR2/Moraceae_Poulsenia_armata_OLPOULAR2_003.jpg
individual_074,view_04,2026_data/blind_human_annotation_set/images/individual_074/view_04.jpg,Moraceae_Poulsenia_armata_OLPOULAR2_004.jpg,2026_data/human_annotated_eval_set/by_family/Moraceae/by_genus/Poulsenia/by_species/armata/OLPOULAR2/Moraceae_Poulsenia_armata_OLPOULAR2_004.jpg,2026_data/sorted_12K/training/by_family/Moraceae/by_genus/Poulsenia/by_species/armata/OLPOULAR2/Moraceae_Poulsenia_armata_OLPOULAR2_004.jpg
individual_074,view_05,2026_data/blind_human_annotation_set/images/individual_074/view_05.jpg,Moraceae_Poulsenia_armata_OLPOULAR2_005.jpg,2026_data/human_annotated_eval_set/by_family/Moraceae/by_genus/Poulsenia/by_species/armata/OLPOULAR2/Moraceae_Poulsenia_armata_OLPOULAR2_005.jpg,2026_data/sorted_12K/training/by_family/Moraceae/by_genus/Poulsenia/by_species/armata/OLPOULAR2/Moraceae_Poulsenia_armata_OLPOULAR2_005.jpg
individual_075,view_01,2026_data/blind_human_annotation_set/images/individual_075/view_01.jpg,Moraceae_Sorocea_affinis_BVSOROAF8_001.jpg,2026_data/human_annotated_eval_set/by_family/Moraceae/by_genus/Sorocea/by_species/affinis/BVSOROAF8/Moraceae_Sorocea_affinis_BVSOROAF8_001.jpg,2026_data/sorted_12K/training/by_family/Moraceae/by_genus/Sorocea/by_species/affinis/BVSOROAF8/Moraceae_Sorocea_affinis_BVSOROAF8_001.jpg
individual_075,view_02,2026_data/blind_human_annotation_set/images/individual_075/view_02.jpg,Moraceae_Sorocea_affinis_BVSOROAF8_002.jpg,2026_data/human_annotated_eval_set/by_family/Moraceae/by_genus/Sorocea/by_species/affinis/BVSOROAF8/Moraceae_Sorocea_affinis_BVSOROAF8_002.jpg,2026_data/sorted_12K/training/by_family/Moraceae/by_genus/Sorocea/by_species/affinis/BVSOROAF8/Moraceae_Sorocea_affinis_BVSOROAF8_002.jpg
individual_075,view_03,2026_data/blind_human_annotation_set/images/individual_075/view_03.jpg,Moraceae_Sorocea_affinis_BVSOROAF8_003.jpg,2026_data/human_annotated_eval_set/by_family/Moraceae/by_genus/Sorocea/by_species/affinis/BVSOROAF8/Moraceae_Sorocea_affinis_BVSOROAF8_003.jpg,2026_data/sorted_12K/training/by_family/Moraceae/by_genus/Sorocea/by_species/affinis/BVSOROAF8/Moraceae_Sorocea_affinis_BVSOROAF8_003.jpg
individual_075,view_04,2026_data/blind_human_annotation_set/images/individual_075/view_04.jpg,Moraceae_Sorocea_affinis_BVSOROAF8_004.jpg,2026_data/human_annotated_eval_set/by_family/Moraceae/by_genus/Sorocea/by_species/affinis/BVSOROAF8/Moraceae_Sorocea_affinis_BVSOROAF8_004.jpg,2026_data/sorted_12K/training/by_family/Moraceae/by_genus/Sorocea/by_species/affinis/BVSOROAF8/Moraceae_Sorocea_affinis_BVSOROAF8_004.jpg
individual_075,view_05,2026_data/blind_human_annotation_set/images/individual_075/view_05.jpg,Moraceae_Sorocea_affinis_BVSOROAF8_005.jpg,2026_data/human_annotated_eval_set/by_family/Moraceae/by_genus/Sorocea/by_species/affinis/BVSOROAF8/Moraceae_Sorocea_affinis_BVSOROAF8_005.jpg,2026_data/sorted_12K/training/by_family/Moraceae/by_genus/Sorocea/by_species/affinis/BVSOROAF8/Moraceae_Sorocea_affinis_BVSOROAF8_005.jpg
individual_076,view_01,2026_data/blind_human_annotation_set/images/individual_076/view_01.jpg,Moraceae_Trophis_racemosa_CHTROPRA2_001.jpg,2026_data/human_annotated_eval_set/by_family/Moraceae/by_genus/Trophis/by_species/racemosa/CHTROPRA2/Moraceae_Trophis_racemosa_CHTROPRA2_001.jpg,2026_data/sorted_12K/training/by_family/Moraceae/by_genus/Trophis/by_species/racemosa/CHTROPRA2/Moraceae_Trophis_racemosa_CHTROPRA2_001.jpg
individual_076,view_02,2026_data/blind_human_annotation_set/images/individual_076/view_02.jpg,Moraceae_Trophis_racemosa_CHTROPRA2_002.jpg,2026_data/human_annotated_eval_set/by_family/Moraceae/by_genus/Trophis/by_species/racemosa/CHTROPRA2/Moraceae_Trophis_racemosa_CHTROPRA2_002.jpg,2026_data/sorted_12K/training/by_family/Moraceae/by_genus/Trophis/by_species/racemosa/CHTROPRA2/Moraceae_Trophis_racemosa_CHTROPRA2_002.jpg
individual_076,view_03,2026_data/blind_human_annotation_set/images/individual_076/view_03.jpg,Moraceae_Trophis_racemosa_CHTROPRA2_003.jpg,2026_data/human_annotated_eval_set/by_family/Moraceae/by_genus/Trophis/by_species/racemosa/CHTROPRA2/Moraceae_Trophis_racemosa_CHTROPRA2_003.jpg,2026_data/sorted_12K/training/by_family/Moraceae/by_genus/Trophis/by_species/racemosa/CHTROPRA2/Moraceae_Trophis_racemosa_CHTROPRA2_003.jpg
individual_076,view_04,2026_data/blind_human_annotation_set/images/individual_076/view_04.jpg,Moraceae_Trophis_racemosa_CHTROPRA2_004.jpg,2026_data/human_annotated_eval_set/by_family/Moraceae/by_genus/Trophis/by_species/racemosa/CHTROPRA2/Moraceae_Trophis_racemosa_CHTROPRA2_004.jpg,2026_data/sorted_12K/training/by_family/Moraceae/by_genus/Trophis/by_species/racemosa/CHTROPRA2/Moraceae_Trophis_racemosa_CHTROPRA2_004.jpg
individual_076,view_05,2026_data/blind_human_annotation_set/images/individual_076/view_05.jpg,Moraceae_Trophis_racemosa_CHTROPRA2_005.jpg,2026_data/human_annotated_eval_set/by_family/Moraceae/by_genus/Trophis/by_species/racemosa/CHTROPRA2/Moraceae_Trophis_racemosa_CHTROPRA2_005.jpg,2026_data/sorted_12K/training/by_family/Moraceae/by_genus/Trophis/by_species/racemosa/CHTROPRA2/Moraceae_Trophis_racemosa_CHTROPRA2_005.jpg
individual_077,view_01,2026_data/blind_human_annotation_set/images/individual_077/view_01.jpg,Myristicaceae_Virola_sebifera_SRVIROSE4_001.jpg,2026_data/human_annotated_eval_set/by_family/Myristicaceae/by_genus/Virola/by_species/sebifera/SRVIROSE4/Myristicaceae_Virola_sebifera_SRVIROSE4_001.jpg,2026_data/sorted_12K/training/by_family/Myristicaceae/by_genus/Virola/by_species/sebifera/SRVIROSE4/Myristicaceae_Virola_sebifera_SRVIROSE4_001.jpg
individual_077,view_02,2026_data/blind_human_annotation_set/images/individual_077/view_02.jpg,Myristicaceae_Virola_sebifera_SRVIROSE4_002.jpg,2026_data/human_annotated_eval_set/by_family/Myristicaceae/by_genus/Virola/by_species/sebifera/SRVIROSE4/Myristicaceae_Virola_sebifera_SRVIROSE4_002.jpg,2026_data/sorted_12K/training/by_family/Myristicaceae/by_genus/Virola/by_species/sebifera/SRVIROSE4/Myristicaceae_Virola_sebifera_SRVIROSE4_002.jpg
individual_077,view_03,2026_data/blind_human_annotation_set/images/individual_077/view_03.jpg,Myristicaceae_Virola_sebifera_SRVIROSE4_003.jpg,2026_data/human_annotated_eval_set/by_family/Myristicaceae/by_genus/Virola/by_species/sebifera/SRVIROSE4/Myristicaceae_Virola_sebifera_SRVIROSE4_003.jpg,2026_data/sorted_12K/training/by_family/Myristicaceae/by_genus/Virola/by_species/sebifera/SRVIROSE4/Myristicaceae_Virola_sebifera_SRVIROSE4_003.jpg
individual_077,view_04,2026_data/blind_human_annotation_set/images/individual_077/view_04.jpg,Myristicaceae_Virola_sebifera_SRVIROSE4_004.jpg,2026_data/human_annotated_eval_set/by_family/Myristicaceae/by_genus/Virola/by_species/sebifera/SRVIROSE4/Myristicaceae_Virola_sebifera_SRVIROSE4_004.jpg,2026_data/sorted_12K/training/by_family/Myristicaceae/by_genus/Virola/by_species/sebifera/SRVIROSE4/Myristicaceae_Virola_sebifera_SRVIROSE4_004.jpg
individual_077,view_05,2026_data/blind_human_annotation_set/images/individual_077/view_05.jpg,Myristicaceae_Virola_sebifera_SRVIROSE4_005.jpg,2026_data/human_annotated_eval_set/by_family/Myristicaceae/by_genus/Virola/by_species/sebifera/SRVIROSE4/Myristicaceae_Virola_sebifera_SRVIROSE4_005.jpg,2026_data/sorted_12K/training/by_family/Myristicaceae/by_genus/Virola/by_species/sebifera/SRVIROSE4/Myristicaceae_Virola_sebifera_SRVIROSE4_005.jpg
individual_078,view_01,2026_data/blind_human_annotation_set/images/individual_078/view_01.jpg,Myrtaceae_Eugenia_nesiotica_BAR0299_001.jpg,2026_data/human_annotated_eval_set/by_family/Myrtaceae/by_genus/Eugenia/by_species/nesiotica/BAR0299/Myrtaceae_Eugenia_nesiotica_BAR0299_001.jpg,2026_data/sorted_12K/training/by_family/Myrtaceae/by_genus/Eugenia/by_species/nesiotica/BAR0299/Myrtaceae_Eugenia_nesiotica_BAR0299_001.jpg
individual_078,view_02,2026_data/blind_human_annotation_set/images/individual_078/view_02.jpg,Myrtaceae_Eugenia_nesiotica_BAR0299_002.jpg,2026_data/human_annotated_eval_set/by_family/Myrtaceae/by_genus/Eugenia/by_species/nesiotica/BAR0299/Myrtaceae_Eugenia_nesiotica_BAR0299_002.jpg,2026_data/sorted_12K/training/by_family/Myrtaceae/by_genus/Eugenia/by_species/nesiotica/BAR0299/Myrtaceae_Eugenia_nesiotica_BAR0299_002.jpg
individual_078,view_03,2026_data/blind_human_annotation_set/images/individual_078/view_03.jpg,Myrtaceae_Eugenia_nesiotica_BAR0299_003.jpg,2026_data/human_annotated_eval_set/by_family/Myrtaceae/by_genus/Eugenia/by_species/nesiotica/BAR0299/Myrtaceae_Eugenia_nesiotica_BAR0299_003.jpg,2026_data/sorted_12K/training/by_family/Myrtaceae/by_genus/Eugenia/by_species/nesiotica/BAR0299/Myrtaceae_Eugenia_nesiotica_BAR0299_003.jpg
individual_078,view_04,2026_data/blind_human_annotation_set/images/individual_078/view_04.jpg,Myrtaceae_Eugenia_nesiotica_BAR0299_004.jpg,2026_data/human_annotated_eval_set/by_family/Myrtaceae/by_genus/Eugenia/by_species/nesiotica/BAR0299/Myrtaceae_Eugenia_nesiotica_BAR0299_004.jpg,2026_data/sorted_12K/training/by_family/Myrtaceae/by_genus/Eugenia/by_species/nesiotica/BAR0299/Myrtaceae_Eugenia_nesiotica_BAR0299_004.jpg
individual_078,view_05,2026_data/blind_human_annotation_set/images/individual_078/view_05.jpg,Myrtaceae_Eugenia_nesiotica_BAR0299_005.jpg,2026_data/human_annotated_eval_set/by_family/Myrtaceae/by_genus/Eugenia/by_species/nesiotica/BAR0299/Myrtaceae_Eugenia_nesiotica_BAR0299_005.jpg,2026_data/sorted_12K/training/by_family/Myrtaceae/by_genus/Eugenia/by_species/nesiotica/BAR0299/Myrtaceae_Eugenia_nesiotica_BAR0299_005.jpg
individual_079,view_01,2026_data/blind_human_annotation_set/images/individual_079/view_01.jpg,Myrtaceae_Myrcia_splendens_SRMYRCAGA3_001.jpg,2026_data/human_annotated_eval_set/by_family/Myrtaceae/by_genus/Myrcia/by_species/splendens/SRMYRCAGA3/Myrtaceae_Myrcia_splendens_SRMYRCAGA3_001.jpg,2026_data/sorted_12K/training/by_family/Myrtaceae/by_genus/Myrcia/by_species/splendens/SRMYRCAGA3/Myrtaceae_Myrcia_splendens_SRMYRCAGA3_001.jpg
individual_079,view_02,2026_data/blind_human_annotation_set/images/individual_079/view_02.jpg,Myrtaceae_Myrcia_splendens_SRMYRCAGA3_002.jpg,2026_data/human_annotated_eval_set/by_family/Myrtaceae/by_genus/Myrcia/by_species/splendens/SRMYRCAGA3/Myrtaceae_Myrcia_splendens_SRMYRCAGA3_002.jpg,2026_data/sorted_12K/training/by_family/Myrtaceae/by_genus/Myrcia/by_species/splendens/SRMYRCAGA3/Myrtaceae_Myrcia_splendens_SRMYRCAGA3_002.jpg
individual_079,view_03,2026_data/blind_human_annotation_set/images/individual_079/view_03.jpg,Myrtaceae_Myrcia_splendens_SRMYRCAGA3_003.jpg,2026_data/human_annotated_eval_set/by_family/Myrtaceae/by_genus/Myrcia/by_species/splendens/SRMYRCAGA3/Myrtaceae_Myrcia_splendens_SRMYRCAGA3_003.jpg,2026_data/sorted_12K/training/by_family/Myrtaceae/by_genus/Myrcia/by_species/splendens/SRMYRCAGA3/Myrtaceae_Myrcia_splendens_SRMYRCAGA3_003.jpg
individual_079,view_04,2026_data/blind_human_annotation_set/images/individual_079/view_04.jpg,Myrtaceae_Myrcia_splendens_SRMYRCAGA3_004.jpg,2026_data/human_annotated_eval_set/by_family/Myrtaceae/by_genus/Myrcia/by_species/splendens/SRMYRCAGA3/Myrtaceae_Myrcia_splendens_SRMYRCAGA3_004.jpg,2026_data/sorted_12K/training/by_family/Myrtaceae/by_genus/Myrcia/by_species/splendens/SRMYRCAGA3/Myrtaceae_Myrcia_splendens_SRMYRCAGA3_004.jpg
individual_079,view_05,2026_data/blind_human_annotation_set/images/individual_079/view_05.jpg,Myrtaceae_Myrcia_splendens_SRMYRCAGA3_005.jpg,2026_data/human_annotated_eval_set/by_family/Myrtaceae/by_genus/Myrcia/by_species/splendens/SRMYRCAGA3/Myrtaceae_Myrcia_splendens_SRMYRCAGA3_005.jpg,2026_data/sorted_12K/training/by_family/Myrtaceae/by_genus/Myrcia/by_species/splendens/SRMYRCAGA3/Myrtaceae_Myrcia_splendens_SRMYRCAGA3_005.jpg
individual_080,view_01,2026_data/blind_human_annotation_set/images/individual_080/view_01.jpg,Ochnaceae_Ouratea_sulcatinervia_SROURASU5_001.jpg,2026_data/human_annotated_eval_set/by_family/Ochnaceae/by_genus/Ouratea/by_species/sulcatinervia/SROURASU5/Ochnaceae_Ouratea_sulcatinervia_SROURASU5_001.jpg,2026_data/sorted_12K/training/by_family/Ochnaceae/by_genus/Ouratea/by_species/sulcatinervia/SROURASU5/Ochnaceae_Ouratea_sulcatinervia_SROURASU5_001.jpg
individual_080,view_02,2026_data/blind_human_annotation_set/images/individual_080/view_02.jpg,Ochnaceae_Ouratea_sulcatinervia_SROURASU5_002.jpg,2026_data/human_annotated_eval_set/by_family/Ochnaceae/by_genus/Ouratea/by_species/sulcatinervia/SROURASU5/Ochnaceae_Ouratea_sulcatinervia_SROURASU5_002.jpg,2026_data/sorted_12K/training/by_family/Ochnaceae/by_genus/Ouratea/by_species/sulcatinervia/SROURASU5/Ochnaceae_Ouratea_sulcatinervia_SROURASU5_002.jpg
individual_080,view_03,2026_data/blind_human_annotation_set/images/individual_080/view_03.jpg,Ochnaceae_Ouratea_sulcatinervia_SROURASU5_003.jpg,2026_data/human_annotated_eval_set/by_family/Ochnaceae/by_genus/Ouratea/by_species/sulcatinervia/SROURASU5/Ochnaceae_Ouratea_sulcatinervia_SROURASU5_003.jpg,2026_data/sorted_12K/training/by_family/Ochnaceae/by_genus/Ouratea/by_species/sulcatinervia/SROURASU5/Ochnaceae_Ouratea_sulcatinervia_SROURASU5_003.jpg
individual_080,view_04,2026_data/blind_human_annotation_set/images/individual_080/view_04.jpg,Ochnaceae_Ouratea_sulcatinervia_SROURASU5_004.jpg,2026_data/human_annotated_eval_set/by_family/Ochnaceae/by_genus/Ouratea/by_species/sulcatinervia/SROURASU5/Ochnaceae_Ouratea_sulcatinervia_SROURASU5_004.jpg,2026_data/sorted_12K/training/by_family/Ochnaceae/by_genus/Ouratea/by_species/sulcatinervia/SROURASU5/Ochnaceae_Ouratea_sulcatinervia_SROURASU5_004.jpg
individual_080,view_05,2026_data/blind_human_annotation_set/images/individual_080/view_05.jpg,Ochnaceae_Ouratea_sulcatinervia_SROURASU5_005.jpg,2026_data/human_annotated_eval_set/by_family/Ochnaceae/by_genus/Ouratea/by_species/sulcatinervia/SROURASU5/Ochnaceae_Ouratea_sulcatinervia_SROURASU5_005.jpg,2026_data/sorted_12K/training/by_family/Ochnaceae/by_genus/Ouratea/by_species/sulcatinervia/SROURASU5/Ochnaceae_Ouratea_sulcatinervia_SROURASU5_005.jpg
individual_081,view_01,2026_data/blind_human_annotation_set/images/individual_081/view_01.jpg,Olacaceae_Heisteria_acuminata_BVHEISAC9_001.jpg,2026_data/human_annotated_eval_set/by_family/Olacaceae/by_genus/Heisteria/by_species/acuminata/BVHEISAC9/Olacaceae_Heisteria_acuminata_BVHEISAC9_001.jpg,2026_data/sorted_12K/training/by_family/Olacaceae/by_genus/Heisteria/by_species/acuminata/BVHEISAC9/Olacaceae_Heisteria_acuminata_BVHEISAC9_001.jpg
individual_081,view_02,2026_data/blind_human_annotation_set/images/individual_081/view_02.jpg,Olacaceae_Heisteria_acuminata_BVHEISAC9_002.jpg,2026_data/human_annotated_eval_set/by_family/Olacaceae/by_genus/Heisteria/by_species/acuminata/BVHEISAC9/Olacaceae_Heisteria_acuminata_BVHEISAC9_002.jpg,2026_data/sorted_12K/training/by_family/Olacaceae/by_genus/Heisteria/by_species/acuminata/BVHEISAC9/Olacaceae_Heisteria_acuminata_BVHEISAC9_002.jpg
individual_081,view_03,2026_data/blind_human_annotation_set/images/individual_081/view_03.jpg,Olacaceae_Heisteria_acuminata_BVHEISAC9_003.jpg,2026_data/human_annotated_eval_set/by_family/Olacaceae/by_genus/Heisteria/by_species/acuminata/BVHEISAC9/Olacaceae_Heisteria_acuminata_BVHEISAC9_003.jpg,2026_data/sorted_12K/training/by_family/Olacaceae/by_genus/Heisteria/by_species/acuminata/BVHEISAC9/Olacaceae_Heisteria_acuminata_BVHEISAC9_003.jpg
individual_081,view_04,2026_data/blind_human_annotation_set/images/individual_081/view_04.jpg,Olacaceae_Heisteria_acuminata_BVHEISAC9_004.jpg,2026_data/human_annotated_eval_set/by_family/Olacaceae/by_genus/Heisteria/by_species/acuminata/BVHEISAC9/Olacaceae_Heisteria_acuminata_BVHEISAC9_004.jpg,2026_data/sorted_12K/training/by_family/Olacaceae/by_genus/Heisteria/by_species/acuminata/BVHEISAC9/Olacaceae_Heisteria_acuminata_BVHEISAC9_004.jpg
individual_081,view_05,2026_data/blind_human_annotation_set/images/individual_081/view_05.jpg,Olacaceae_Heisteria_acuminata_BVHEISAC9_005.jpg,2026_data/human_annotated_eval_set/by_family/Olacaceae/by_genus/Heisteria/by_species/acuminata/BVHEISAC9/Olacaceae_Heisteria_acuminata_BVHEISAC9_005.jpg,2026_data/sorted_12K/training/by_family/Olacaceae/by_genus/Heisteria/by_species/acuminata/BVHEISAC9/Olacaceae_Heisteria_acuminata_BVHEISAC9_005.jpg
individual_082,view_01,2026_data/blind_human_annotation_set/images/individual_082/view_01.jpg,Peraceae_Pera_arborea_SHPERAAR2_001.jpg,2026_data/human_annotated_eval_set/by_family/Peraceae/by_genus/Pera/by_species/arborea/SHPERAAR2/Peraceae_Pera_arborea_SHPERAAR2_001.jpg,2026_data/sorted_12K/training/by_family/Peraceae/by_genus/Pera/by_species/arborea/SHPERAAR2/Peraceae_Pera_arborea_SHPERAAR2_001.jpg
individual_082,view_02,2026_data/blind_human_annotation_set/images/individual_082/view_02.jpg,Peraceae_Pera_arborea_SHPERAAR2_002.jpg,2026_data/human_annotated_eval_set/by_family/Peraceae/by_genus/Pera/by_species/arborea/SHPERAAR2/Peraceae_Pera_arborea_SHPERAAR2_002.jpg,2026_data/sorted_12K/training/by_family/Peraceae/by_genus/Pera/by_species/arborea/SHPERAAR2/Peraceae_Pera_arborea_SHPERAAR2_002.jpg
individual_082,view_03,2026_data/blind_human_annotation_set/images/individual_082/view_03.jpg,Peraceae_Pera_arborea_SHPERAAR2_003.jpg,2026_data/human_annotated_eval_set/by_family/Peraceae/by_genus/Pera/by_species/arborea/SHPERAAR2/Peraceae_Pera_arborea_SHPERAAR2_003.jpg,2026_data/sorted_12K/training/by_family/Peraceae/by_genus/Pera/by_species/arborea/SHPERAAR2/Peraceae_Pera_arborea_SHPERAAR2_003.jpg
individual_082,view_04,2026_data/blind_human_annotation_set/images/individual_082/view_04.jpg,Peraceae_Pera_arborea_SHPERAAR2_004.jpg,2026_data/human_annotated_eval_set/by_family/Peraceae/by_genus/Pera/by_species/arborea/SHPERAAR2/Peraceae_Pera_arborea_SHPERAAR2_004.jpg,2026_data/sorted_12K/training/by_family/Peraceae/by_genus/Pera/by_species/arborea/SHPERAAR2/Peraceae_Pera_arborea_SHPERAAR2_004.jpg
individual_082,view_05,2026_data/blind_human_annotation_set/images/individual_082/view_05.jpg,Peraceae_Pera_arborea_SHPERAAR2_005.jpg,2026_data/human_annotated_eval_set/by_family/Peraceae/by_genus/Pera/by_species/arborea/SHPERAAR2/Peraceae_Pera_arborea_SHPERAAR2_005.jpg,2026_data/sorted_12K/training/by_family/Peraceae/by_genus/Pera/by_species/arborea/SHPERAAR2/Peraceae_Pera_arborea_SHPERAAR2_005.jpg
individual_083,view_01,2026_data/blind_human_annotation_set/images/individual_083/view_01.jpg,Picramniaceae_Picramnia_latifolia_MEPICRLA10_001.jpg,2026_data/human_annotated_eval_set/by_family/Picramniaceae/by_genus/Picramnia/by_species/latifolia/MEPICRLA10/Picramniaceae_Picramnia_latifolia_MEPICRLA10_001.jpg,2026_data/sorted_12K/training/by_family/Picramniaceae/by_genus/Picramnia/by_species/latifolia/MEPICRLA10/Picramniaceae_Picramnia_latifolia_MEPICRLA10_001.jpg
individual_083,view_02,2026_data/blind_human_annotation_set/images/individual_083/view_02.jpg,Picramniaceae_Picramnia_latifolia_MEPICRLA10_002.jpg,2026_data/human_annotated_eval_set/by_family/Picramniaceae/by_genus/Picramnia/by_species/latifolia/MEPICRLA10/Picramniaceae_Picramnia_latifolia_MEPICRLA10_002.jpg,2026_data/sorted_12K/training/by_family/Picramniaceae/by_genus/Picramnia/by_species/latifolia/MEPICRLA10/Picramniaceae_Picramnia_latifolia_MEPICRLA10_002.jpg
individual_083,view_03,2026_data/blind_human_annotation_set/images/individual_083/view_03.jpg,Picramniaceae_Picramnia_latifolia_MEPICRLA10_003.jpg,2026_data/human_annotated_eval_set/by_family/Picramniaceae/by_genus/Picramnia/by_species/latifolia/MEPICRLA10/Picramniaceae_Picramnia_latifolia_MEPICRLA10_003.jpg,2026_data/sorted_12K/training/by_family/Picramniaceae/by_genus/Picramnia/by_species/latifolia/MEPICRLA10/Picramniaceae_Picramnia_latifolia_MEPICRLA10_003.jpg
individual_083,view_04,2026_data/blind_human_annotation_set/images/individual_083/view_04.jpg,Picramniaceae_Picramnia_latifolia_MEPICRLA10_004.jpg,2026_data/human_annotated_eval_set/by_family/Picramniaceae/by_genus/Picramnia/by_species/latifolia/MEPICRLA10/Picramniaceae_Picramnia_latifolia_MEPICRLA10_004.jpg,2026_data/sorted_12K/training/by_family/Picramniaceae/by_genus/Picramnia/by_species/latifolia/MEPICRLA10/Picramniaceae_Picramnia_latifolia_MEPICRLA10_004.jpg
individual_083,view_05,2026_data/blind_human_annotation_set/images/individual_083/view_05.jpg,Picramniaceae_Picramnia_latifolia_MEPICRLA10_005.jpg,2026_data/human_annotated_eval_set/by_family/Picramniaceae/by_genus/Picramnia/by_species/latifolia/MEPICRLA10/Picramniaceae_Picramnia_latifolia_MEPICRLA10_005.jpg,2026_data/sorted_12K/training/by_family/Picramniaceae/by_genus/Picramnia/by_species/latifolia/MEPICRLA10/Picramniaceae_Picramnia_latifolia_MEPICRLA10_005.jpg
individual_084,view_01,2026_data/blind_human_annotation_set/images/individual_084/view_01.jpg,Piperaceae_Piper_aequale_PPPIPEAE3_001.jpg,2026_data/human_annotated_eval_set/by_family/Piperaceae/by_genus/Piper/by_species/aequale/PPPIPEAE3/Piperaceae_Piper_aequale_PPPIPEAE3_001.jpg,2026_data/sorted_12K/training/by_family/Piperaceae/by_genus/Piper/by_species/aequale/PPPIPEAE3/Piperaceae_Piper_aequale_PPPIPEAE3_001.jpg
individual_084,view_02,2026_data/blind_human_annotation_set/images/individual_084/view_02.jpg,Piperaceae_Piper_aequale_PPPIPEAE3_002.jpg,2026_data/human_annotated_eval_set/by_family/Piperaceae/by_genus/Piper/by_species/aequale/PPPIPEAE3/Piperaceae_Piper_aequale_PPPIPEAE3_002.jpg,2026_data/sorted_12K/training/by_family/Piperaceae/by_genus/Piper/by_species/aequale/PPPIPEAE3/Piperaceae_Piper_aequale_PPPIPEAE3_002.jpg
individual_084,view_03,2026_data/blind_human_annotation_set/images/individual_084/view_03.jpg,Piperaceae_Piper_aequale_PPPIPEAE3_003.jpg,2026_data/human_annotated_eval_set/by_family/Piperaceae/by_genus/Piper/by_species/aequale/PPPIPEAE3/Piperaceae_Piper_aequale_PPPIPEAE3_003.jpg,2026_data/sorted_12K/training/by_family/Piperaceae/by_genus/Piper/by_species/aequale/PPPIPEAE3/Piperaceae_Piper_aequale_PPPIPEAE3_003.jpg
individual_084,view_04,2026_data/blind_human_annotation_set/images/individual_084/view_04.jpg,Piperaceae_Piper_aequale_PPPIPEAE3_004.jpg,2026_data/human_annotated_eval_set/by_family/Piperaceae/by_genus/Piper/by_species/aequale/PPPIPEAE3/Piperaceae_Piper_aequale_PPPIPEAE3_004.jpg,2026_data/sorted_12K/training/by_family/Piperaceae/by_genus/Piper/by_species/aequale/PPPIPEAE3/Piperaceae_Piper_aequale_PPPIPEAE3_004.jpg
individual_084,view_05,2026_data/blind_human_annotation_set/images/individual_084/view_05.jpg,Piperaceae_Piper_aequale_PPPIPEAE3_005.jpg,2026_data/human_annotated_eval_set/by_family/Piperaceae/by_genus/Piper/by_species/aequale/PPPIPEAE3/Piperaceae_Piper_aequale_PPPIPEAE3_005.jpg,2026_data/sorted_12K/training/by_family/Piperaceae/by_genus/Piper/by_species/aequale/PPPIPEAE3/Piperaceae_Piper_aequale_PPPIPEAE3_005.jpg
individual_085,view_01,2026_data/blind_human_annotation_set/images/individual_085/view_01.jpg,Polygonaceae_Coccoloba_excelsa_SRCOCCP16_001.jpg,2026_data/human_annotated_eval_set/by_family/Polygonaceae/by_genus/Coccoloba/by_species/excelsa/SRCOCCP16/Polygonaceae_Coccoloba_excelsa_SRCOCCP16_001.jpg,2026_data/sorted_12K/training/by_family/Polygonaceae/by_genus/Coccoloba/by_species/excelsa/SRCOCCP16/Polygonaceae_Coccoloba_excelsa_SRCOCCP16_001.jpg
individual_085,view_02,2026_data/blind_human_annotation_set/images/individual_085/view_02.jpg,Polygonaceae_Coccoloba_excelsa_SRCOCCP16_002.jpg,2026_data/human_annotated_eval_set/by_family/Polygonaceae/by_genus/Coccoloba/by_species/excelsa/SRCOCCP16/Polygonaceae_Coccoloba_excelsa_SRCOCCP16_002.jpg,2026_data/sorted_12K/training/by_family/Polygonaceae/by_genus/Coccoloba/by_species/excelsa/SRCOCCP16/Polygonaceae_Coccoloba_excelsa_SRCOCCP16_002.jpg
individual_085,view_03,2026_data/blind_human_annotation_set/images/individual_085/view_03.jpg,Polygonaceae_Coccoloba_excelsa_SRCOCCP16_003.jpg,2026_data/human_annotated_eval_set/by_family/Polygonaceae/by_genus/Coccoloba/by_species/excelsa/SRCOCCP16/Polygonaceae_Coccoloba_excelsa_SRCOCCP16_003.jpg,2026_data/sorted_12K/training/by_family/Polygonaceae/by_genus/Coccoloba/by_species/excelsa/SRCOCCP16/Polygonaceae_Coccoloba_excelsa_SRCOCCP16_003.jpg
individual_085,view_04,2026_data/blind_human_annotation_set/images/individual_085/view_04.jpg,Polygonaceae_Coccoloba_excelsa_SRCOCCP16_004.jpg,2026_data/human_annotated_eval_set/by_family/Polygonaceae/by_genus/Coccoloba/by_species/excelsa/SRCOCCP16/Polygonaceae_Coccoloba_excelsa_SRCOCCP16_004.jpg,2026_data/sorted_12K/training/by_family/Polygonaceae/by_genus/Coccoloba/by_species/excelsa/SRCOCCP16/Polygonaceae_Coccoloba_excelsa_SRCOCCP16_004.jpg
individual_085,view_05,2026_data/blind_human_annotation_set/images/individual_085/view_05.jpg,Polygonaceae_Coccoloba_excelsa_SRCOCCP16_005.jpg,2026_data/human_annotated_eval_set/by_family/Polygonaceae/by_genus/Coccoloba/by_species/excelsa/SRCOCCP16/Polygonaceae_Coccoloba_excelsa_SRCOCCP16_005.jpg,2026_data/sorted_12K/training/by_family/Polygonaceae/by_genus/Coccoloba/by_species/excelsa/SRCOCCP16/Polygonaceae_Coccoloba_excelsa_SRCOCCP16_005.jpg
individual_085,view_06,2026_data/blind_human_annotation_set/images/individual_085/view_06.jpg,Polygonaceae_Coccoloba_excelsa_SRCOCCP16_006.jpg,2026_data/human_annotated_eval_set/by_family/Polygonaceae/by_genus/Coccoloba/by_species/excelsa/SRCOCCP16/Polygonaceae_Coccoloba_excelsa_SRCOCCP16_006.jpg,2026_data/sorted_12K/training/by_family/Polygonaceae/by_genus/Coccoloba/by_species/excelsa/SRCOCCP16/Polygonaceae_Coccoloba_excelsa_SRCOCCP16_006.jpg
individual_086,view_01,2026_data/blind_human_annotation_set/images/individual_086/view_01.jpg,Primulaceae_Ardisia_pellucida_CHARDIPE7_001.jpg,2026_data/human_annotated_eval_set/by_family/Primulaceae/by_genus/Ardisia/by_species/pellucida/CHARDIPE7/Primulaceae_Ardisia_pellucida_CHARDIPE7_001.jpg,2026_data/sorted_12K/training/by_family/Primulaceae/by_genus/Ardisia/by_species/pellucida/CHARDIPE7/Primulaceae_Ardisia_pellucida_CHARDIPE7_001.jpg
individual_086,view_02,2026_data/blind_human_annotation_set/images/individual_086/view_02.jpg,Primulaceae_Ardisia_pellucida_CHARDIPE7_002.jpg,2026_data/human_annotated_eval_set/by_family/Primulaceae/by_genus/Ardisia/by_species/pellucida/CHARDIPE7/Primulaceae_Ardisia_pellucida_CHARDIPE7_002.jpg,2026_data/sorted_12K/training/by_family/Primulaceae/by_genus/Ardisia/by_species/pellucida/CHARDIPE7/Primulaceae_Ardisia_pellucida_CHARDIPE7_002.jpg
individual_086,view_03,2026_data/blind_human_annotation_set/images/individual_086/view_03.jpg,Primulaceae_Ardisia_pellucida_CHARDIPE7_003.jpg,2026_data/human_annotated_eval_set/by_family/Primulaceae/by_genus/Ardisia/by_species/pellucida/CHARDIPE7/Primulaceae_Ardisia_pellucida_CHARDIPE7_003.jpg,2026_data/sorted_12K/training/by_family/Primulaceae/by_genus/Ardisia/by_species/pellucida/CHARDIPE7/Primulaceae_Ardisia_pellucida_CHARDIPE7_003.jpg
individual_086,view_04,2026_data/blind_human_annotation_set/images/individual_086/view_04.jpg,Primulaceae_Ardisia_pellucida_CHARDIPE7_004.jpg,2026_data/human_annotated_eval_set/by_family/Primulaceae/by_genus/Ardisia/by_species/pellucida/CHARDIPE7/Primulaceae_Ardisia_pellucida_CHARDIPE7_004.jpg,2026_data/sorted_12K/training/by_family/Primulaceae/by_genus/Ardisia/by_species/pellucida/CHARDIPE7/Primulaceae_Ardisia_pellucida_CHARDIPE7_004.jpg
individual_086,view_05,2026_data/blind_human_annotation_set/images/individual_086/view_05.jpg,Primulaceae_Ardisia_pellucida_CHARDIPE7_005.jpg,2026_data/human_annotated_eval_set/by_family/Primulaceae/by_genus/Ardisia/by_species/pellucida/CHARDIPE7/Primulaceae_Ardisia_pellucida_CHARDIPE7_005.jpg,2026_data/sorted_12K/training/by_family/Primulaceae/by_genus/Ardisia/by_species/pellucida/CHARDIPE7/Primulaceae_Ardisia_pellucida_CHARDIPE7_005.jpg
individual_087,view_01,2026_data/blind_human_annotation_set/images/individual_087/view_01.jpg,Primulaceae_Stylogyne_turbacensis_PPSTYLTU5_001.jpg,2026_data/human_annotated_eval_set/by_family/Primulaceae/by_genus/Stylogyne/by_species/turbacensis/PPSTYLTU5/Primulaceae_Stylogyne_turbacensis_PPSTYLTU5_001.jpg,2026_data/sorted_12K/training/by_family/Primulaceae/by_genus/Stylogyne/by_species/turbacensis/PPSTYLTU5/Primulaceae_Stylogyne_turbacensis_PPSTYLTU5_001.jpg
individual_087,view_02,2026_data/blind_human_annotation_set/images/individual_087/view_02.jpg,Primulaceae_Stylogyne_turbacensis_PPSTYLTU5_002.jpg,2026_data/human_annotated_eval_set/by_family/Primulaceae/by_genus/Stylogyne/by_species/turbacensis/PPSTYLTU5/Primulaceae_Stylogyne_turbacensis_PPSTYLTU5_002.jpg,2026_data/sorted_12K/training/by_family/Primulaceae/by_genus/Stylogyne/by_species/turbacensis/PPSTYLTU5/Primulaceae_Stylogyne_turbacensis_PPSTYLTU5_002.jpg
individual_087,view_03,2026_data/blind_human_annotation_set/images/individual_087/view_03.jpg,Primulaceae_Stylogyne_turbacensis_PPSTYLTU5_003.jpg,2026_data/human_annotated_eval_set/by_family/Primulaceae/by_genus/Stylogyne/by_species/turbacensis/PPSTYLTU5/Primulaceae_Stylogyne_turbacensis_PPSTYLTU5_003.jpg,2026_data/sorted_12K/training/by_family/Primulaceae/by_genus/Stylogyne/by_species/turbacensis/PPSTYLTU5/Primulaceae_Stylogyne_turbacensis_PPSTYLTU5_003.jpg
individual_087,view_04,2026_data/blind_human_annotation_set/images/individual_087/view_04.jpg,Primulaceae_Stylogyne_turbacensis_PPSTYLTU5_004.jpg,2026_data/human_annotated_eval_set/by_family/Primulaceae/by_genus/Stylogyne/by_species/turbacensis/PPSTYLTU5/Primulaceae_Stylogyne_turbacensis_PPSTYLTU5_004.jpg,2026_data/sorted_12K/training/by_family/Primulaceae/by_genus/Stylogyne/by_species/turbacensis/PPSTYLTU5/Primulaceae_Stylogyne_turbacensis_PPSTYLTU5_004.jpg
individual_087,view_05,2026_data/blind_human_annotation_set/images/individual_087/view_05.jpg,Primulaceae_Stylogyne_turbacensis_PPSTYLTU5_005.jpg,2026_data/human_annotated_eval_set/by_family/Primulaceae/by_genus/Stylogyne/by_species/turbacensis/PPSTYLTU5/Primulaceae_Stylogyne_turbacensis_PPSTYLTU5_005.jpg,2026_data/sorted_12K/training/by_family/Primulaceae/by_genus/Stylogyne/by_species/turbacensis/PPSTYLTU5/Primulaceae_Stylogyne_turbacensis_PPSTYLTU5_005.jpg
individual_088,view_01,2026_data/blind_human_annotation_set/images/individual_088/view_01.jpg,Proteaceae_Roupala_montana_ANROUPMO6_001.jpg,2026_data/human_annotated_eval_set/by_family/Proteaceae/by_genus/Roupala/by_species/montana/ANROUPMO6/Proteaceae_Roupala_montana_ANROUPMO6_001.jpg,2026_data/sorted_12K/training/by_family/Proteaceae/by_genus/Roupala/by_species/montana/ANROUPMO6/Proteaceae_Roupala_montana_ANROUPMO6_001.jpg
individual_088,view_02,2026_data/blind_human_annotation_set/images/individual_088/view_02.jpg,Proteaceae_Roupala_montana_ANROUPMO6_002.jpg,2026_data/human_annotated_eval_set/by_family/Proteaceae/by_genus/Roupala/by_species/montana/ANROUPMO6/Proteaceae_Roupala_montana_ANROUPMO6_002.jpg,2026_data/sorted_12K/training/by_family/Proteaceae/by_genus/Roupala/by_species/montana/ANROUPMO6/Proteaceae_Roupala_montana_ANROUPMO6_002.jpg
individual_088,view_03,2026_data/blind_human_annotation_set/images/individual_088/view_03.jpg,Proteaceae_Roupala_montana_ANROUPMO6_003.jpg,2026_data/human_annotated_eval_set/by_family/Proteaceae/by_genus/Roupala/by_species/montana/ANROUPMO6/Proteaceae_Roupala_montana_ANROUPMO6_003.jpg,2026_data/sorted_12K/training/by_family/Proteaceae/by_genus/Roupala/by_species/montana/ANROUPMO6/Proteaceae_Roupala_montana_ANROUPMO6_003.jpg
individual_088,view_04,2026_data/blind_human_annotation_set/images/individual_088/view_04.jpg,Proteaceae_Roupala_montana_ANROUPMO6_004.jpg,2026_data/human_annotated_eval_set/by_family/Proteaceae/by_genus/Roupala/by_species/montana/ANROUPMO6/Proteaceae_Roupala_montana_ANROUPMO6_004.jpg,2026_data/sorted_12K/training/by_family/Proteaceae/by_genus/Roupala/by_species/montana/ANROUPMO6/Proteaceae_Roupala_montana_ANROUPMO6_004.jpg
individual_088,view_05,2026_data/blind_human_annotation_set/images/individual_088/view_05.jpg,Proteaceae_Roupala_montana_ANROUPMO6_005.jpg,2026_data/human_annotated_eval_set/by_family/Proteaceae/by_genus/Roupala/by_species/montana/ANROUPMO6/Proteaceae_Roupala_montana_ANROUPMO6_005.jpg,2026_data/sorted_12K/training/by_family/Proteaceae/by_genus/Roupala/by_species/montana/ANROUPMO6/Proteaceae_Roupala_montana_ANROUPMO6_005.jpg
individual_089,view_01,2026_data/blind_human_annotation_set/images/individual_089/view_01.jpg,Rhizophoraceae_Cassipourea_elliptica_SRCASSEL5_001.jpg,2026_data/human_annotated_eval_set/by_family/Rhizophoraceae/by_genus/Cassipourea/by_species/elliptica/SRCASSEL5/Rhizophoraceae_Cassipourea_elliptica_SRCASSEL5_001.jpg,2026_data/sorted_12K/training/by_family/Rhizophoraceae/by_genus/Cassipourea/by_species/elliptica/SRCASSEL5/Rhizophoraceae_Cassipourea_elliptica_SRCASSEL5_001.jpg
individual_089,view_02,2026_data/blind_human_annotation_set/images/individual_089/view_02.jpg,Rhizophoraceae_Cassipourea_elliptica_SRCASSEL5_002.jpg,2026_data/human_annotated_eval_set/by_family/Rhizophoraceae/by_genus/Cassipourea/by_species/elliptica/SRCASSEL5/Rhizophoraceae_Cassipourea_elliptica_SRCASSEL5_002.jpg,2026_data/sorted_12K/training/by_family/Rhizophoraceae/by_genus/Cassipourea/by_species/elliptica/SRCASSEL5/Rhizophoraceae_Cassipourea_elliptica_SRCASSEL5_002.jpg
individual_089,view_03,2026_data/blind_human_annotation_set/images/individual_089/view_03.jpg,Rhizophoraceae_Cassipourea_elliptica_SRCASSEL5_003.jpg,2026_data/human_annotated_eval_set/by_family/Rhizophoraceae/by_genus/Cassipourea/by_species/elliptica/SRCASSEL5/Rhizophoraceae_Cassipourea_elliptica_SRCASSEL5_003.jpg,2026_data/sorted_12K/training/by_family/Rhizophoraceae/by_genus/Cassipourea/by_species/elliptica/SRCASSEL5/Rhizophoraceae_Cassipourea_elliptica_SRCASSEL5_003.jpg
individual_089,view_04,2026_data/blind_human_annotation_set/images/individual_089/view_04.jpg,Rhizophoraceae_Cassipourea_elliptica_SRCASSEL5_004.jpg,2026_data/human_annotated_eval_set/by_family/Rhizophoraceae/by_genus/Cassipourea/by_species/elliptica/SRCASSEL5/Rhizophoraceae_Cassipourea_elliptica_SRCASSEL5_004.jpg,2026_data/sorted_12K/training/by_family/Rhizophoraceae/by_genus/Cassipourea/by_species/elliptica/SRCASSEL5/Rhizophoraceae_Cassipourea_elliptica_SRCASSEL5_004.jpg
individual_089,view_05,2026_data/blind_human_annotation_set/images/individual_089/view_05.jpg,Rhizophoraceae_Cassipourea_elliptica_SRCASSEL5_005.jpg,2026_data/human_annotated_eval_set/by_family/Rhizophoraceae/by_genus/Cassipourea/by_species/elliptica/SRCASSEL5/Rhizophoraceae_Cassipourea_elliptica_SRCASSEL5_005.jpg,2026_data/sorted_12K/training/by_family/Rhizophoraceae/by_genus/Cassipourea/by_species/elliptica/SRCASSEL5/Rhizophoraceae_Cassipourea_elliptica_SRCASSEL5_005.jpg
individual_090,view_01,2026_data/blind_human_annotation_set/images/individual_090/view_01.jpg,Rubiaceae_Alibertia_edulis_MEALIBED3_001.jpg,2026_data/human_annotated_eval_set/by_family/Rubiaceae/by_genus/Alibertia/by_species/edulis/MEALIBED3/Rubiaceae_Alibertia_edulis_MEALIBED3_001.jpg,2026_data/sorted_12K/training/by_family/Rubiaceae/by_genus/Alibertia/by_species/edulis/MEALIBED3/Rubiaceae_Alibertia_edulis_MEALIBED3_001.jpg
individual_090,view_02,2026_data/blind_human_annotation_set/images/individual_090/view_02.jpg,Rubiaceae_Alibertia_edulis_MEALIBED3_002.jpg,2026_data/human_annotated_eval_set/by_family/Rubiaceae/by_genus/Alibertia/by_species/edulis/MEALIBED3/Rubiaceae_Alibertia_edulis_MEALIBED3_002.jpg,2026_data/sorted_12K/training/by_family/Rubiaceae/by_genus/Alibertia/by_species/edulis/MEALIBED3/Rubiaceae_Alibertia_edulis_MEALIBED3_002.jpg
individual_090,view_03,2026_data/blind_human_annotation_set/images/individual_090/view_03.jpg,Rubiaceae_Alibertia_edulis_MEALIBED3_003.jpg,2026_data/human_annotated_eval_set/by_family/Rubiaceae/by_genus/Alibertia/by_species/edulis/MEALIBED3/Rubiaceae_Alibertia_edulis_MEALIBED3_003.jpg,2026_data/sorted_12K/training/by_family/Rubiaceae/by_genus/Alibertia/by_species/edulis/MEALIBED3/Rubiaceae_Alibertia_edulis_MEALIBED3_003.jpg
individual_090,view_04,2026_data/blind_human_annotation_set/images/individual_090/view_04.jpg,Rubiaceae_Alibertia_edulis_MEALIBED3_004.jpg,2026_data/human_annotated_eval_set/by_family/Rubiaceae/by_genus/Alibertia/by_species/edulis/MEALIBED3/Rubiaceae_Alibertia_edulis_MEALIBED3_004.jpg,2026_data/sorted_12K/training/by_family/Rubiaceae/by_genus/Alibertia/by_species/edulis/MEALIBED3/Rubiaceae_Alibertia_edulis_MEALIBED3_004.jpg
individual_090,view_05,2026_data/blind_human_annotation_set/images/individual_090/view_05.jpg,Rubiaceae_Alibertia_edulis_MEALIBED3_005.jpg,2026_data/human_annotated_eval_set/by_family/Rubiaceae/by_genus/Alibertia/by_species/edulis/MEALIBED3/Rubiaceae_Alibertia_edulis_MEALIBED3_005.jpg,2026_data/sorted_12K/training/by_family/Rubiaceae/by_genus/Alibertia/by_species/edulis/MEALIBED3/Rubiaceae_Alibertia_edulis_MEALIBED3_005.jpg
individual_091,view_01,2026_data/blind_human_annotation_set/images/individual_091/view_01.jpg,Rubiaceae_Alseis_blackiana_OLALSEBL3_001.jpg,2026_data/human_annotated_eval_set/by_family/Rubiaceae/by_genus/Alseis/by_species/blackiana/OLALSEBL3/Rubiaceae_Alseis_blackiana_OLALSEBL3_001.jpg,2026_data/sorted_12K/training/by_family/Rubiaceae/by_genus/Alseis/by_species/blackiana/OLALSEBL3/Rubiaceae_Alseis_blackiana_OLALSEBL3_001.jpg
individual_091,view_02,2026_data/blind_human_annotation_set/images/individual_091/view_02.jpg,Rubiaceae_Alseis_blackiana_OLALSEBL3_002.jpg,2026_data/human_annotated_eval_set/by_family/Rubiaceae/by_genus/Alseis/by_species/blackiana/OLALSEBL3/Rubiaceae_Alseis_blackiana_OLALSEBL3_002.jpg,2026_data/sorted_12K/training/by_family/Rubiaceae/by_genus/Alseis/by_species/blackiana/OLALSEBL3/Rubiaceae_Alseis_blackiana_OLALSEBL3_002.jpg
individual_091,view_03,2026_data/blind_human_annotation_set/images/individual_091/view_03.jpg,Rubiaceae_Alseis_blackiana_OLALSEBL3_003.jpg,2026_data/human_annotated_eval_set/by_family/Rubiaceae/by_genus/Alseis/by_species/blackiana/OLALSEBL3/Rubiaceae_Alseis_blackiana_OLALSEBL3_003.jpg,2026_data/sorted_12K/training/by_family/Rubiaceae/by_genus/Alseis/by_species/blackiana/OLALSEBL3/Rubiaceae_Alseis_blackiana_OLALSEBL3_003.jpg
individual_091,view_04,2026_data/blind_human_annotation_set/images/individual_091/view_04.jpg,Rubiaceae_Alseis_blackiana_OLALSEBL3_004.jpg,2026_data/human_annotated_eval_set/by_family/Rubiaceae/by_genus/Alseis/by_species/blackiana/OLALSEBL3/Rubiaceae_Alseis_blackiana_OLALSEBL3_004.jpg,2026_data/sorted_12K/training/by_family/Rubiaceae/by_genus/Alseis/by_species/blackiana/OLALSEBL3/Rubiaceae_Alseis_blackiana_OLALSEBL3_004.jpg
individual_091,view_05,2026_data/blind_human_annotation_set/images/individual_091/view_05.jpg,Rubiaceae_Alseis_blackiana_OLALSEBL3_005.jpg,2026_data/human_annotated_eval_set/by_family/Rubiaceae/by_genus/Alseis/by_species/blackiana/OLALSEBL3/Rubiaceae_Alseis_blackiana_OLALSEBL3_005.jpg,2026_data/sorted_12K/training/by_family/Rubiaceae/by_genus/Alseis/by_species/blackiana/OLALSEBL3/Rubiaceae_Alseis_blackiana_OLALSEBL3_005.jpg
individual_092,view_01,2026_data/blind_human_annotation_set/images/individual_092/view_01.jpg,Rubiaceae_Amaioua_glomerulata_ANAMAICO4_001.jpg,2026_data/human_annotated_eval_set/by_family/Rubiaceae/by_genus/Amaioua/by_species/glomerulata/ANAMAICO4/Rubiaceae_Amaioua_glomerulata_ANAMAICO4_001.jpg,2026_data/sorted_12K/training/by_family/Rubiaceae/by_genus/Amaioua/by_species/glomerulata/ANAMAICO4/Rubiaceae_Amaioua_glomerulata_ANAMAICO4_001.jpg
individual_092,view_02,2026_data/blind_human_annotation_set/images/individual_092/view_02.jpg,Rubiaceae_Amaioua_glomerulata_ANAMAICO4_002.jpg,2026_data/human_annotated_eval_set/by_family/Rubiaceae/by_genus/Amaioua/by_species/glomerulata/ANAMAICO4/Rubiaceae_Amaioua_glomerulata_ANAMAICO4_002.jpg,2026_data/sorted_12K/training/by_family/Rubiaceae/by_genus/Amaioua/by_species/glomerulata/ANAMAICO4/Rubiaceae_Amaioua_glomerulata_ANAMAICO4_002.jpg
individual_092,view_03,2026_data/blind_human_annotation_set/images/individual_092/view_03.jpg,Rubiaceae_Amaioua_glomerulata_ANAMAICO4_003.jpg,2026_data/human_annotated_eval_set/by_family/Rubiaceae/by_genus/Amaioua/by_species/glomerulata/ANAMAICO4/Rubiaceae_Amaioua_glomerulata_ANAMAICO4_003.jpg,2026_data/sorted_12K/training/by_family/Rubiaceae/by_genus/Amaioua/by_species/glomerulata/ANAMAICO4/Rubiaceae_Amaioua_glomerulata_ANAMAICO4_003.jpg
individual_092,view_04,2026_data/blind_human_annotation_set/images/individual_092/view_04.jpg,Rubiaceae_Amaioua_glomerulata_ANAMAICO4_004.jpg,2026_data/human_annotated_eval_set/by_family/Rubiaceae/by_genus/Amaioua/by_species/glomerulata/ANAMAICO4/Rubiaceae_Amaioua_glomerulata_ANAMAICO4_004.jpg,2026_data/sorted_12K/training/by_family/Rubiaceae/by_genus/Amaioua/by_species/glomerulata/ANAMAICO4/Rubiaceae_Amaioua_glomerulata_ANAMAICO4_004.jpg
individual_092,view_05,2026_data/blind_human_annotation_set/images/individual_092/view_05.jpg,Rubiaceae_Amaioua_glomerulata_ANAMAICO4_005.jpg,2026_data/human_annotated_eval_set/by_family/Rubiaceae/by_genus/Amaioua/by_species/glomerulata/ANAMAICO4/Rubiaceae_Amaioua_glomerulata_ANAMAICO4_005.jpg,2026_data/sorted_12K/training/by_family/Rubiaceae/by_genus/Amaioua/by_species/glomerulata/ANAMAICO4/Rubiaceae_Amaioua_glomerulata_ANAMAICO4_005.jpg
individual_093,view_01,2026_data/blind_human_annotation_set/images/individual_093/view_01.jpg,Rubiaceae_Chiococca_alba_SRCHIOAL9_001.jpg,2026_data/human_annotated_eval_set/by_family/Rubiaceae/by_genus/Chiococca/by_species/alba/SRCHIOAL9/Rubiaceae_Chiococca_alba_SRCHIOAL9_001.jpg,2026_data/sorted_12K/training/by_family/Rubiaceae/by_genus/Chiococca/by_species/alba/SRCHIOAL9/Rubiaceae_Chiococca_alba_SRCHIOAL9_001.jpg
individual_093,view_02,2026_data/blind_human_annotation_set/images/individual_093/view_02.jpg,Rubiaceae_Chiococca_alba_SRCHIOAL9_002.jpg,2026_data/human_annotated_eval_set/by_family/Rubiaceae/by_genus/Chiococca/by_species/alba/SRCHIOAL9/Rubiaceae_Chiococca_alba_SRCHIOAL9_002.jpg,2026_data/sorted_12K/training/by_family/Rubiaceae/by_genus/Chiococca/by_species/alba/SRCHIOAL9/Rubiaceae_Chiococca_alba_SRCHIOAL9_002.jpg
individual_093,view_03,2026_data/blind_human_annotation_set/images/individual_093/view_03.jpg,Rubiaceae_Chiococca_alba_SRCHIOAL9_003.jpg,2026_data/human_annotated_eval_set/by_family/Rubiaceae/by_genus/Chiococca/by_species/alba/SRCHIOAL9/Rubiaceae_Chiococca_alba_SRCHIOAL9_003.jpg,2026_data/sorted_12K/training/by_family/Rubiaceae/by_genus/Chiococca/by_species/alba/SRCHIOAL9/Rubiaceae_Chiococca_alba_SRCHIOAL9_003.jpg
individual_093,view_04,2026_data/blind_human_annotation_set/images/individual_093/view_04.jpg,Rubiaceae_Chiococca_alba_SRCHIOAL9_004.jpg,2026_data/human_annotated_eval_set/by_family/Rubiaceae/by_genus/Chiococca/by_species/alba/SRCHIOAL9/Rubiaceae_Chiococca_alba_SRCHIOAL9_004.jpg,2026_data/sorted_12K/training/by_family/Rubiaceae/by_genus/Chiococca/by_species/alba/SRCHIOAL9/Rubiaceae_Chiococca_alba_SRCHIOAL9_004.jpg
individual_093,view_05,2026_data/blind_human_annotation_set/images/individual_093/view_05.jpg,Rubiaceae_Chiococca_alba_SRCHIOAL9_005.jpg,2026_data/human_annotated_eval_set/by_family/Rubiaceae/by_genus/Chiococca/by_species/alba/SRCHIOAL9/Rubiaceae_Chiococca_alba_SRCHIOAL9_005.jpg,2026_data/sorted_12K/training/by_family/Rubiaceae/by_genus/Chiococca/by_species/alba/SRCHIOAL9/Rubiaceae_Chiococca_alba_SRCHIOAL9_005.jpg
individual_094,view_01,2026_data/blind_human_annotation_set/images/individual_094/view_01.jpg,Rubiaceae_Coussarea_suaveolens_BVCOU2CU2_001.jpg,2026_data/human_annotated_eval_set/by_family/Rubiaceae/by_genus/Coussarea/by_species/suaveolens/BVCOU2CU2/Rubiaceae_Coussarea_suaveolens_BVCOU2CU2_001.jpg,2026_data/sorted_12K/training/by_family/Rubiaceae/by_genus/Coussarea/by_species/suaveolens/BVCOU2CU2/Rubiaceae_Coussarea_suaveolens_BVCOU2CU2_001.jpg
individual_094,view_02,2026_data/blind_human_annotation_set/images/individual_094/view_02.jpg,Rubiaceae_Coussarea_suaveolens_BVCOU2CU2_002.jpg,2026_data/human_annotated_eval_set/by_family/Rubiaceae/by_genus/Coussarea/by_species/suaveolens/BVCOU2CU2/Rubiaceae_Coussarea_suaveolens_BVCOU2CU2_002.jpg,2026_data/sorted_12K/training/by_family/Rubiaceae/by_genus/Coussarea/by_species/suaveolens/BVCOU2CU2/Rubiaceae_Coussarea_suaveolens_BVCOU2CU2_002.jpg
individual_094,view_03,2026_data/blind_human_annotation_set/images/individual_094/view_03.jpg,Rubiaceae_Coussarea_suaveolens_BVCOU2CU2_003.jpg,2026_data/human_annotated_eval_set/by_family/Rubiaceae/by_genus/Coussarea/by_species/suaveolens/BVCOU2CU2/Rubiaceae_Coussarea_suaveolens_BVCOU2CU2_003.jpg,2026_data/sorted_12K/training/by_family/Rubiaceae/by_genus/Coussarea/by_species/suaveolens/BVCOU2CU2/Rubiaceae_Coussarea_suaveolens_BVCOU2CU2_003.jpg
individual_094,view_04,2026_data/blind_human_annotation_set/images/individual_094/view_04.jpg,Rubiaceae_Coussarea_suaveolens_BVCOU2CU2_004.jpg,2026_data/human_annotated_eval_set/by_family/Rubiaceae/by_genus/Coussarea/by_species/suaveolens/BVCOU2CU2/Rubiaceae_Coussarea_suaveolens_BVCOU2CU2_004.jpg,2026_data/sorted_12K/training/by_family/Rubiaceae/by_genus/Coussarea/by_species/suaveolens/BVCOU2CU2/Rubiaceae_Coussarea_suaveolens_BVCOU2CU2_004.jpg
individual_094,view_05,2026_data/blind_human_annotation_set/images/individual_094/view_05.jpg,Rubiaceae_Coussarea_suaveolens_BVCOU2CU2_005.jpg,2026_data/human_annotated_eval_set/by_family/Rubiaceae/by_genus/Coussarea/by_species/suaveolens/BVCOU2CU2/Rubiaceae_Coussarea_suaveolens_BVCOU2CU2_005.jpg,2026_data/sorted_12K/training/by_family/Rubiaceae/by_genus/Coussarea/by_species/suaveolens/BVCOU2CU2/Rubiaceae_Coussarea_suaveolens_BVCOU2CU2_005.jpg
individual_095,view_01,2026_data/blind_human_annotation_set/images/individual_095/view_01.jpg,Rubiaceae_Faramea_occidentalis_PPFARAOC3_001.jpg,2026_data/human_annotated_eval_set/by_family/Rubiaceae/by_genus/Faramea/by_species/occidentalis/PPFARAOC3/Rubiaceae_Faramea_occidentalis_PPFARAOC3_001.jpg,2026_data/sorted_12K/training/by_family/Rubiaceae/by_genus/Faramea/by_species/occidentalis/PPFARAOC3/Rubiaceae_Faramea_occidentalis_PPFARAOC3_001.jpg
individual_095,view_02,2026_data/blind_human_annotation_set/images/individual_095/view_02.jpg,Rubiaceae_Faramea_occidentalis_PPFARAOC3_002.jpg,2026_data/human_annotated_eval_set/by_family/Rubiaceae/by_genus/Faramea/by_species/occidentalis/PPFARAOC3/Rubiaceae_Faramea_occidentalis_PPFARAOC3_002.jpg,2026_data/sorted_12K/training/by_family/Rubiaceae/by_genus/Faramea/by_species/occidentalis/PPFARAOC3/Rubiaceae_Faramea_occidentalis_PPFARAOC3_002.jpg
individual_095,view_03,2026_data/blind_human_annotation_set/images/individual_095/view_03.jpg,Rubiaceae_Faramea_occidentalis_PPFARAOC3_003.jpg,2026_data/human_annotated_eval_set/by_family/Rubiaceae/by_genus/Faramea/by_species/occidentalis/PPFARAOC3/Rubiaceae_Faramea_occidentalis_PPFARAOC3_003.jpg,2026_data/sorted_12K/training/by_family/Rubiaceae/by_genus/Faramea/by_species/occidentalis/PPFARAOC3/Rubiaceae_Faramea_occidentalis_PPFARAOC3_003.jpg
individual_095,view_04,2026_data/blind_human_annotation_set/images/individual_095/view_04.jpg,Rubiaceae_Faramea_occidentalis_PPFARAOC3_004.jpg,2026_data/human_annotated_eval_set/by_family/Rubiaceae/by_genus/Faramea/by_species/occidentalis/PPFARAOC3/Rubiaceae_Faramea_occidentalis_PPFARAOC3_004.jpg,2026_data/sorted_12K/training/by_family/Rubiaceae/by_genus/Faramea/by_species/occidentalis/PPFARAOC3/Rubiaceae_Faramea_occidentalis_PPFARAOC3_004.jpg
individual_095,view_05,2026_data/blind_human_annotation_set/images/individual_095/view_05.jpg,Rubiaceae_Faramea_occidentalis_PPFARAOC3_005.jpg,2026_data/human_annotated_eval_set/by_family/Rubiaceae/by_genus/Faramea/by_species/occidentalis/PPFARAOC3/Rubiaceae_Faramea_occidentalis_PPFARAOC3_005.jpg,2026_data/sorted_12K/training/by_family/Rubiaceae/by_genus/Faramea/by_species/occidentalis/PPFARAOC3/Rubiaceae_Faramea_occidentalis_PPFARAOC3_005.jpg
individual_096,view_01,2026_data/blind_human_annotation_set/images/individual_096/view_01.jpg,Rubiaceae_Palicourea_violacea_SRPSYCC12_001.jpg,2026_data/human_annotated_eval_set/by_family/Rubiaceae/by_genus/Palicourea/by_species/violacea/SRPSYCC12/Rubiaceae_Palicourea_violacea_SRPSYCC12_001.jpg,2026_data/sorted_12K/training/by_family/Rubiaceae/by_genus/Palicourea/by_species/violacea/SRPSYCC12/Rubiaceae_Palicourea_violacea_SRPSYCC12_001.jpg
individual_096,view_02,2026_data/blind_human_annotation_set/images/individual_096/view_02.jpg,Rubiaceae_Palicourea_violacea_SRPSYCC12_002.jpg,2026_data/human_annotated_eval_set/by_family/Rubiaceae/by_genus/Palicourea/by_species/violacea/SRPSYCC12/Rubiaceae_Palicourea_violacea_SRPSYCC12_002.jpg,2026_data/sorted_12K/training/by_family/Rubiaceae/by_genus/Palicourea/by_species/violacea/SRPSYCC12/Rubiaceae_Palicourea_violacea_SRPSYCC12_002.jpg
individual_096,view_03,2026_data/blind_human_annotation_set/images/individual_096/view_03.jpg,Rubiaceae_Palicourea_violacea_SRPSYCC12_003.jpg,2026_data/human_annotated_eval_set/by_family/Rubiaceae/by_genus/Palicourea/by_species/violacea/SRPSYCC12/Rubiaceae_Palicourea_violacea_SRPSYCC12_003.jpg,2026_data/sorted_12K/training/by_family/Rubiaceae/by_genus/Palicourea/by_species/violacea/SRPSYCC12/Rubiaceae_Palicourea_violacea_SRPSYCC12_003.jpg
individual_096,view_04,2026_data/blind_human_annotation_set/images/individual_096/view_04.jpg,Rubiaceae_Palicourea_violacea_SRPSYCC12_004.jpg,2026_data/human_annotated_eval_set/by_family/Rubiaceae/by_genus/Palicourea/by_species/violacea/SRPSYCC12/Rubiaceae_Palicourea_violacea_SRPSYCC12_004.jpg,2026_data/sorted_12K/training/by_family/Rubiaceae/by_genus/Palicourea/by_species/violacea/SRPSYCC12/Rubiaceae_Palicourea_violacea_SRPSYCC12_004.jpg
individual_096,view_05,2026_data/blind_human_annotation_set/images/individual_096/view_05.jpg,Rubiaceae_Palicourea_violacea_SRPSYCC12_005.jpg,2026_data/human_annotated_eval_set/by_family/Rubiaceae/by_genus/Palicourea/by_species/violacea/SRPSYCC12/Rubiaceae_Palicourea_violacea_SRPSYCC12_005.jpg,2026_data/sorted_12K/training/by_family/Rubiaceae/by_genus/Palicourea/by_species/violacea/SRPSYCC12/Rubiaceae_Palicourea_violacea_SRPSYCC12_005.jpg
individual_097,view_01,2026_data/blind_human_annotation_set/images/individual_097/view_01.jpg,Rubiaceae_Posoqueria_latifolia_MEPOSOLA5_001.jpg,2026_data/human_annotated_eval_set/by_family/Rubiaceae/by_genus/Posoqueria/by_species/latifolia/MEPOSOLA5/Rubiaceae_Posoqueria_latifolia_MEPOSOLA5_001.jpg,2026_data/sorted_12K/training/by_family/Rubiaceae/by_genus/Posoqueria/by_species/latifolia/MEPOSOLA5/Rubiaceae_Posoqueria_latifolia_MEPOSOLA5_001.jpg
individual_097,view_02,2026_data/blind_human_annotation_set/images/individual_097/view_02.jpg,Rubiaceae_Posoqueria_latifolia_MEPOSOLA5_002.jpg,2026_data/human_annotated_eval_set/by_family/Rubiaceae/by_genus/Posoqueria/by_species/latifolia/MEPOSOLA5/Rubiaceae_Posoqueria_latifolia_MEPOSOLA5_002.jpg,2026_data/sorted_12K/training/by_family/Rubiaceae/by_genus/Posoqueria/by_species/latifolia/MEPOSOLA5/Rubiaceae_Posoqueria_latifolia_MEPOSOLA5_002.jpg
individual_097,view_03,2026_data/blind_human_annotation_set/images/individual_097/view_03.jpg,Rubiaceae_Posoqueria_latifolia_MEPOSOLA5_003.jpg,2026_data/human_annotated_eval_set/by_family/Rubiaceae/by_genus/Posoqueria/by_species/latifolia/MEPOSOLA5/Rubiaceae_Posoqueria_latifolia_MEPOSOLA5_003.jpg,2026_data/sorted_12K/training/by_family/Rubiaceae/by_genus/Posoqueria/by_species/latifolia/MEPOSOLA5/Rubiaceae_Posoqueria_latifolia_MEPOSOLA5_003.jpg
individual_097,view_04,2026_data/blind_human_annotation_set/images/individual_097/view_04.jpg,Rubiaceae_Posoqueria_latifolia_MEPOSOLA5_004.jpg,2026_data/human_annotated_eval_set/by_family/Rubiaceae/by_genus/Posoqueria/by_species/latifolia/MEPOSOLA5/Rubiaceae_Posoqueria_latifolia_MEPOSOLA5_004.jpg,2026_data/sorted_12K/training/by_family/Rubiaceae/by_genus/Posoqueria/by_species/latifolia/MEPOSOLA5/Rubiaceae_Posoqueria_latifolia_MEPOSOLA5_004.jpg
individual_097,view_05,2026_data/blind_human_annotation_set/images/individual_097/view_05.jpg,Rubiaceae_Posoqueria_latifolia_MEPOSOLA5_005.jpg,2026_data/human_annotated_eval_set/by_family/Rubiaceae/by_genus/Posoqueria/by_species/latifolia/MEPOSOLA5/Rubiaceae_Posoqueria_latifolia_MEPOSOLA5_005.jpg,2026_data/sorted_12K/training/by_family/Rubiaceae/by_genus/Posoqueria/by_species/latifolia/MEPOSOLA5/Rubiaceae_Posoqueria_latifolia_MEPOSOLA5_005.jpg
individual_098,view_01,2026_data/blind_human_annotation_set/images/individual_098/view_01.jpg,Rubiaceae_Psychotria_horizontalis_MEPSYCHO6_001.jpg,2026_data/human_annotated_eval_set/by_family/Rubiaceae/by_genus/Psychotria/by_species/horizontalis/MEPSYCHO6/Rubiaceae_Psychotria_horizontalis_MEPSYCHO6_001.jpg,2026_data/sorted_12K/training/by_family/Rubiaceae/by_genus/Psychotria/by_species/horizontalis/MEPSYCHO6/Rubiaceae_Psychotria_horizontalis_MEPSYCHO6_001.jpg
individual_098,view_02,2026_data/blind_human_annotation_set/images/individual_098/view_02.jpg,Rubiaceae_Psychotria_horizontalis_MEPSYCHO6_002.jpg,2026_data/human_annotated_eval_set/by_family/Rubiaceae/by_genus/Psychotria/by_species/horizontalis/MEPSYCHO6/Rubiaceae_Psychotria_horizontalis_MEPSYCHO6_002.jpg,2026_data/sorted_12K/training/by_family/Rubiaceae/by_genus/Psychotria/by_species/horizontalis/MEPSYCHO6/Rubiaceae_Psychotria_horizontalis_MEPSYCHO6_002.jpg
individual_098,view_03,2026_data/blind_human_annotation_set/images/individual_098/view_03.jpg,Rubiaceae_Psychotria_horizontalis_MEPSYCHO6_003.jpg,2026_data/human_annotated_eval_set/by_family/Rubiaceae/by_genus/Psychotria/by_species/horizontalis/MEPSYCHO6/Rubiaceae_Psychotria_horizontalis_MEPSYCHO6_003.jpg,2026_data/sorted_12K/training/by_family/Rubiaceae/by_genus/Psychotria/by_species/horizontalis/MEPSYCHO6/Rubiaceae_Psychotria_horizontalis_MEPSYCHO6_003.jpg
individual_098,view_04,2026_data/blind_human_annotation_set/images/individual_098/view_04.jpg,Rubiaceae_Psychotria_horizontalis_MEPSYCHO6_004.jpg,2026_data/human_annotated_eval_set/by_family/Rubiaceae/by_genus/Psychotria/by_species/horizontalis/MEPSYCHO6/Rubiaceae_Psychotria_horizontalis_MEPSYCHO6_004.jpg,2026_data/sorted_12K/training/by_family/Rubiaceae/by_genus/Psychotria/by_species/horizontalis/MEPSYCHO6/Rubiaceae_Psychotria_horizontalis_MEPSYCHO6_004.jpg
individual_098,view_05,2026_data/blind_human_annotation_set/images/individual_098/view_05.jpg,Rubiaceae_Psychotria_horizontalis_MEPSYCHO6_005.jpg,2026_data/human_annotated_eval_set/by_family/Rubiaceae/by_genus/Psychotria/by_species/horizontalis/MEPSYCHO6/Rubiaceae_Psychotria_horizontalis_MEPSYCHO6_005.jpg,2026_data/sorted_12K/training/by_family/Rubiaceae/by_genus/Psychotria/by_species/horizontalis/MEPSYCHO6/Rubiaceae_Psychotria_horizontalis_MEPSYCHO6_005.jpg
individual_099,view_01,2026_data/blind_human_annotation_set/images/individual_099/view_01.jpg,Rubiaceae_Randia_armata_PEA0168_001.jpg,2026_data/human_annotated_eval_set/by_family/Rubiaceae/by_genus/Randia/by_species/armata/PEA0168/Rubiaceae_Randia_armata_PEA0168_001.jpg,2026_data/sorted_12K/training/by_family/Rubiaceae/by_genus/Randia/by_species/armata/PEA0168/Rubiaceae_Randia_armata_PEA0168_001.jpg
individual_099,view_02,2026_data/blind_human_annotation_set/images/individual_099/view_02.jpg,Rubiaceae_Randia_armata_PEA0168_002.jpg,2026_data/human_annotated_eval_set/by_family/Rubiaceae/by_genus/Randia/by_species/armata/PEA0168/Rubiaceae_Randia_armata_PEA0168_002.jpg,2026_data/sorted_12K/training/by_family/Rubiaceae/by_genus/Randia/by_species/armata/PEA0168/Rubiaceae_Randia_armata_PEA0168_002.jpg
individual_099,view_03,2026_data/blind_human_annotation_set/images/individual_099/view_03.jpg,Rubiaceae_Randia_armata_PEA0168_003.jpg,2026_data/human_annotated_eval_set/by_family/Rubiaceae/by_genus/Randia/by_species/armata/PEA0168/Rubiaceae_Randia_armata_PEA0168_003.jpg,2026_data/sorted_12K/training/by_family/Rubiaceae/by_genus/Randia/by_species/armata/PEA0168/Rubiaceae_Randia_armata_PEA0168_003.jpg
individual_099,view_04,2026_data/blind_human_annotation_set/images/individual_099/view_04.jpg,Rubiaceae_Randia_armata_PEA0168_004.jpg,2026_data/human_annotated_eval_set/by_family/Rubiaceae/by_genus/Randia/by_species/armata/PEA0168/Rubiaceae_Randia_armata_PEA0168_004.jpg,2026_data/sorted_12K/training/by_family/Rubiaceae/by_genus/Randia/by_species/armata/PEA0168/Rubiaceae_Randia_armata_PEA0168_004.jpg
individual_100,view_01,2026_data/blind_human_annotation_set/images/individual_100/view_01.jpg,Rubiaceae_Ronabea_latifolia_ANPSYCER1_001.jpg,2026_data/human_annotated_eval_set/by_family/Rubiaceae/by_genus/Ronabea/by_species/latifolia/ANPSYCER1/Rubiaceae_Ronabea_latifolia_ANPSYCER1_001.jpg,2026_data/sorted_12K/training/by_family/Rubiaceae/by_genus/Ronabea/by_species/latifolia/ANPSYCER1/Rubiaceae_Ronabea_latifolia_ANPSYCER1_001.jpg
individual_100,view_02,2026_data/blind_human_annotation_set/images/individual_100/view_02.jpg,Rubiaceae_Ronabea_latifolia_ANPSYCER1_002.jpg,2026_data/human_annotated_eval_set/by_family/Rubiaceae/by_genus/Ronabea/by_species/latifolia/ANPSYCER1/Rubiaceae_Ronabea_latifolia_ANPSYCER1_002.jpg,2026_data/sorted_12K/training/by_family/Rubiaceae/by_genus/Ronabea/by_species/latifolia/ANPSYCER1/Rubiaceae_Ronabea_latifolia_ANPSYCER1_002.jpg
individual_100,view_03,2026_data/blind_human_annotation_set/images/individual_100/view_03.jpg,Rubiaceae_Ronabea_latifolia_ANPSYCER1_003.jpg,2026_data/human_annotated_eval_set/by_family/Rubiaceae/by_genus/Ronabea/by_species/latifolia/ANPSYCER1/Rubiaceae_Ronabea_latifolia_ANPSYCER1_003.jpg,2026_data/sorted_12K/training/by_family/Rubiaceae/by_genus/Ronabea/by_species/latifolia/ANPSYCER1/Rubiaceae_Ronabea_latifolia_ANPSYCER1_003.jpg
individual_100,view_04,2026_data/blind_human_annotation_set/images/individual_100/view_04.jpg,Rubiaceae_Ronabea_latifolia_ANPSYCER1_004.jpg,2026_data/human_annotated_eval_set/by_family/Rubiaceae/by_genus/Ronabea/by_species/latifolia/ANPSYCER1/Rubiaceae_Ronabea_latifolia_ANPSYCER1_004.jpg,2026_data/sorted_12K/training/by_family/Rubiaceae/by_genus/Ronabea/by_species/latifolia/ANPSYCER1/Rubiaceae_Ronabea_latifolia_ANPSYCER1_004.jpg
individual_101,view_01,2026_data/blind_human_annotation_set/images/individual_101/view_01.jpg,Salicaceae_Piparea_dentata_ANCASECO2_001.jpg,2026_data/human_annotated_eval_set/by_family/Salicaceae/by_genus/Piparea/by_species/dentata/ANCASECO2/Salicaceae_Piparea_dentata_ANCASECO2_001.jpg,2026_data/sorted_12K/training/by_family/Salicaceae/by_genus/Piparea/by_species/dentata/ANCASECO2/Salicaceae_Piparea_dentata_ANCASECO2_001.jpg
individual_101,view_02,2026_data/blind_human_annotation_set/images/individual_101/view_02.jpg,Salicaceae_Piparea_dentata_ANCASECO2_002.jpg,2026_data/human_annotated_eval_set/by_family/Salicaceae/by_genus/Piparea/by_species/dentata/ANCASECO2/Salicaceae_Piparea_dentata_ANCASECO2_002.jpg,2026_data/sorted_12K/training/by_family/Salicaceae/by_genus/Piparea/by_species/dentata/ANCASECO2/Salicaceae_Piparea_dentata_ANCASECO2_002.jpg
individual_101,view_03,2026_data/blind_human_annotation_set/images/individual_101/view_03.jpg,Salicaceae_Piparea_dentata_ANCASECO2_003.jpg,2026_data/human_annotated_eval_set/by_family/Salicaceae/by_genus/Piparea/by_species/dentata/ANCASECO2/Salicaceae_Piparea_dentata_ANCASECO2_003.jpg,2026_data/sorted_12K/training/by_family/Salicaceae/by_genus/Piparea/by_species/dentata/ANCASECO2/Salicaceae_Piparea_dentata_ANCASECO2_003.jpg
individual_101,view_04,2026_data/blind_human_annotation_set/images/individual_101/view_04.jpg,Salicaceae_Piparea_dentata_ANCASECO2_004.jpg,2026_data/human_annotated_eval_set/by_family/Salicaceae/by_genus/Piparea/by_species/dentata/ANCASECO2/Salicaceae_Piparea_dentata_ANCASECO2_004.jpg,2026_data/sorted_12K/training/by_family/Salicaceae/by_genus/Piparea/by_species/dentata/ANCASECO2/Salicaceae_Piparea_dentata_ANCASECO2_004.jpg
individual_101,view_05,2026_data/blind_human_annotation_set/images/individual_101/view_05.jpg,Salicaceae_Piparea_dentata_ANCASECO2_005.jpg,2026_data/human_annotated_eval_set/by_family/Salicaceae/by_genus/Piparea/by_species/dentata/ANCASECO2/Salicaceae_Piparea_dentata_ANCASECO2_005.jpg,2026_data/sorted_12K/training/by_family/Salicaceae/by_genus/Piparea/by_species/dentata/ANCASECO2/Salicaceae_Piparea_dentata_ANCASECO2_005.jpg
individual_102,view_01,2026_data/blind_human_annotation_set/images/individual_102/view_01.jpg,Sapindaceae_Cupania_seemannii_CHCUPASY3_001.jpg,2026_data/human_annotated_eval_set/by_family/Sapindaceae/by_genus/Cupania/by_species/seemannii/CHCUPASY3/Sapindaceae_Cupania_seemannii_CHCUPASY3_001.jpg,2026_data/sorted_12K/training/by_family/Sapindaceae/by_genus/Cupania/by_species/seemannii/CHCUPASY3/Sapindaceae_Cupania_seemannii_CHCUPASY3_001.jpg
individual_102,view_02,2026_data/blind_human_annotation_set/images/individual_102/view_02.jpg,Sapindaceae_Cupania_seemannii_CHCUPASY3_002.jpg,2026_data/human_annotated_eval_set/by_family/Sapindaceae/by_genus/Cupania/by_species/seemannii/CHCUPASY3/Sapindaceae_Cupania_seemannii_CHCUPASY3_002.jpg,2026_data/sorted_12K/training/by_family/Sapindaceae/by_genus/Cupania/by_species/seemannii/CHCUPASY3/Sapindaceae_Cupania_seemannii_CHCUPASY3_002.jpg
individual_102,view_03,2026_data/blind_human_annotation_set/images/individual_102/view_03.jpg,Sapindaceae_Cupania_seemannii_CHCUPASY3_003.jpg,2026_data/human_annotated_eval_set/by_family/Sapindaceae/by_genus/Cupania/by_species/seemannii/CHCUPASY3/Sapindaceae_Cupania_seemannii_CHCUPASY3_003.jpg,2026_data/sorted_12K/training/by_family/Sapindaceae/by_genus/Cupania/by_species/seemannii/CHCUPASY3/Sapindaceae_Cupania_seemannii_CHCUPASY3_003.jpg
individual_102,view_04,2026_data/blind_human_annotation_set/images/individual_102/view_04.jpg,Sapindaceae_Cupania_seemannii_CHCUPASY3_004.jpg,2026_data/human_annotated_eval_set/by_family/Sapindaceae/by_genus/Cupania/by_species/seemannii/CHCUPASY3/Sapindaceae_Cupania_seemannii_CHCUPASY3_004.jpg,2026_data/sorted_12K/training/by_family/Sapindaceae/by_genus/Cupania/by_species/seemannii/CHCUPASY3/Sapindaceae_Cupania_seemannii_CHCUPASY3_004.jpg
individual_102,view_05,2026_data/blind_human_annotation_set/images/individual_102/view_05.jpg,Sapindaceae_Cupania_seemannii_CHCUPASY3_005.jpg,2026_data/human_annotated_eval_set/by_family/Sapindaceae/by_genus/Cupania/by_species/seemannii/CHCUPASY3/Sapindaceae_Cupania_seemannii_CHCUPASY3_005.jpg,2026_data/sorted_12K/training/by_family/Sapindaceae/by_genus/Cupania/by_species/seemannii/CHCUPASY3/Sapindaceae_Cupania_seemannii_CHCUPASY3_005.jpg
individual_103,view_01,2026_data/blind_human_annotation_set/images/individual_103/view_01.jpg,Sapindaceae_Paullinia_bracteosa_OLPAULBR1_001.jpg,2026_data/human_annotated_eval_set/by_family/Sapindaceae/by_genus/Paullinia/by_species/bracteosa/OLPAULBR1/Sapindaceae_Paullinia_bracteosa_OLPAULBR1_001.jpg,2026_data/sorted_12K/training/by_family/Sapindaceae/by_genus/Paullinia/by_species/bracteosa/OLPAULBR1/Sapindaceae_Paullinia_bracteosa_OLPAULBR1_001.jpg
individual_103,view_02,2026_data/blind_human_annotation_set/images/individual_103/view_02.jpg,Sapindaceae_Paullinia_bracteosa_OLPAULBR1_002.jpg,2026_data/human_annotated_eval_set/by_family/Sapindaceae/by_genus/Paullinia/by_species/bracteosa/OLPAULBR1/Sapindaceae_Paullinia_bracteosa_OLPAULBR1_002.jpg,2026_data/sorted_12K/training/by_family/Sapindaceae/by_genus/Paullinia/by_species/bracteosa/OLPAULBR1/Sapindaceae_Paullinia_bracteosa_OLPAULBR1_002.jpg
individual_103,view_03,2026_data/blind_human_annotation_set/images/individual_103/view_03.jpg,Sapindaceae_Paullinia_bracteosa_OLPAULBR1_003.jpg,2026_data/human_annotated_eval_set/by_family/Sapindaceae/by_genus/Paullinia/by_species/bracteosa/OLPAULBR1/Sapindaceae_Paullinia_bracteosa_OLPAULBR1_003.jpg,2026_data/sorted_12K/training/by_family/Sapindaceae/by_genus/Paullinia/by_species/bracteosa/OLPAULBR1/Sapindaceae_Paullinia_bracteosa_OLPAULBR1_003.jpg
individual_103,view_04,2026_data/blind_human_annotation_set/images/individual_103/view_04.jpg,Sapindaceae_Paullinia_bracteosa_OLPAULBR1_004.jpg,2026_data/human_annotated_eval_set/by_family/Sapindaceae/by_genus/Paullinia/by_species/bracteosa/OLPAULBR1/Sapindaceae_Paullinia_bracteosa_OLPAULBR1_004.jpg,2026_data/sorted_12K/training/by_family/Sapindaceae/by_genus/Paullinia/by_species/bracteosa/OLPAULBR1/Sapindaceae_Paullinia_bracteosa_OLPAULBR1_004.jpg
individual_103,view_05,2026_data/blind_human_annotation_set/images/individual_103/view_05.jpg,Sapindaceae_Paullinia_bracteosa_OLPAULBR1_005.jpg,2026_data/human_annotated_eval_set/by_family/Sapindaceae/by_genus/Paullinia/by_species/bracteosa/OLPAULBR1/Sapindaceae_Paullinia_bracteosa_OLPAULBR1_005.jpg,2026_data/sorted_12K/training/by_family/Sapindaceae/by_genus/Paullinia/by_species/bracteosa/OLPAULBR1/Sapindaceae_Paullinia_bracteosa_OLPAULBR1_005.jpg
individual_104,view_01,2026_data/blind_human_annotation_set/images/individual_104/view_01.jpg,Sapindaceae_Serjania_mexicana_MESERJME1_001.jpg,2026_data/human_annotated_eval_set/by_family/Sapindaceae/by_genus/Serjania/by_species/mexicana/MESERJME1/Sapindaceae_Serjania_mexicana_MESERJME1_001.jpg,2026_data/sorted_12K/training/by_family/Sapindaceae/by_genus/Serjania/by_species/mexicana/MESERJME1/Sapindaceae_Serjania_mexicana_MESERJME1_001.jpg
individual_104,view_02,2026_data/blind_human_annotation_set/images/individual_104/view_02.jpg,Sapindaceae_Serjania_mexicana_MESERJME1_002.jpg,2026_data/human_annotated_eval_set/by_family/Sapindaceae/by_genus/Serjania/by_species/mexicana/MESERJME1/Sapindaceae_Serjania_mexicana_MESERJME1_002.jpg,2026_data/sorted_12K/training/by_family/Sapindaceae/by_genus/Serjania/by_species/mexicana/MESERJME1/Sapindaceae_Serjania_mexicana_MESERJME1_002.jpg
individual_104,view_03,2026_data/blind_human_annotation_set/images/individual_104/view_03.jpg,Sapindaceae_Serjania_mexicana_MESERJME1_003.jpg,2026_data/human_annotated_eval_set/by_family/Sapindaceae/by_genus/Serjania/by_species/mexicana/MESERJME1/Sapindaceae_Serjania_mexicana_MESERJME1_003.jpg,2026_data/sorted_12K/training/by_family/Sapindaceae/by_genus/Serjania/by_species/mexicana/MESERJME1/Sapindaceae_Serjania_mexicana_MESERJME1_003.jpg
individual_104,view_04,2026_data/blind_human_annotation_set/images/individual_104/view_04.jpg,Sapindaceae_Serjania_mexicana_MESERJME1_004.jpg,2026_data/human_annotated_eval_set/by_family/Sapindaceae/by_genus/Serjania/by_species/mexicana/MESERJME1/Sapindaceae_Serjania_mexicana_MESERJME1_004.jpg,2026_data/sorted_12K/training/by_family/Sapindaceae/by_genus/Serjania/by_species/mexicana/MESERJME1/Sapindaceae_Serjania_mexicana_MESERJME1_004.jpg
individual_104,view_05,2026_data/blind_human_annotation_set/images/individual_104/view_05.jpg,Sapindaceae_Serjania_mexicana_MESERJME1_005.jpg,2026_data/human_annotated_eval_set/by_family/Sapindaceae/by_genus/Serjania/by_species/mexicana/MESERJME1/Sapindaceae_Serjania_mexicana_MESERJME1_005.jpg,2026_data/sorted_12K/training/by_family/Sapindaceae/by_genus/Serjania/by_species/mexicana/MESERJME1/Sapindaceae_Serjania_mexicana_MESERJME1_005.jpg
individual_105,view_01,2026_data/blind_human_annotation_set/images/individual_105/view_01.jpg,Sapotaceae_Chrysophyllum_argenteum_BVCHR2AR5_001.jpg,2026_data/human_annotated_eval_set/by_family/Sapotaceae/by_genus/Chrysophyllum/by_species/argenteum/BVCHR2AR5/Sapotaceae_Chrysophyllum_argenteum_BVCHR2AR5_001.jpg,2026_data/sorted_12K/training/by_family/Sapotaceae/by_genus/Chrysophyllum/by_species/argenteum/BVCHR2AR5/Sapotaceae_Chrysophyllum_argenteum_BVCHR2AR5_001.jpg
individual_105,view_02,2026_data/blind_human_annotation_set/images/individual_105/view_02.jpg,Sapotaceae_Chrysophyllum_argenteum_BVCHR2AR5_002.jpg,2026_data/human_annotated_eval_set/by_family/Sapotaceae/by_genus/Chrysophyllum/by_species/argenteum/BVCHR2AR5/Sapotaceae_Chrysophyllum_argenteum_BVCHR2AR5_002.jpg,2026_data/sorted_12K/training/by_family/Sapotaceae/by_genus/Chrysophyllum/by_species/argenteum/BVCHR2AR5/Sapotaceae_Chrysophyllum_argenteum_BVCHR2AR5_002.jpg
individual_105,view_03,2026_data/blind_human_annotation_set/images/individual_105/view_03.jpg,Sapotaceae_Chrysophyllum_argenteum_BVCHR2AR5_003.jpg,2026_data/human_annotated_eval_set/by_family/Sapotaceae/by_genus/Chrysophyllum/by_species/argenteum/BVCHR2AR5/Sapotaceae_Chrysophyllum_argenteum_BVCHR2AR5_003.jpg,2026_data/sorted_12K/training/by_family/Sapotaceae/by_genus/Chrysophyllum/by_species/argenteum/BVCHR2AR5/Sapotaceae_Chrysophyllum_argenteum_BVCHR2AR5_003.jpg
individual_105,view_04,2026_data/blind_human_annotation_set/images/individual_105/view_04.jpg,Sapotaceae_Chrysophyllum_argenteum_BVCHR2AR5_004.jpg,2026_data/human_annotated_eval_set/by_family/Sapotaceae/by_genus/Chrysophyllum/by_species/argenteum/BVCHR2AR5/Sapotaceae_Chrysophyllum_argenteum_BVCHR2AR5_004.jpg,2026_data/sorted_12K/training/by_family/Sapotaceae/by_genus/Chrysophyllum/by_species/argenteum/BVCHR2AR5/Sapotaceae_Chrysophyllum_argenteum_BVCHR2AR5_004.jpg
individual_105,view_05,2026_data/blind_human_annotation_set/images/individual_105/view_05.jpg,Sapotaceae_Chrysophyllum_argenteum_BVCHR2AR5_005.jpg,2026_data/human_annotated_eval_set/by_family/Sapotaceae/by_genus/Chrysophyllum/by_species/argenteum/BVCHR2AR5/Sapotaceae_Chrysophyllum_argenteum_BVCHR2AR5_005.jpg,2026_data/sorted_12K/training/by_family/Sapotaceae/by_genus/Chrysophyllum/by_species/argenteum/BVCHR2AR5/Sapotaceae_Chrysophyllum_argenteum_BVCHR2AR5_005.jpg
individual_106,view_01,2026_data/blind_human_annotation_set/images/individual_106/view_01.jpg,Sapotaceae_Manilkara_bidentata_SHMANIBI9_001.jpg,2026_data/human_annotated_eval_set/by_family/Sapotaceae/by_genus/Manilkara/by_species/bidentata/SHMANIBI9/Sapotaceae_Manilkara_bidentata_SHMANIBI9_001.jpg,2026_data/sorted_12K/training/by_family/Sapotaceae/by_genus/Manilkara/by_species/bidentata/SHMANIBI9/Sapotaceae_Manilkara_bidentata_SHMANIBI9_001.jpg
individual_106,view_02,2026_data/blind_human_annotation_set/images/individual_106/view_02.jpg,Sapotaceae_Manilkara_bidentata_SHMANIBI9_002.jpg,2026_data/human_annotated_eval_set/by_family/Sapotaceae/by_genus/Manilkara/by_species/bidentata/SHMANIBI9/Sapotaceae_Manilkara_bidentata_SHMANIBI9_002.jpg,2026_data/sorted_12K/training/by_family/Sapotaceae/by_genus/Manilkara/by_species/bidentata/SHMANIBI9/Sapotaceae_Manilkara_bidentata_SHMANIBI9_002.jpg
individual_106,view_03,2026_data/blind_human_annotation_set/images/individual_106/view_03.jpg,Sapotaceae_Manilkara_bidentata_SHMANIBI9_003.jpg,2026_data/human_annotated_eval_set/by_family/Sapotaceae/by_genus/Manilkara/by_species/bidentata/SHMANIBI9/Sapotaceae_Manilkara_bidentata_SHMANIBI9_003.jpg,2026_data/sorted_12K/training/by_family/Sapotaceae/by_genus/Manilkara/by_species/bidentata/SHMANIBI9/Sapotaceae_Manilkara_bidentata_SHMANIBI9_003.jpg
individual_106,view_04,2026_data/blind_human_annotation_set/images/individual_106/view_04.jpg,Sapotaceae_Manilkara_bidentata_SHMANIBI9_004.jpg,2026_data/human_annotated_eval_set/by_family/Sapotaceae/by_genus/Manilkara/by_species/bidentata/SHMANIBI9/Sapotaceae_Manilkara_bidentata_SHMANIBI9_004.jpg,2026_data/sorted_12K/training/by_family/Sapotaceae/by_genus/Manilkara/by_species/bidentata/SHMANIBI9/Sapotaceae_Manilkara_bidentata_SHMANIBI9_004.jpg
individual_106,view_05,2026_data/blind_human_annotation_set/images/individual_106/view_05.jpg,Sapotaceae_Manilkara_bidentata_SHMANIBI9_005.jpg,2026_data/human_annotated_eval_set/by_family/Sapotaceae/by_genus/Manilkara/by_species/bidentata/SHMANIBI9/Sapotaceae_Manilkara_bidentata_SHMANIBI9_005.jpg,2026_data/sorted_12K/training/by_family/Sapotaceae/by_genus/Manilkara/by_species/bidentata/SHMANIBI9/Sapotaceae_Manilkara_bidentata_SHMANIBI9_005.jpg
individual_107,view_01,2026_data/blind_human_annotation_set/images/individual_107/view_01.jpg,Sapotaceae_Pouteria_reticulata_BAR0401_001.jpg,2026_data/human_annotated_eval_set/by_family/Sapotaceae/by_genus/Pouteria/by_species/reticulata/BAR0401/Sapotaceae_Pouteria_reticulata_BAR0401_001.jpg,2026_data/sorted_12K/training/by_family/Sapotaceae/by_genus/Pouteria/by_species/reticulata/BAR0401/Sapotaceae_Pouteria_reticulata_BAR0401_001.jpg
individual_107,view_02,2026_data/blind_human_annotation_set/images/individual_107/view_02.jpg,Sapotaceae_Pouteria_reticulata_BAR0401_002.jpg,2026_data/human_annotated_eval_set/by_family/Sapotaceae/by_genus/Pouteria/by_species/reticulata/BAR0401/Sapotaceae_Pouteria_reticulata_BAR0401_002.jpg,2026_data/sorted_12K/training/by_family/Sapotaceae/by_genus/Pouteria/by_species/reticulata/BAR0401/Sapotaceae_Pouteria_reticulata_BAR0401_002.jpg
individual_107,view_03,2026_data/blind_human_annotation_set/images/individual_107/view_03.jpg,Sapotaceae_Pouteria_reticulata_BAR0401_003.jpg,2026_data/human_annotated_eval_set/by_family/Sapotaceae/by_genus/Pouteria/by_species/reticulata/BAR0401/Sapotaceae_Pouteria_reticulata_BAR0401_003.jpg,2026_data/sorted_12K/training/by_family/Sapotaceae/by_genus/Pouteria/by_species/reticulata/BAR0401/Sapotaceae_Pouteria_reticulata_BAR0401_003.jpg
individual_107,view_04,2026_data/blind_human_annotation_set/images/individual_107/view_04.jpg,Sapotaceae_Pouteria_reticulata_BAR0401_004.jpg,2026_data/human_annotated_eval_set/by_family/Sapotaceae/by_genus/Pouteria/by_species/reticulata/BAR0401/Sapotaceae_Pouteria_reticulata_BAR0401_004.jpg,2026_data/sorted_12K/training/by_family/Sapotaceae/by_genus/Pouteria/by_species/reticulata/BAR0401/Sapotaceae_Pouteria_reticulata_BAR0401_004.jpg
individual_107,view_05,2026_data/blind_human_annotation_set/images/individual_107/view_05.jpg,Sapotaceae_Pouteria_reticulata_BAR0401_005.jpg,2026_data/human_annotated_eval_set/by_family/Sapotaceae/by_genus/Pouteria/by_species/reticulata/BAR0401/Sapotaceae_Pouteria_reticulata_BAR0401_005.jpg,2026_data/sorted_12K/training/by_family/Sapotaceae/by_genus/Pouteria/by_species/reticulata/BAR0401/Sapotaceae_Pouteria_reticulata_BAR0401_005.jpg
individual_108,view_01,2026_data/blind_human_annotation_set/images/individual_108/view_01.jpg,Siparunaceae_Siparuna_guianensis_ANSIPAGU5_001.jpg,2026_data/human_annotated_eval_set/by_family/Siparunaceae/by_genus/Siparuna/by_species/guianensis/ANSIPAGU5/Siparunaceae_Siparuna_guianensis_ANSIPAGU5_001.jpg,2026_data/sorted_12K/training/by_family/Siparunaceae/by_genus/Siparuna/by_species/guianensis/ANSIPAGU5/Siparunaceae_Siparuna_guianensis_ANSIPAGU5_001.jpg
individual_108,view_02,2026_data/blind_human_annotation_set/images/individual_108/view_02.jpg,Siparunaceae_Siparuna_guianensis_ANSIPAGU5_002.jpg,2026_data/human_annotated_eval_set/by_family/Siparunaceae/by_genus/Siparuna/by_species/guianensis/ANSIPAGU5/Siparunaceae_Siparuna_guianensis_ANSIPAGU5_002.jpg,2026_data/sorted_12K/training/by_family/Siparunaceae/by_genus/Siparuna/by_species/guianensis/ANSIPAGU5/Siparunaceae_Siparuna_guianensis_ANSIPAGU5_002.jpg
individual_108,view_03,2026_data/blind_human_annotation_set/images/individual_108/view_03.jpg,Siparunaceae_Siparuna_guianensis_ANSIPAGU5_003.jpg,2026_data/human_annotated_eval_set/by_family/Siparunaceae/by_genus/Siparuna/by_species/guianensis/ANSIPAGU5/Siparunaceae_Siparuna_guianensis_ANSIPAGU5_003.jpg,2026_data/sorted_12K/training/by_family/Siparunaceae/by_genus/Siparuna/by_species/guianensis/ANSIPAGU5/Siparunaceae_Siparuna_guianensis_ANSIPAGU5_003.jpg
individual_108,view_04,2026_data/blind_human_annotation_set/images/individual_108/view_04.jpg,Siparunaceae_Siparuna_guianensis_ANSIPAGU5_004.jpg,2026_data/human_annotated_eval_set/by_family/Siparunaceae/by_genus/Siparuna/by_species/guianensis/ANSIPAGU5/Siparunaceae_Siparuna_guianensis_ANSIPAGU5_004.jpg,2026_data/sorted_12K/training/by_family/Siparunaceae/by_genus/Siparuna/by_species/guianensis/ANSIPAGU5/Siparunaceae_Siparuna_guianensis_ANSIPAGU5_004.jpg
individual_108,view_05,2026_data/blind_human_annotation_set/images/individual_108/view_05.jpg,Siparunaceae_Siparuna_guianensis_ANSIPAGU5_005.jpg,2026_data/human_annotated_eval_set/by_family/Siparunaceae/by_genus/Siparuna/by_species/guianensis/ANSIPAGU5/Siparunaceae_Siparuna_guianensis_ANSIPAGU5_005.jpg,2026_data/sorted_12K/training/by_family/Siparunaceae/by_genus/Siparuna/by_species/guianensis/ANSIPAGU5/Siparunaceae_Siparuna_guianensis_ANSIPAGU5_005.jpg
individual_109,view_01,2026_data/blind_human_annotation_set/images/individual_109/view_01.jpg,Smilacaceae_Smilax_spinosa_SHSMILS14_001.jpg,2026_data/human_annotated_eval_set/by_family/Smilacaceae/by_genus/Smilax/by_species/spinosa/SHSMILS14/Smilacaceae_Smilax_spinosa_SHSMILS14_001.jpg,2026_data/sorted_12K/training/by_family/Smilacaceae/by_genus/Smilax/by_species/spinosa/SHSMILS14/Smilacaceae_Smilax_spinosa_SHSMILS14_001.jpg
individual_109,view_02,2026_data/blind_human_annotation_set/images/individual_109/view_02.jpg,Smilacaceae_Smilax_spinosa_SHSMILS14_002.jpg,2026_data/human_annotated_eval_set/by_family/Smilacaceae/by_genus/Smilax/by_species/spinosa/SHSMILS14/Smilacaceae_Smilax_spinosa_SHSMILS14_002.jpg,2026_data/sorted_12K/training/by_family/Smilacaceae/by_genus/Smilax/by_species/spinosa/SHSMILS14/Smilacaceae_Smilax_spinosa_SHSMILS14_002.jpg
individual_109,view_03,2026_data/blind_human_annotation_set/images/individual_109/view_03.jpg,Smilacaceae_Smilax_spinosa_SHSMILS14_003.jpg,2026_data/human_annotated_eval_set/by_family/Smilacaceae/by_genus/Smilax/by_species/spinosa/SHSMILS14/Smilacaceae_Smilax_spinosa_SHSMILS14_003.jpg,2026_data/sorted_12K/training/by_family/Smilacaceae/by_genus/Smilax/by_species/spinosa/SHSMILS14/Smilacaceae_Smilax_spinosa_SHSMILS14_003.jpg
individual_109,view_04,2026_data/blind_human_annotation_set/images/individual_109/view_04.jpg,Smilacaceae_Smilax_spinosa_SHSMILS14_004.jpg,2026_data/human_annotated_eval_set/by_family/Smilacaceae/by_genus/Smilax/by_species/spinosa/SHSMILS14/Smilacaceae_Smilax_spinosa_SHSMILS14_004.jpg,2026_data/sorted_12K/training/by_family/Smilacaceae/by_genus/Smilax/by_species/spinosa/SHSMILS14/Smilacaceae_Smilax_spinosa_SHSMILS14_004.jpg
individual_109,view_05,2026_data/blind_human_annotation_set/images/individual_109/view_05.jpg,Smilacaceae_Smilax_spinosa_SHSMILS14_005.jpg,2026_data/human_annotated_eval_set/by_family/Smilacaceae/by_genus/Smilax/by_species/spinosa/SHSMILS14/Smilacaceae_Smilax_spinosa_SHSMILS14_005.jpg,2026_data/sorted_12K/training/by_family/Smilacaceae/by_genus/Smilax/by_species/spinosa/SHSMILS14/Smilacaceae_Smilax_spinosa_SHSMILS14_005.jpg
individual_110,view_01,2026_data/blind_human_annotation_set/images/individual_110/view_01.jpg,Urticaceae_Pourouma_bicolor_OLPOURBI4_001.jpg,2026_data/human_annotated_eval_set/by_family/Urticaceae/by_genus/Pourouma/by_species/bicolor/OLPOURBI4/Urticaceae_Pourouma_bicolor_OLPOURBI4_001.jpg,2026_data/sorted_12K/training/by_family/Urticaceae/by_genus/Pourouma/by_species/bicolor/OLPOURBI4/Urticaceae_Pourouma_bicolor_OLPOURBI4_001.jpg
individual_110,view_02,2026_data/blind_human_annotation_set/images/individual_110/view_02.jpg,Urticaceae_Pourouma_bicolor_OLPOURBI4_002.jpg,2026_data/human_annotated_eval_set/by_family/Urticaceae/by_genus/Pourouma/by_species/bicolor/OLPOURBI4/Urticaceae_Pourouma_bicolor_OLPOURBI4_002.jpg,2026_data/sorted_12K/training/by_family/Urticaceae/by_genus/Pourouma/by_species/bicolor/OLPOURBI4/Urticaceae_Pourouma_bicolor_OLPOURBI4_002.jpg
individual_110,view_03,2026_data/blind_human_annotation_set/images/individual_110/view_03.jpg,Urticaceae_Pourouma_bicolor_OLPOURBI4_003.jpg,2026_data/human_annotated_eval_set/by_family/Urticaceae/by_genus/Pourouma/by_species/bicolor/OLPOURBI4/Urticaceae_Pourouma_bicolor_OLPOURBI4_003.jpg,2026_data/sorted_12K/training/by_family/Urticaceae/by_genus/Pourouma/by_species/bicolor/OLPOURBI4/Urticaceae_Pourouma_bicolor_OLPOURBI4_003.jpg
individual_110,view_04,2026_data/blind_human_annotation_set/images/individual_110/view_04.jpg,Urticaceae_Pourouma_bicolor_OLPOURBI4_004.jpg,2026_data/human_annotated_eval_set/by_family/Urticaceae/by_genus/Pourouma/by_species/bicolor/OLPOURBI4/Urticaceae_Pourouma_bicolor_OLPOURBI4_004.jpg,2026_data/sorted_12K/training/by_family/Urticaceae/by_genus/Pourouma/by_species/bicolor/OLPOURBI4/Urticaceae_Pourouma_bicolor_OLPOURBI4_004.jpg
individual_110,view_05,2026_data/blind_human_annotation_set/images/individual_110/view_05.jpg,Urticaceae_Pourouma_bicolor_OLPOURBI4_005.jpg,2026_data/human_annotated_eval_set/by_family/Urticaceae/by_genus/Pourouma/by_species/bicolor/OLPOURBI4/Urticaceae_Pourouma_bicolor_OLPOURBI4_005.jpg,2026_data/sorted_12K/training/by_family/Urticaceae/by_genus/Pourouma/by_species/bicolor/OLPOURBI4/Urticaceae_Pourouma_bicolor_OLPOURBI4_005.jpg
individual_111,view_01,2026_data/blind_human_annotation_set/images/individual_111/view_01.jpg,Verbenaceae_Petrea_volubilis_BVPETRAS9_001.jpg,2026_data/human_annotated_eval_set/by_family/Verbenaceae/by_genus/Petrea/by_species/volubilis/BVPETRAS9/Verbenaceae_Petrea_volubilis_BVPETRAS9_001.jpg,2026_data/sorted_12K/training/by_family/Verbenaceae/by_genus/Petrea/by_species/volubilis/BVPETRAS9/Verbenaceae_Petrea_volubilis_BVPETRAS9_001.jpg
individual_111,view_02,2026_data/blind_human_annotation_set/images/individual_111/view_02.jpg,Verbenaceae_Petrea_volubilis_BVPETRAS9_002.jpg,2026_data/human_annotated_eval_set/by_family/Verbenaceae/by_genus/Petrea/by_species/volubilis/BVPETRAS9/Verbenaceae_Petrea_volubilis_BVPETRAS9_002.jpg,2026_data/sorted_12K/training/by_family/Verbenaceae/by_genus/Petrea/by_species/volubilis/BVPETRAS9/Verbenaceae_Petrea_volubilis_BVPETRAS9_002.jpg
individual_111,view_03,2026_data/blind_human_annotation_set/images/individual_111/view_03.jpg,Verbenaceae_Petrea_volubilis_BVPETRAS9_003.jpg,2026_data/human_annotated_eval_set/by_family/Verbenaceae/by_genus/Petrea/by_species/volubilis/BVPETRAS9/Verbenaceae_Petrea_volubilis_BVPETRAS9_003.jpg,2026_data/sorted_12K/training/by_family/Verbenaceae/by_genus/Petrea/by_species/volubilis/BVPETRAS9/Verbenaceae_Petrea_volubilis_BVPETRAS9_003.jpg
individual_111,view_04,2026_data/blind_human_annotation_set/images/individual_111/view_04.jpg,Verbenaceae_Petrea_volubilis_BVPETRAS9_004.jpg,2026_data/human_annotated_eval_set/by_family/Verbenaceae/by_genus/Petrea/by_species/volubilis/BVPETRAS9/Verbenaceae_Petrea_volubilis_BVPETRAS9_004.jpg,2026_data/sorted_12K/training/by_family/Verbenaceae/by_genus/Petrea/by_species/volubilis/BVPETRAS9/Verbenaceae_Petrea_volubilis_BVPETRAS9_004.jpg
individual_111,view_05,2026_data/blind_human_annotation_set/images/individual_111/view_05.jpg,Verbenaceae_Petrea_volubilis_BVPETRAS9_005.jpg,2026_data/human_annotated_eval_set/by_family/Verbenaceae/by_genus/Petrea/by_species/volubilis/BVPETRAS9/Verbenaceae_Petrea_volubilis_BVPETRAS9_005.jpg,2026_data/sorted_12K/training/by_family/Verbenaceae/by_genus/Petrea/by_species/volubilis/BVPETRAS9/Verbenaceae_Petrea_volubilis_BVPETRAS9_005.jpg
individual_112,view_01,2026_data/blind_human_annotation_set/images/individual_112/view_01.jpg,Violaceae_Pombalia_prunifolia_PEA0040_001.jpg,2026_data/human_annotated_eval_set/by_family/Violaceae/by_genus/Pombalia/by_species/prunifolia/PEA0040/Violaceae_Pombalia_prunifolia_PEA0040_001.jpg,2026_data/sorted_12K/training/by_family/Violaceae/by_genus/Pombalia/by_species/prunifolia/PEA0040/Violaceae_Pombalia_prunifolia_PEA0040_001.jpg
individual_112,view_02,2026_data/blind_human_annotation_set/images/individual_112/view_02.jpg,Violaceae_Pombalia_prunifolia_PEA0040_002.jpg,2026_data/human_annotated_eval_set/by_family/Violaceae/by_genus/Pombalia/by_species/prunifolia/PEA0040/Violaceae_Pombalia_prunifolia_PEA0040_002.jpg,2026_data/sorted_12K/training/by_family/Violaceae/by_genus/Pombalia/by_species/prunifolia/PEA0040/Violaceae_Pombalia_prunifolia_PEA0040_002.jpg
individual_112,view_03,2026_data/blind_human_annotation_set/images/individual_112/view_03.jpg,Violaceae_Pombalia_prunifolia_PEA0040_003.jpg,2026_data/human_annotated_eval_set/by_family/Violaceae/by_genus/Pombalia/by_species/prunifolia/PEA0040/Violaceae_Pombalia_prunifolia_PEA0040_003.jpg,2026_data/sorted_12K/training/by_family/Violaceae/by_genus/Pombalia/by_species/prunifolia/PEA0040/Violaceae_Pombalia_prunifolia_PEA0040_003.jpg
individual_112,view_04,2026_data/blind_human_annotation_set/images/individual_112/view_04.jpg,Violaceae_Pombalia_prunifolia_PEA0040_004.jpg,2026_data/human_annotated_eval_set/by_family/Violaceae/by_genus/Pombalia/by_species/prunifolia/PEA0040/Violaceae_Pombalia_prunifolia_PEA0040_004.jpg,2026_data/sorted_12K/training/by_family/Violaceae/by_genus/Pombalia/by_species/prunifolia/PEA0040/Violaceae_Pombalia_prunifolia_PEA0040_004.jpg
individual_112,view_05,2026_data/blind_human_annotation_set/images/individual_112/view_05.jpg,Violaceae_Pombalia_prunifolia_PEA0040_005.jpg,2026_data/human_annotated_eval_set/by_family/Violaceae/by_genus/Pombalia/by_species/prunifolia/PEA0040/Violaceae_Pombalia_prunifolia_PEA0040_005.jpg,2026_data/sorted_12K/training/by_family/Violaceae/by_genus/Pombalia/by_species/prunifolia/PEA0040/Violaceae_Pombalia_prunifolia_PEA0040_005.jpg
individual_113,view_01,2026_data/blind_human_annotation_set/images/individual_113/view_01.jpg,Violaceae_Rinorea_silvatica_BAR0450_001.jpg,2026_data/human_annotated_eval_set/by_family/Violaceae/by_genus/Rinorea/by_species/silvatica/BAR0450/Violaceae_Rinorea_silvatica_BAR0450_001.jpg,2026_data/sorted_12K/training/by_family/Violaceae/by_genus/Rinorea/by_species/silvatica/BAR0450/Violaceae_Rinorea_silvatica_BAR0450_001.jpg
individual_113,view_02,2026_data/blind_human_annotation_set/images/individual_113/view_02.jpg,Violaceae_Rinorea_silvatica_BAR0450_002.jpg,2026_data/human_annotated_eval_set/by_family/Violaceae/by_genus/Rinorea/by_species/silvatica/BAR0450/Violaceae_Rinorea_silvatica_BAR0450_002.jpg,2026_data/sorted_12K/training/by_family/Violaceae/by_genus/Rinorea/by_species/silvatica/BAR0450/Violaceae_Rinorea_silvatica_BAR0450_002.jpg
individual_113,view_03,2026_data/blind_human_annotation_set/images/individual_113/view_03.jpg,Violaceae_Rinorea_silvatica_BAR0450_003.jpg,2026_data/human_annotated_eval_set/by_family/Violaceae/by_genus/Rinorea/by_species/silvatica/BAR0450/Violaceae_Rinorea_silvatica_BAR0450_003.jpg,2026_data/sorted_12K/training/by_family/Violaceae/by_genus/Rinorea/by_species/silvatica/BAR0450/Violaceae_Rinorea_silvatica_BAR0450_003.jpg
individual_113,view_04,2026_data/blind_human_annotation_set/images/individual_113/view_04.jpg,Violaceae_Rinorea_silvatica_BAR0450_004.jpg,2026_data/human_annotated_eval_set/by_family/Violaceae/by_genus/Rinorea/by_species/silvatica/BAR0450/Violaceae_Rinorea_silvatica_BAR0450_004.jpg,2026_data/sorted_12K/training/by_family/Violaceae/by_genus/Rinorea/by_species/silvatica/BAR0450/Violaceae_Rinorea_silvatica_BAR0450_004.jpg
individual_113,view_05,2026_data/blind_human_annotation_set/images/individual_113/view_05.jpg,Violaceae_Rinorea_silvatica_BAR0450_005.jpg,2026_data/human_annotated_eval_set/by_family/Violaceae/by_genus/Rinorea/by_species/silvatica/BAR0450/Violaceae_Rinorea_silvatica_BAR0450_005.jpg,2026_data/sorted_12K/training/by_family/Violaceae/by_genus/Rinorea/by_species/silvatica/BAR0450/Violaceae_Rinorea_silvatica_BAR0450_005.jpg
individual_114,view_01,2026_data/blind_human_annotation_set/images/individual_114/view_01.jpg,Vochysiaceae_Vochysia_ferruginea_SHVOCHFE2_001.jpg,2026_data/human_annotated_eval_set/by_family/Vochysiaceae/by_genus/Vochysia/by_species/ferruginea/SHVOCHFE2/Vochysiaceae_Vochysia_ferruginea_SHVOCHFE2_001.jpg,2026_data/sorted_12K/training/by_family/Vochysiaceae/by_genus/Vochysia/by_species/ferruginea/SHVOCHFE2/Vochysiaceae_Vochysia_ferruginea_SHVOCHFE2_001.jpg
individual_114,view_02,2026_data/blind_human_annotation_set/images/individual_114/view_02.jpg,Vochysiaceae_Vochysia_ferruginea_SHVOCHFE2_002.jpg,2026_data/human_annotated_eval_set/by_family/Vochysiaceae/by_genus/Vochysia/by_species/ferruginea/SHVOCHFE2/Vochysiaceae_Vochysia_ferruginea_SHVOCHFE2_002.jpg,2026_data/sorted_12K/training/by_family/Vochysiaceae/by_genus/Vochysia/by_species/ferruginea/SHVOCHFE2/Vochysiaceae_Vochysia_ferruginea_SHVOCHFE2_002.jpg
individual_114,view_03,2026_data/blind_human_annotation_set/images/individual_114/view_03.jpg,Vochysiaceae_Vochysia_ferruginea_SHVOCHFE2_003.jpg,2026_data/human_annotated_eval_set/by_family/Vochysiaceae/by_genus/Vochysia/by_species/ferruginea/SHVOCHFE2/Vochysiaceae_Vochysia_ferruginea_SHVOCHFE2_003.jpg,2026_data/sorted_12K/training/by_family/Vochysiaceae/by_genus/Vochysia/by_species/ferruginea/SHVOCHFE2/Vochysiaceae_Vochysia_ferruginea_SHVOCHFE2_003.jpg
individual_114,view_04,2026_data/blind_human_annotation_set/images/individual_114/view_04.jpg,Vochysiaceae_Vochysia_ferruginea_SHVOCHFE2_004.jpg,2026_data/human_annotated_eval_set/by_family/Vochysiaceae/by_genus/Vochysia/by_species/ferruginea/SHVOCHFE2/Vochysiaceae_Vochysia_ferruginea_SHVOCHFE2_004.jpg,2026_data/sorted_12K/training/by_family/Vochysiaceae/by_genus/Vochysia/by_species/ferruginea/SHVOCHFE2/Vochysiaceae_Vochysia_ferruginea_SHVOCHFE2_004.jpg
individual_114,view_05,2026_data/blind_human_annotation_set/images/individual_114/view_05.jpg,Vochysiaceae_Vochysia_ferruginea_SHVOCHFE2_005.jpg,2026_data/human_annotated_eval_set/by_family/Vochysiaceae/by_genus/Vochysia/by_species/ferruginea/SHVOCHFE2/Vochysiaceae_Vochysia_ferruginea_SHVOCHFE2_005.jpg,2026_data/sorted_12K/training/by_family/Vochysiaceae/by_genus/Vochysia/by_species/ferruginea/SHVOCHFE2/Vochysiaceae_Vochysia_ferruginea_SHVOCHFE2_005.jpg
