anonymous_id,specimen_id,annotator,trait_key,mode,n_views,n_present,per_view_values
individual_001,SRAPHEDE2,roni,leaf_relative_position,opposite,5,5,opuesta | opuesta | opuesta | opuesta | opuesta
individual_001,SRAPHEDE2,roni,leaf_spacing,clustered,5,5,agrupadas | agrupadas | agrupadas | agrupadas | agrupadas
individual_001,SRAPHEDE2,roni,leaf_complexity_type,simple,5,5,simple | simple | simple | simple | simple
individual_001,SRAPHEDE2,roni,compound_leaf_type,__missing__,5,0,N/A | N/A | N/A | N/A | N/A
individual_001,SRAPHEDE2,roni,leaflet_arrangement,__missing__,5,0,N/A | N/A | N/A | N/A | N/A
individual_001,SRAPHEDE2,roni,leaf_margin,entire,5,5,entero | entero | entero | entero | entero
individual_001,SRAPHEDE2,roni,leaf_shape,lanceolate,5,5,lanceolada | lanceolada | lanceolada | lanceolada | lanceolada
individual_001,SRAPHEDE2,roni,leaf_apex,acute,5,5,agudo | agudo | agudo | agudo | agudo
individual_001,SRAPHEDE2,roni,leaf_base,__missing__,5,0,no visible | no visible | no visible | no visible | no visible
individual_001,SRAPHEDE2,roni,venation,pinnate,5,5,pinnada | pinnada | pinnada | pinnada | pinnada
individual_001,SRAPHEDE2,roni,leaf_trichomes,__missing__,5,0,no visible | no visible | no visible | no visible | no visible
individual_001,SRAPHEDE2,roni,petiole_length,__missing__,5,0,no visible | no visible | no visible | no visible | no visible
individual_001,SRAPHEDE2,roni,petiole_features,__missing__,5,0,no visible | no visible | no visible | no visible | no visible
individual_001,SRAPHEDE2,roni,stem_type,woody,5,2,no visible | lenoso | no visible | no visible | lenoso
individual_001,SRAPHEDE2,roni,stem_trichomes,__missing__,5,0,no visible | no visible | no visible | no visible | no visible
individual_001,SRAPHEDE2,roni,stem_texture,smooth,5,2,no visible | lisa | no visible | no visible | lisa
individual_001,SRAPHEDE2,roni,stipules,__missing__,5,0,no visible | no visible | no visible | no visible | no visible
individual_001,SRAPHEDE2,roni,latex,__missing__,5,0,no visible | no visible | no visible | no visible | no visible
individual_001,SRAPHEDE2,roni,pulvinus,__missing__,5,0,no visible | no visible | no visible | no visible | no visible
individual_001,SRAPHEDE2,roni,tendrils,__missing__,5,0,no visible | no visible | no visible | no visible | no visible
individual_001,SRAPHEDE2,roni,damage,present,5,5,presente | presente | presente | presente | presente
individual_002,SRRUELFU3,roni,leaf_relative_position,opposite,5,5,opuesta | opuesta | opuesta | opuesta | opuesta
individual_002,SRRUELFU3,roni,leaf_spacing,distal,5,2,no visible | no visible | distales | no visible | distales
individual_002,SRRUELFU3,roni,leaf_complexity_type,simple,5,5,simple | simple | simple | simple | simple
individual_002,SRRUELFU3,roni,compound_leaf_type,__missing__,5,0,N/A | N/A | N/A | N/A | N/A
individual_002,SRRUELFU3,roni,leaflet_arrangement,__missing__,5,0,N/A | N/A | N/A | N/A | N/A
individual_002,SRRUELFU3,roni,leaf_margin,toothed,5,5,dentado | dentado | dentado | dentado | dentado
individual_002,SRRUELFU3,roni,leaf_shape,elliptic,5,5,eliptica | eliptica | eliptica | eliptica | eliptica
individual_002,SRRUELFU3,roni,leaf_apex,acute,5,5,agudo | agudo | agudo | agudo | agudo
individual_002,SRRUELFU3,roni,leaf_base,rounded,5,5,redondeada | redondeada | redondeada | redondeada | redondeada
individual_002,SRRUELFU3,roni,venation,pinnate,5,5,pinnada | pinnada | pinnada | pinnada | pinnada
individual_002,SRRUELFU3,roni,leaf_trichomes,absent,5,5,ausentes | ausentes | ausentes | ausentes | ausentes
individual_002,SRRUELFU3,roni,petiole_length,short,5,1,no visible | no visible | no visible | no visible | corto
individual_002,SRRUELFU3,roni,petiole_features,terete,5,1,no visible | no visible | no visible | no visible | terete
individual_002,SRRUELFU3,roni,stem_type,woody,5,3,no visible | lenoso | lenoso | no visible | lenoso
individual_002,SRRUELFU3,roni,stem_trichomes,__missing__,5,0,no visible | no visible | no visible | no visible | no visible
individual_002,SRRUELFU3,roni,stem_texture,smooth,5,1,no visible | no visible | no visible | no visible | lisa
individual_002,SRRUELFU3,roni,stipules,absent,5,1,no visible | no visible | no visible | no visible | ausentes
individual_002,SRRUELFU3,roni,latex,__missing__,5,0,no visible | no visible | no visible | no visible | no visible
individual_002,SRRUELFU3,roni,pulvinus,absent,5,1,no visible | no visible | no visible | no visible | ausente
individual_002,SRRUELFU3,roni,tendrils,absent,5,1,no visible | no visible | no visible | no visible | ausente
individual_002,SRRUELFU3,roni,damage,present,5,5,presente | presente | presente | presente | presente
individual_003,ANLINDLA8,roni,leaf_relative_position,alternate,4,3,no visible | alterna | alterna | alterna
individual_003,ANLINDLA8,roni,leaf_spacing,distal,4,2,no visible | distales | distales | no visible
individual_003,ANLINDLA8,roni,leaf_complexity_type,simple,4,4,simple | simple | simple | simple
individual_003,ANLINDLA8,roni,compound_leaf_type,__missing__,4,0,N/A | N/A | N/A | N/A
individual_003,ANLINDLA8,roni,leaflet_arrangement,__missing__,4,0,N/A | N/A | N/A | N/A
individual_003,ANLINDLA8,roni,leaf_margin,entire,4,4,entero | entero | entero | entero
individual_003,ANLINDLA8,roni,leaf_shape,lanceolate,4,4,lanceolada | lanceolada | lanceolada | lanceolada
individual_003,ANLINDLA8,roni,leaf_apex,acute,4,4,agudo | agudo | agudo | agudo
individual_003,ANLINDLA8,roni,leaf_base,rounded,4,4,redondeada | redondeada | redondeada | redondeada
individual_003,ANLINDLA8,roni,venation,pinnate,4,4,pinnada | pinnada | pinnada | pinnada
individual_003,ANLINDLA8,roni,leaf_trichomes,absent,4,4,ausentes | ausentes | ausentes | ausentes
individual_003,ANLINDLA8,roni,petiole_length,long,4,3,no visible | largo | largo | largo
individual_003,ANLINDLA8,roni,petiole_features,terete,4,3,no visible | terete | terete | terete
individual_003,ANLINDLA8,roni,stem_type,woody,4,3,no visible | lenoso | lenoso | lenoso
individual_003,ANLINDLA8,roni,stem_trichomes,__missing__,4,0,no visible | no visible | no visible | no visible
individual_003,ANLINDLA8,roni,stem_texture,smooth,4,3,no visible | lisa | lisa | lisa
individual_003,ANLINDLA8,roni,stipules,__missing__,4,0,no visible | no visible | no visible | no visible
individual_003,ANLINDLA8,roni,latex,__missing__,4,0,no visible | no visible | no visible | no visible
individual_003,ANLINDLA8,roni,pulvinus,present,4,3,no visible | basal y apical | basal y apical | basal y apical
individual_003,ANLINDLA8,roni,tendrils,__missing__,4,0,no visible | no visible | no visible | no visible
individual_003,ANLINDLA8,roni,damage,present,4,4,presente | presente | presente | presente
individual_004,OLANACEX4,roni,leaf_relative_position,opposite,5,2,no visible | no visible | no visible | opuesta | opuesta
individual_004,OLANACEX4,roni,leaf_spacing,clustered,5,3,no visible | no visible | agrupadas | agrupadas | agrupadas
individual_004,OLANACEX4,roni,leaf_complexity_type,simple,5,5,simple | simple | simple | simple | simple
individual_004,OLANACEX4,roni,compound_leaf_type,__missing__,5,0,N/A | N/A | N/A | N/A | N/A
individual_004,OLANACEX4,roni,leaflet_arrangement,__missing__,5,0,N/A | N/A | N/A | N/A | N/A
individual_004,OLANACEX4,roni,leaf_margin,entire,5,5,entero | entero | entero | entero | entero
individual_004,OLANACEX4,roni,leaf_shape,lanceolate,5,5,lanceolada | lanceolada | lanceolada | lanceolada | lanceolada
individual_004,OLANACEX4,roni,leaf_apex,acute,5,5,agudo | agudo | agudo | agudo | agudo
individual_004,OLANACEX4,roni,leaf_base,cuneate,5,5,cuneada | cuneada | cuneada | cuneada | cuneada
individual_004,OLANACEX4,roni,venation,pinnate,5,5,pinnada | pinnada | pinnada | pinnada | pinnada
individual_004,OLANACEX4,roni,leaf_trichomes,absent,5,5,ausentes | ausentes | ausentes | ausentes | ausentes
individual_004,OLANACEX4,roni,petiole_length,short,5,2,no visible | no visible | no visible | corto | corto
individual_004,OLANACEX4,roni,petiole_features,__missing__,5,0,no visible | no visible | no visible | no visible | no visible
individual_004,OLANACEX4,roni,stem_type,woody,5,3,no visible | no visible | lenoso | lenoso | lenoso
individual_004,OLANACEX4,roni,stem_trichomes,__missing__,5,0,no visible | no visible | no visible | no visible | no visible
individual_004,OLANACEX4,roni,stem_texture,smooth,5,2,no visible | no visible | no visible | lisa | lisa
individual_004,OLANACEX4,roni,stipules,__missing__,5,0,no visible | no visible | no visible | no visible | no visible
individual_004,OLANACEX4,roni,latex,__missing__,5,0,no visible | no visible | no visible | no visible | no visible
individual_004,OLANACEX4,roni,pulvinus,__missing__,5,0,no visible | no visible | no visible | no visible | no visible
individual_004,OLANACEX4,roni,tendrils,__missing__,5,0,no visible | no visible | no visible | no visible | no visible
individual_004,OLANACEX4,roni,damage,absent,5,5,ausente | ausente | ausente | ausente | ausente
individual_005,SHTAPIGU7,roni,leaf_relative_position,alternate,5,2,no visible | no visible | alterna | no visible | alterna
individual_005,SHTAPIGU7,roni,leaf_spacing,clustered,5,4,agrupadas | no visible | agrupadas | agrupadas | agrupadas
individual_005,SHTAPIGU7,roni,leaf_complexity_type,compound,5,5,compusta | compusta | compusta | compusta | compusta
individual_005,SHTAPIGU7,roni,compound_leaf_type,odd-pinnate,5,5,imparipinada | imparipinada | imparipinada | imparipinada | imparipinada
individual_005,SHTAPIGU7,roni,leaflet_arrangement,opposite,5,5,opuesto | opuesto | opuesto | opuesto | opuesto
individual_005,SHTAPIGU7,roni,leaf_margin,entire,5,5,entero | entero | entero | entero | entero
individual_005,SHTAPIGU7,roni,leaf_shape,obovate,5,5,obovada | obovada | obovada | obovada | obovada
individual_005,SHTAPIGU7,roni,leaf_apex,acuminate,5,5,acuminado | acuminado | acuminado | acuminado | acuminado
individual_005,SHTAPIGU7,roni,leaf_base,rounded,5,5,redondeada | redondeada | redondeada | redondeada | redondeada
individual_005,SHTAPIGU7,roni,venation,pinnate,5,5,pinnada | pinnada | pinnada | pinnada | pinnada
individual_005,SHTAPIGU7,roni,leaf_trichomes,absent,5,5,ausentes | ausentes | ausentes | ausentes | ausentes
individual_005,SHTAPIGU7,roni,petiole_length,long,5,5,largo | largo | largo | largo | largo
individual_005,SHTAPIGU7,roni,petiole_features,__missing__,5,0,no visible | no visible | no visible | no visible | no visible
individual_005,SHTAPIGU7,roni,stem_type,woody,5,5,lenoso | lenoso | lenoso | lenoso | lenoso
individual_005,SHTAPIGU7,roni,stem_trichomes,__missing__,5,0,no visible | no visible | no visible | no visible | no visible
individual_005,SHTAPIGU7,roni,stem_texture,smooth,5,3,lisa | no visible | lisa | no visible | lisa
individual_005,SHTAPIGU7,roni,stipules,__missing__,5,0,no visible | no visible | no visible | no visible | no visible
individual_005,SHTAPIGU7,roni,latex,__missing__,5,0,no visible | no visible | no visible | no visible | no visible
individual_005,SHTAPIGU7,roni,pulvinus,present,5,5,basal | basal | basal | basal | basal
individual_005,SHTAPIGU7,roni,tendrils,__missing__,5,0,no visible | no visible | no visible | no visible | no visible
individual_005,SHTAPIGU7,roni,damage,present,5,5,presente | presente | presente | presente | presente
individual_006,SRANAXAL1,roni,leaf_relative_position,alternate,5,5,alterna | alterna | alterna | alterna | alterna
individual_006,SRANAXAL1,roni,leaf_spacing,distal,5,5,distales | distales | distales | distales | distales
individual_006,SRANAXAL1,roni,leaf_complexity_type,simple,5,5,simple | simple | simple | simple | simple
individual_006,SRANAXAL1,roni,compound_leaf_type,__missing__,5,0,N/A | N/A | N/A | N/A | N/A
individual_006,SRANAXAL1,roni,leaflet_arrangement,__missing__,5,0,N/A | N/A | N/A | N/A | N/A
individual_006,SRANAXAL1,roni,leaf_margin,entire,5,5,entero | entero | entero | entero | entero
individual_006,SRANAXAL1,roni,leaf_shape,lanceolate,5,5,lanceolada | lanceolada | lanceolada | lanceolada | lanceolada
individual_006,SRANAXAL1,roni,leaf_apex,acute,5,5,agudo | agudo | agudo | agudo | agudo
individual_006,SRANAXAL1,roni,leaf_base,cuneate,5,5,cuneada | cuneada | cuneada | cuneada | cuneada
individual_006,SRANAXAL1,roni,venation,pinnate,5,5,pinnada | pinnada | pinnada | pinnada | pinnada
individual_006,SRANAXAL1,roni,leaf_trichomes,absent,5,5,ausentes | ausentes | ausentes | ausentes | ausentes
individual_006,SRANAXAL1,roni,petiole_length,short,5,5,corto | corto | corto | corto | corto
individual_006,SRANAXAL1,roni,petiole_features,__missing__,5,0,no visible | no visible | no visible | no visible | no visible
individual_006,SRANAXAL1,roni,stem_type,woody,5,5,lenoso | lenoso | lenoso | lenoso | lenoso
individual_006,SRANAXAL1,roni,stem_trichomes,__missing__,5,0,no visible | no visible | no visible | no visible | no visible
individual_006,SRANAXAL1,roni,stem_texture,__missing__,5,0,no visible | no visible | no visible | no visible | no visible
individual_006,SRANAXAL1,roni,stipules,__missing__,5,0,no visible | no visible | no visible | no visible | no visible
individual_006,SRANAXAL1,roni,latex,__missing__,5,0,no visible | no visible | no visible | no visible | no visible
individual_006,SRANAXAL1,roni,pulvinus,__missing__,5,0,no visible | no visible | no visible | no visible | no visible
individual_006,SRANAXAL1,roni,tendrils,__missing__,5,0,no visible | no visible | no visible | no visible | no visible
individual_006,SRANAXAL1,roni,damage,present,5,5,presente | presente | presente | presente | presente
individual_007,CHANNOHA10,roni,leaf_relative_position,alternate,5,5,alterna | alterna | alterna | alterna | alterna
individual_007,CHANNOHA10,roni,leaf_spacing,distal,5,5,distales | distales | distales | distales | distales
individual_007,CHANNOHA10,roni,leaf_complexity_type,simple,5,5,simple | simple | simple | simple | simple
individual_007,CHANNOHA10,roni,compound_leaf_type,__missing__,5,0,N/A | N/A | N/A | N/A | N/A
individual_007,CHANNOHA10,roni,leaflet_arrangement,__missing__,5,0,N/A | N/A | N/A | N/A | N/A
individual_007,CHANNOHA10,roni,leaf_margin,__missing__,5,0,no visible | no visible | no visible | no visible | no visible
individual_007,CHANNOHA10,roni,leaf_shape,obovate,5,5,obovada | obovada | obovada | obovada | obovada
individual_007,CHANNOHA10,roni,leaf_apex,acute,5,5,agudo | agudo | agudo | agudo | agudo
individual_007,CHANNOHA10,roni,leaf_base,cuneate,5,5,cuneada | cuneada | cuneada | cuneada | cuneada
individual_007,CHANNOHA10,roni,venation,pinnate,5,5,pinnada | pinnada | pinnada | pinnada | pinnada
individual_007,CHANNOHA10,roni,leaf_trichomes,absent,5,5,ausentes | ausentes | ausentes | ausentes | ausentes
individual_007,CHANNOHA10,roni,petiole_length,short,5,5,corto | corto | corto | corto | corto
individual_007,CHANNOHA10,roni,petiole_features,__missing__,5,0,no visible | no visible | no visible | no visible | no visible
individual_007,CHANNOHA10,roni,stem_type,woody,5,5,lenoso | lenoso | lenoso | lenoso | lenoso
individual_007,CHANNOHA10,roni,stem_trichomes,__missing__,5,0,no visible | no visible | no visible | no visible | no visible
individual_007,CHANNOHA10,roni,stem_texture,__missing__,5,0,no visible | no visible | no visible | no visible | no visible
individual_007,CHANNOHA10,roni,stipules,__missing__,5,0,no visible | no visible | no visible | no visible | no visible
individual_007,CHANNOHA10,roni,latex,__missing__,5,0,no visible | no visible | no visible | no visible | no visible
individual_007,CHANNOHA10,roni,pulvinus,__missing__,5,0,no visible | no visible | no visible | no visible | no visible
individual_007,CHANNOHA10,roni,tendrils,__missing__,5,0,no visible | no visible | no visible | no visible | no visible
individual_007,CHANNOHA10,roni,damage,present,5,5,presente | presente | presente | presente | presente
individual_008,SHCREMPA5,roni,leaf_relative_position,alternate,5,5,alterna | alterna | alterna | alterna | alterna
individual_008,SHCREMPA5,roni,leaf_spacing,distal,5,5,distales | distales | distales | distales | distales
individual_008,SHCREMPA5,roni,leaf_complexity_type,simple,5,5,simple | simple | simple | simple | simple
individual_008,SHCREMPA5,roni,compound_leaf_type,__missing__,5,0,N/A | N/A | N/A | N/A | N/A
individual_008,SHCREMPA5,roni,leaflet_arrangement,__missing__,5,0,N/A | N/A | N/A | N/A | N/A
individual_008,SHCREMPA5,roni,leaf_margin,entire,5,5,entero | entero | entero | entero | entero
individual_008,SHCREMPA5,roni,leaf_shape,lanceolate,5,5,lanceolada | lanceolada | lanceolada | lanceolada | lanceolada
individual_008,SHCREMPA5,roni,leaf_apex,acuminate,5,5,acuminado | acuminado | acuminado | acuminado | acuminado
individual_008,SHCREMPA5,roni,leaf_base,cuneate,5,5,cuneada | cuneada | cuneada | cuneada | cuneada
individual_008,SHCREMPA5,roni,venation,pinnate,5,5,pinnada | pinnada | pinnada | pinnada | pinnada
individual_008,SHCREMPA5,roni,leaf_trichomes,absent,5,5,ausentes | ausentes | ausentes | ausentes | ausentes
individual_008,SHCREMPA5,roni,petiole_length,short,5,5,corto | corto | corto | corto | corto
individual_008,SHCREMPA5,roni,petiole_features,__missing__,5,0,no visible | no visible | no visible | no visible | no visible
individual_008,SHCREMPA5,roni,stem_type,woody,5,5,lenoso | lenoso | lenoso | lenoso | lenoso
individual_008,SHCREMPA5,roni,stem_trichomes,__missing__,5,0,no visible | no visible | no visible | no visible | no visible
individual_008,SHCREMPA5,roni,stem_texture,__missing__,5,0,no visible | no visible | no visible | no visible | no visible
individual_008,SHCREMPA5,roni,stipules,__missing__,5,0,no visible | no visible | no visible | no visible | no visible
individual_008,SHCREMPA5,roni,latex,__missing__,5,0,no visible | no visible | no visible | no visible | no visible
individual_008,SHCREMPA5,roni,pulvinus,__missing__,5,0,no visible | no visible | no visible | no visible | no visible
individual_008,SHCREMPA5,roni,tendrils,__missing__,5,0,no visible | no visible | no visible | no visible | no visible
individual_008,SHCREMPA5,roni,damage,absent,5,5,ausente | ausente | ausente | ausente | ausente
individual_009,PEA0147,roni,leaf_relative_position,alternate,5,5,alterna | alterna | alterna | alterna | alterna
individual_009,PEA0147,roni,leaf_spacing,distal,5,5,distales | distales | distales | distales | distales
individual_009,PEA0147,roni,leaf_complexity_type,simple,5,5,simple | simple | simple | simple | simple
individual_009,PEA0147,roni,compound_leaf_type,__missing__,5,0,N/A | N/A | N/A | N/A | N/A
individual_009,PEA0147,roni,leaflet_arrangement,__missing__,5,0,N/A | N/A | N/A | N/A | N/A
individual_009,PEA0147,roni,leaf_margin,entire,5,5,entero | entero | entero | entero | entero
individual_009,PEA0147,roni,leaf_shape,lanceolate,5,5,lanceolada | lanceolada | lanceolada | lanceolada | lanceolada
individual_009,PEA0147,roni,leaf_apex,acuminate,5,5,acuminado | acuminado | acuminado | acuminado | acuminado
individual_009,PEA0147,roni,leaf_base,cuneate,5,5,cuneada | cuneada | cuneada | cuneada | cuneada
individual_009,PEA0147,roni,venation,pinnate,5,5,pinnada | pinnada | pinnada | pinnada | pinnada
individual_009,PEA0147,roni,leaf_trichomes,__missing__,5,0,no visible | no visible | no visible | no visible | no visible
individual_009,PEA0147,roni,petiole_length,short,5,5,corto | corto | corto | corto | corto
individual_009,PEA0147,roni,petiole_features,__missing__,5,0,no visible | no visible | no visible | no visible | no visible
individual_009,PEA0147,roni,stem_type,woody,5,5,lenoso | lenoso | lenoso | lenoso | lenoso
individual_009,PEA0147,roni,stem_trichomes,__missing__,5,0,no visible | no visible | no visible | no visible | no visible
individual_009,PEA0147,roni,stem_texture,__missing__,5,0,no visible | no visible | no visible | no visible | no visible
individual_009,PEA0147,roni,stipules,__missing__,5,0,no visible | no visible | no visible | no visible | no visible
individual_009,PEA0147,roni,latex,__missing__,5,0,no visible | no visible | no visible | no visible | no visible
individual_009,PEA0147,roni,pulvinus,__missing__,5,0,no visible | no visible | no visible | no visible | no visible
individual_009,PEA0147,roni,tendrils,__missing__,5,0,no visible | no visible | no visible | no visible | no visible
individual_009,PEA0147,roni,damage,present,5,5,presente | presente | presente | presente | presente
individual_010,BVGUATAM5,roni,leaf_relative_position,alternate,6,6,alterna | alterna | alterna | alterna | alterna | alterna
individual_010,BVGUATAM5,roni,leaf_spacing,distal,6,6,distales | distales | distales | distales | distales | distales
individual_010,BVGUATAM5,roni,leaf_complexity_type,simple,6,6,simple | simple | simple | simple | simple | simple
individual_010,BVGUATAM5,roni,compound_leaf_type,__missing__,6,0,N/A | N/A | N/A | N/A | N/A | N/A
individual_010,BVGUATAM5,roni,leaflet_arrangement,__missing__,6,0,N/A | N/A | N/A | N/A | N/A | N/A
individual_010,BVGUATAM5,roni,leaf_margin,entire,6,6,entero | entero | entero | entero | entero | entero
individual_010,BVGUATAM5,roni,leaf_shape,lanceolate,6,6,lanceolada | lanceolada | lanceolada | lanceolada | lanceolada | lanceolada
individual_010,BVGUATAM5,roni,leaf_apex,acuminate,6,6,acuminado | acuminado | acuminado | acuminado | acuminado | acuminado
individual_010,BVGUATAM5,roni,leaf_base,cuneate,6,6,cuneada | cuneada | cuneada | cuneada | cuneada | cuneada
individual_010,BVGUATAM5,roni,venation,pinnate,6,6,pinnada | pinnada | pinnada | pinnada | pinnada | pinnada
individual_010,BVGUATAM5,roni,leaf_trichomes,__missing__,6,0,no visible | no visible | no visible | no visible | no visible | no visible
individual_010,BVGUATAM5,roni,petiole_length,short,6,6,corto | corto | corto | corto | corto | corto
individual_010,BVGUATAM5,roni,petiole_features,__missing__,6,0,no visible | no visible | no visible | no visible | no visible | no visible
individual_010,BVGUATAM5,roni,stem_type,woody,6,6,lenoso | lenoso | lenoso | lenoso | lenoso | lenoso
individual_010,BVGUATAM5,roni,stem_trichomes,__missing__,6,0,no visible | no visible | no visible | no visible | no visible | no visible
individual_010,BVGUATAM5,roni,stem_texture,__missing__,6,0,no visible | no visible | no visible | no visible | no visible | no visible
individual_010,BVGUATAM5,roni,stipules,__missing__,6,0,no visible | no visible | no visible | no visible | no visible | no visible
individual_010,BVGUATAM5,roni,latex,__missing__,6,0,no visible | no visible | no visible | no visible | no visible | no visible
individual_010,BVGUATAM5,roni,pulvinus,__missing__,6,0,no visible | no visible | no visible | no visible | no visible | no visible
individual_010,BVGUATAM5,roni,tendrils,__missing__,6,0,no visible | no visible | no visible | no visible | no visible | no visible
individual_010,BVGUATAM5,roni,damage,absent,6,6,ausente | ausente | ausente | ausente | ausente | ausente
individual_011,OLOXANLO5,roni,leaf_relative_position,alternate,5,5,alterna | alterna | alterna | alterna | alterna
individual_011,OLOXANLO5,roni,leaf_spacing,distal,5,5,distales | distales | distales | distales | distales
individual_011,OLOXANLO5,roni,leaf_complexity_type,simple,5,5,simple | simple | simple | simple | simple
individual_011,OLOXANLO5,roni,compound_leaf_type,__missing__,5,0,N/A | N/A | N/A | N/A | N/A
individual_011,OLOXANLO5,roni,leaflet_arrangement,__missing__,5,0,N/A | N/A | N/A | N/A | N/A
individual_011,OLOXANLO5,roni,leaf_margin,entire,5,1,no visible | no visible | no visible | no visible | entero
individual_011,OLOXANLO5,roni,leaf_shape,obovate,5,5,obovada | obovada | obovada | obovada | obovada
individual_011,OLOXANLO5,roni,leaf_apex,acute,5,5,agudo | agudo | agudo | agudo | agudo
individual_011,OLOXANLO5,roni,leaf_base,cuneate,5,5,cuneada | cuneada | cuneada | cuneada | cuneada
individual_011,OLOXANLO5,roni,venation,pinnate,5,1,no visible | no visible | no visible | no visible | pinnada
individual_011,OLOXANLO5,roni,leaf_trichomes,__missing__,5,0,no visible | no visible | no visible | no visible | no visible
individual_011,OLOXANLO5,roni,petiole_length,short,5,5,corto | corto | corto | corto | corto
individual_011,OLOXANLO5,roni,petiole_features,__missing__,5,0,no visible | no visible | no visible | no visible | no visible
individual_011,OLOXANLO5,roni,stem_type,woody,5,5,lenoso | lenoso | lenoso | lenoso | lenoso
individual_011,OLOXANLO5,roni,stem_trichomes,__missing__,5,0,no visible | no visible | no visible | no visible | no visible
individual_011,OLOXANLO5,roni,stem_texture,__missing__,5,0,no visible | no visible | no visible | no visible | no visible
individual_011,OLOXANLO5,roni,stipules,__missing__,5,0,no visible | no visible | no visible | no visible | no visible
individual_011,OLOXANLO5,roni,latex,__missing__,5,0,no visible | no visible | no visible | no visible | no visible
individual_011,OLOXANLO5,roni,pulvinus,__missing__,5,0,no visible | no visible | no visible | no visible | no visible
individual_011,OLOXANLO5,roni,tendrils,__missing__,5,0,no visible | no visible | no visible | no visible | no visible
individual_011,OLOXANLO5,roni,damage,present,5,5,presente | presente | presente | presente | presente
individual_012,SHASPICR4,roni,leaf_relative_position,alternate,5,5,alterna | alterna | alterna | alterna | alterna
individual_012,SHASPICR4,roni,leaf_spacing,distal,5,5,distales | distales | distales | distales | distales
individual_012,SHASPICR4,roni,leaf_complexity_type,simple,5,5,simple | simple | simple | simple | simple
individual_012,SHASPICR4,roni,compound_leaf_type,__missing__,5,0,N/A | N/A | N/A | N/A | N/A
individual_012,SHASPICR4,roni,leaflet_arrangement,__missing__,5,0,N/A | N/A | N/A | N/A | N/A
individual_012,SHASPICR4,roni,leaf_margin,entire,5,5,entero | entero | entero | entero | entero
individual_012,SHASPICR4,roni,leaf_shape,lanceolate,5,5,lanceolada | lanceolada | lanceolada | lanceolada | lanceolada
individual_012,SHASPICR4,roni,leaf_apex,acute,5,5,agudo | agudo | agudo | agudo | agudo
individual_012,SHASPICR4,roni,leaf_base,cuneate,5,5,cuneada | cuneada | cuneada | cuneada | cuneada
individual_012,SHASPICR4,roni,venation,__missing__,5,0,no visible | no visible | no visible | no visible | no visible
individual_012,SHASPICR4,roni,leaf_trichomes,absent,5,1,no visible | no visible | no visible | no visible | ausentes
individual_012,SHASPICR4,roni,petiole_length,short,5,5,corto | corto | corto | corto | corto
individual_012,SHASPICR4,roni,petiole_features,terete,5,1,no visible | no visible | no visible | no visible | terete
individual_012,SHASPICR4,roni,stem_type,woody,5,5,lenoso | lenoso | lenoso | lenoso | lenoso
individual_012,SHASPICR4,roni,stem_trichomes,absent,5,1,no visible | no visible | no visible | no visible | ausentes
individual_012,SHASPICR4,roni,stem_texture,smooth,5,1,no visible | no visible | no visible | no visible | lisa
individual_012,SHASPICR4,roni,stipules,absent,5,1,no visible | no visible | no visible | no visible | ausentes
individual_012,SHASPICR4,roni,latex,__missing__,5,0,no visible | no visible | no visible | no visible | no visible
individual_012,SHASPICR4,roni,pulvinus,absent,5,1,no visible | no visible | no visible | no visible | ausente
individual_012,SHASPICR4,roni,tendrils,absent,5,5,ausente | ausente | ausente | ausente | ausente
individual_012,SHASPICR4,roni,damage,absent,5,5,ausente | ausente | ausente | ausente | ausente
individual_013,CHFORSVI6,roni,leaf_relative_position,opposite,5,5,opuesta | opuesta | opuesta | opuesta | opuesta
individual_013,CHFORSVI6,roni,leaf_spacing,distal,5,5,distales | distales | distales | distales | distales
individual_013,CHFORSVI6,roni,leaf_complexity_type,simple,5,5,simple | simple | simple | simple | simple
individual_013,CHFORSVI6,roni,compound_leaf_type,__missing__,5,0,N/A | N/A | N/A | N/A | N/A
individual_013,CHFORSVI6,roni,leaflet_arrangement,__missing__,5,0,N/A | N/A | N/A | N/A | N/A
individual_013,CHFORSVI6,roni,leaf_margin,entire,5,5,entero | entero | entero | entero | entero
individual_013,CHFORSVI6,roni,leaf_shape,lanceolate,5,5,lanceolada | lanceolada | lanceolada | lanceolada | lanceolada
individual_013,CHFORSVI6,roni,leaf_apex,acute,5,5,agudo | agudo | agudo | agudo | agudo
individual_013,CHFORSVI6,roni,leaf_base,cordate,5,5,cordada | cordada | cordada | cordada | cordada
individual_013,CHFORSVI6,roni,venation,pinnate,5,5,pinnada | pinnada | pinnada | pinnada | pinnada
individual_013,CHFORSVI6,roni,leaf_trichomes,absent,5,5,ausentes | ausentes | ausentes | ausentes | ausentes
individual_013,CHFORSVI6,roni,petiole_length,short,5,5,corto | corto | corto | corto | corto
individual_013,CHFORSVI6,roni,petiole_features,__missing__,5,0,no visible | no visible | no visible | no visible | no visible
individual_013,CHFORSVI6,roni,stem_type,woody,5,5,lenoso | lenoso | lenoso | lenoso | lenoso
individual_013,CHFORSVI6,roni,stem_trichomes,absent,5,5,ausentes | ausentes | ausentes | ausentes | ausentes
individual_013,CHFORSVI6,roni,stem_texture,lenticellate,5,5,lenticelada | lenticelada | lenticelada | lenticelada | lenticelada
individual_013,CHFORSVI6,roni,stipules,absent,5,5,ausentes | ausentes | ausentes | ausentes | ausentes
individual_013,CHFORSVI6,roni,latex,__missing__,5,0,no visible | no visible | no visible | no visible | no visible
individual_013,CHFORSVI6,roni,pulvinus,__missing__,5,0,no visible | no visible | no visible | no visible | no visible
individual_013,CHFORSVI6,roni,tendrils,absent,5,5,ausente | ausente | ausente | ausente | ausente
individual_013,CHFORSVI6,roni,damage,absent,5,5,ausente | ausente | ausente | ausente | ausente
individual_014,SRTAB2UN5,roni,leaf_relative_position,opposite,5,5,opuesta | opuesta | opuesta | opuesta | opuesta
individual_014,SRTAB2UN5,roni,leaf_spacing,distal,5,5,distales | distales | distales | distales | distales
individual_014,SRTAB2UN5,roni,leaf_complexity_type,simple,5,5,simple | simple | simple | simple | simple
individual_014,SRTAB2UN5,roni,compound_leaf_type,__missing__,5,0,N/A | N/A | N/A | N/A | N/A
individual_014,SRTAB2UN5,roni,leaflet_arrangement,__missing__,5,0,N/A | N/A | N/A | N/A | N/A
individual_014,SRTAB2UN5,roni,leaf_margin,entire,5,5,entero | entero | entero | entero | entero
individual_014,SRTAB2UN5,roni,leaf_shape,lanceolate,5,5,lanceolada | lanceolada | lanceolada | lanceolada | lanceolada
individual_014,SRTAB2UN5,roni,leaf_apex,acute,5,5,agudo | agudo | agudo | agudo | agudo
individual_014,SRTAB2UN5,roni,leaf_base,cuneate,5,5,cuneada | cuneada | cuneada | cuneada | cuneada
individual_014,SRTAB2UN5,roni,venation,pinnate,5,5,pinnada | pinnada | pinnada | pinnada | pinnada
individual_014,SRTAB2UN5,roni,leaf_trichomes,absent,5,5,ausentes | ausentes | ausentes | ausentes | ausentes
individual_014,SRTAB2UN5,roni,petiole_length,short,5,5,corto | corto | corto | corto | corto
individual_014,SRTAB2UN5,roni,petiole_features,terete,5,5,terete | terete | terete | terete | terete
individual_014,SRTAB2UN5,roni,stem_type,woody,5,5,lenoso | lenoso | lenoso | lenoso | lenoso
individual_014,SRTAB2UN5,roni,stem_trichomes,absent,5,5,ausentes | ausentes | ausentes | ausentes | ausentes
individual_014,SRTAB2UN5,roni,stem_texture,smooth,5,5,lisa | lisa | lisa | lisa | lisa
individual_014,SRTAB2UN5,roni,stipules,absent,5,5,ausentes | ausentes | ausentes | ausentes | ausentes
individual_014,SRTAB2UN5,roni,latex,__missing__,5,0,no visible | no visible | no visible | no visible | no visible
individual_014,SRTAB2UN5,roni,pulvinus,absent,5,2,no visible | no visible | no visible | ausente | ausente
individual_014,SRTAB2UN5,roni,tendrils,absent,5,5,ausente | ausente | ausente | ausente | ausente
individual_014,SRTAB2UN5,roni,damage,present,5,5,presente | presente | presente | ausente | presente
individual_015,CHPHRYCO10,roni,leaf_relative_position,opposite,5,5,opuesta | opuesta | opuesta | opuesta | opuesta
individual_015,CHPHRYCO10,roni,leaf_spacing,distal,5,5,distales | distales | distales | distales | distales
individual_015,CHPHRYCO10,roni,leaf_complexity_type,simple,5,5,simple | simple | simple | simple | simple
individual_015,CHPHRYCO10,roni,compound_leaf_type,__missing__,5,0,N/A | N/A | N/A | N/A | N/A
individual_015,CHPHRYCO10,roni,leaflet_arrangement,__missing__,5,0,N/A | N/A | N/A | N/A | N/A
individual_015,CHPHRYCO10,roni,leaf_margin,entire,5,5,entero | entero | entero | entero | entero
individual_015,CHPHRYCO10,roni,leaf_shape,obovate,5,5,obovada | obovada | obovada | obovada | obovada
individual_015,CHPHRYCO10,roni,leaf_apex,acuminate,5,5,acuminado | acuminado | acuminado | acuminado | acuminado
individual_015,CHPHRYCO10,roni,leaf_base,cuneate,5,5,cuneada | cuneada | cuneada | cuneada | cuneada
individual_015,CHPHRYCO10,roni,venation,pinnate,5,5,pinnada | pinnada | pinnada | pinnada | pinnada
individual_015,CHPHRYCO10,roni,leaf_trichomes,absent,5,5,ausentes | ausentes | ausentes | ausentes | ausentes
individual_015,CHPHRYCO10,roni,petiole_length,long,5,5,largo | largo | largo | largo | largo
individual_015,CHPHRYCO10,roni,petiole_features,terete,5,5,terete | terete | terete | terete | terete
individual_015,CHPHRYCO10,roni,stem_type,woody,5,5,lenoso | lenoso | lenoso | lenoso | lenoso
individual_015,CHPHRYCO10,roni,stem_trichomes,absent,5,5,ausentes | ausentes | ausentes | ausentes | ausentes
individual_015,CHPHRYCO10,roni,stem_texture,smooth,5,5,lisa | lisa | lisa | lisa | lisa
individual_015,CHPHRYCO10,roni,stipules,absent,5,5,ausentes | ausentes | ausentes | ausentes | ausentes
individual_015,CHPHRYCO10,roni,latex,__missing__,5,0,no visible | no visible | no visible | no visible | no visible
individual_015,CHPHRYCO10,roni,pulvinus,present,5,5,"presente, apical y basal | presente, apical y basal | presente, apical y basal | presente, apical y basal | presente, apical y basal"
individual_015,CHPHRYCO10,roni,tendrils,absent,5,5,ausente | ausente | ausente | ausente | ausente
individual_015,CHPHRYCO10,roni,damage,absent,5,5,ausente | ausente | ausente | ausente | ausente
individual_016,PPCALLLA6,roni,leaf_relative_position,opposite,5,5,opuesta | opuesta | opuesta | opuesta | opuesta
individual_016,PPCALLLA6,roni,leaf_spacing,clustered,5,5,agrupadas | agrupadas | agrupadas | agrupadas | agrupadas
individual_016,PPCALLLA6,roni,leaf_complexity_type,compound,5,5,compusta | compusta | compusta | compusta | compusta
individual_016,PPCALLLA6,roni,compound_leaf_type,odd-pinnate,5,5,imparipinada | imparipinada | imparipinada | imparipinada | imparipinada
individual_016,PPCALLLA6,roni,leaflet_arrangement,opposite,5,5,opuesto | opuesto | opuesto | opuesto | opuesto
individual_016,PPCALLLA6,roni,leaf_margin,entire,5,5,entero | entero | entero | entero | entero
individual_016,PPCALLLA6,roni,leaf_shape,obovate,5,5,obovada | obovada | obovada | obovada | obovada
individual_016,PPCALLLA6,roni,leaf_apex,acuminate,5,5,acuminado | acuminado | acuminado | acuminado | acuminado
individual_016,PPCALLLA6,roni,leaf_base,rounded,5,5,redondeada | redondeada | redondeada | redondeada | redondeada
individual_016,PPCALLLA6,roni,venation,pinnate,5,5,pinnada | pinnada | pinnada | pinnada | pinnada
individual_016,PPCALLLA6,roni,leaf_trichomes,absent,5,5,ausentes | ausentes | ausentes | ausentes | ausentes
individual_016,PPCALLLA6,roni,petiole_length,long,5,5,largo | largo | largo | largo | largo
individual_016,PPCALLLA6,roni,petiole_features,terete,5,5,terete | terete | terete | terete | terete
individual_016,PPCALLLA6,roni,stem_type,woody,5,5,lenoso | lenoso | lenoso | lenoso | lenoso
individual_016,PPCALLLA6,roni,stem_trichomes,absent,5,5,ausentes | ausentes | ausentes | ausentes | ausentes
individual_016,PPCALLLA6,roni,stem_texture,smooth,5,5,lisa | lisa | lisa | lisa | lisa
individual_016,PPCALLLA6,roni,stipules,absent,5,5,ausentes | ausentes | ausentes | ausentes | ausentes
individual_016,PPCALLLA6,roni,latex,__missing__,5,0,no visible | no visible | no visible | no visible | no visible
individual_016,PPCALLLA6,roni,pulvinus,present,5,5,"presente, basal | presente, basal | presente, basal | presente, basal | presente, basal"
individual_016,PPCALLLA6,roni,tendrils,absent,5,5,ausente | ausente | ausente | ausente | ausente
individual_016,PPCALLLA6,roni,damage,absent,5,5,ausente | ausente | ausente | ausente | ausente
individual_017,BVMANSKE10,roni,leaf_relative_position,opposite,5,5,opuesta | opuesta | opuesta | opuesta | opuesta
individual_017,BVMANSKE10,roni,leaf_spacing,distal,5,5,distales | distales | distales | distales | distales
individual_017,BVMANSKE10,roni,leaf_complexity_type,compound,5,5,compusta | compusta | compusta | compusta | compusta
individual_017,BVMANSKE10,roni,compound_leaf_type,odd-pinnate,5,5,imparipinada | imparipinada | imparipinada | imparipinada | imparipinada
individual_017,BVMANSKE10,roni,leaflet_arrangement,opposite,5,5,opuesto | opuesto | opuesto | opuesto | opuesto
individual_017,BVMANSKE10,roni,leaf_margin,entire,5,5,entero | entero | entero | entero | entero
individual_017,BVMANSKE10,roni,leaf_shape,lanceolate,5,5,lanceolada | lanceolada | lanceolada | lanceolada | lanceolada
individual_017,BVMANSKE10,roni,leaf_apex,acuminate,5,5,acuminado | acuminado | acuminado | acuminado | acuminado
individual_017,BVMANSKE10,roni,leaf_base,cordate,5,5,cordada | cordada | cordada | cordada | cordada
individual_017,BVMANSKE10,roni,venation,pinnate,5,5,pinnada | pinnada | pinnada | pinnada | pinnada
individual_017,BVMANSKE10,roni,leaf_trichomes,absent,5,3,ausentes | ausentes | no visible | no visible | ausentes
individual_017,BVMANSKE10,roni,petiole_length,long,5,5,largo | largo | largo | largo | largo
individual_017,BVMANSKE10,roni,petiole_features,terete,5,5,terete | terete | terete | terete | terete
individual_017,BVMANSKE10,roni,stem_type,woody,5,4,lenoso | lenoso | no visible | lenoso | lenoso
individual_017,BVMANSKE10,roni,stem_trichomes,absent,5,3,ausentes | ausentes | no visible | no visible | ausentes
individual_017,BVMANSKE10,roni,stem_texture,smooth,5,3,lisa | lisa | no visible | no visible | lisa
individual_017,BVMANSKE10,roni,stipules,__missing__,5,0,no visible | no visible | no visible | no visible | no visible
individual_017,BVMANSKE10,roni,latex,__missing__,5,0,no visible | no visible | no visible | no visible | no visible
individual_017,BVMANSKE10,roni,pulvinus,present,5,4,"presente, basal | presente, basal | no visible | presente, basal | presente, basal"
individual_017,BVMANSKE10,roni,tendrils,absent,5,4,ausente | ausente | no visible | ausente | ausente
individual_017,BVMANSKE10,roni,damage,present,5,5,presente | presente | presente | presente | presente
individual_018,ANPLEOVA1,roni,leaf_relative_position,opposite,5,4,no visible | opuesta | opuesta | opuesta | opuesta
individual_018,ANPLEOVA1,roni,leaf_spacing,distal,5,4,no visible | distales | distales | distales | distales
individual_018,ANPLEOVA1,roni,leaf_complexity_type,compound,5,5,compusta | compusta | compusta | compusta | compusta
individual_018,ANPLEOVA1,roni,compound_leaf_type,odd-pinnate,5,5,imparipinada | imparipinada | imparipinada | imparipinada | imparipinada
individual_018,ANPLEOVA1,roni,leaflet_arrangement,opposite,5,5,opuesto | opuesto | opuesto | opuesto | opuesto
individual_018,ANPLEOVA1,roni,leaf_margin,entire,5,5,entero | entero | entero | entero | entero
individual_018,ANPLEOVA1,roni,leaf_shape,obovate,5,5,obovada | obovada | obovada | obovada | obovada
individual_018,ANPLEOVA1,roni,leaf_apex,acute,5,5,agudo | agudo | agudo | agudo | agudo
individual_018,ANPLEOVA1,roni,leaf_base,cuneate,5,5,cuneada | cuneada | cuneada | cuneada | cuneada
individual_018,ANPLEOVA1,roni,venation,pinnate,5,5,pinnada | pinnada | pinnada | pinnada | pinnada
individual_018,ANPLEOVA1,roni,leaf_trichomes,absent,5,4,no visible | ausentes | ausentes | ausentes | ausentes
individual_018,ANPLEOVA1,roni,petiole_length,long,5,5,largo | largo | largo | largo | largo
individual_018,ANPLEOVA1,roni,petiole_features,terete,5,4,no visible | terete | terete | terete | terete
individual_018,ANPLEOVA1,roni,stem_type,woody,5,3,lenoso | no visible | lenoso | no visible | lenoso
individual_018,ANPLEOVA1,roni,stem_trichomes,absent,5,3,ausentes | no visible | ausentes | no visible | ausentes
individual_018,ANPLEOVA1,roni,stem_texture,ridged,5,2,no visible | no visible | estriada | no visible | estriada
individual_018,ANPLEOVA1,roni,stipules,absent,5,2,no visible | no visible | ausentes | no visible | ausentes
individual_018,ANPLEOVA1,roni,latex,__missing__,5,0,no visible | no visible | no visible | no visible | no visible
individual_018,ANPLEOVA1,roni,pulvinus,present,5,4,"no visible | presente, basal | presente, basal | presente, basal | presente, basal"
individual_018,ANPLEOVA1,roni,tendrils,absent,5,3,no visible | no visible | ausente | ausente | ausente
individual_018,ANPLEOVA1,roni,damage,present,5,5,presente | presente | presente | presente | presente
individual_019,OLSTIZRI3,roni,leaf_relative_position,opposite,5,5,opuesta | opuesta | opuesta | opuesta | opuesta
individual_019,OLSTIZRI3,roni,leaf_spacing,distal,5,5,distales | distales | distales | distales | distales
individual_019,OLSTIZRI3,roni,leaf_complexity_type,compound,5,5,compusta | compusta | compusta | compusta | compusta
individual_019,OLSTIZRI3,roni,compound_leaf_type,odd-pinnate,5,5,imparipinada | imparipinada | imparipinada | imparipinada | imparipinada
individual_019,OLSTIZRI3,roni,leaflet_arrangement,opposite,5,5,opuesto | opuesto | opuesto | opuesto | opuesto
individual_019,OLSTIZRI3,roni,leaf_margin,toothed,5,5,"dentado, serrado | dentado, serrado | dentado, serrado | dentado, serrado | dentado, serrado"
individual_019,OLSTIZRI3,roni,leaf_shape,obovate,5,5,obovada | obovada | obovada | obovada | obovada
individual_019,OLSTIZRI3,roni,leaf_apex,acuminate,5,5,acuminado | acuminado | acuminado | acuminado | acuminado
individual_019,OLSTIZRI3,roni,leaf_base,cordate,5,5,cordada | cordada | cordada | cordada | cordada
individual_019,OLSTIZRI3,roni,venation,pinnate,5,5,pinnada | pinnada | pinnada | pinnada | pinnada
individual_019,OLSTIZRI3,roni,leaf_trichomes,absent,5,5,ausentes | ausentes | ausentes | ausentes | ausentes
individual_019,OLSTIZRI3,roni,petiole_length,long,5,5,largo | largo | largo | largo | largo
individual_019,OLSTIZRI3,roni,petiole_features,terete,5,5,terete | terete | terete | terete | terete
individual_019,OLSTIZRI3,roni,stem_type,woody,5,4,no visible | lenoso | lenoso | lenoso | lenoso
individual_019,OLSTIZRI3,roni,stem_trichomes,absent,5,4,no visible | ausentes | ausentes | ausentes | ausentes
individual_019,OLSTIZRI3,roni,stem_texture,smooth,5,4,no visible | lisa | lisa | lisa | lisa
individual_019,OLSTIZRI3,roni,stipules,__missing__,5,0,no visible | no visible | no visible | no visible | no visible
individual_019,OLSTIZRI3,roni,latex,__missing__,5,0,no visible | no visible | no visible | no visible | no visible
individual_019,OLSTIZRI3,roni,pulvinus,present,5,5,"presente, basal | presente, basal | presente, basal | presente, basal | presente, basal"
individual_019,OLSTIZRI3,roni,tendrils,absent,5,5,ausente | ausente | ausente | ausente | ausente
individual_019,OLSTIZRI3,roni,damage,absent,5,5,ausente | ausente | ausente | ausente | ausente
individual_020,CHPAR1PY2,roni,leaf_relative_position,opposite,5,4,no visible | opuesta | opuesta | opuesta | opuesta
individual_020,CHPAR1PY2,roni,leaf_spacing,clustered,5,5,agrupadas | agrupadas | agrupadas | agrupadas | agrupadas
individual_020,CHPAR1PY2,roni,leaf_complexity_type,simple,5,4,no visibles | simple | simple | simple | simple
individual_020,CHPAR1PY2,roni,compound_leaf_type,__missing__,5,0,no visible | N/A | N/A | N/A | N/A
individual_020,CHPAR1PY2,roni,leaflet_arrangement,__missing__,5,0,no visible | N/A | N/A | N/A | N/A
individual_020,CHPAR1PY2,roni,leaf_margin,entire,5,5,entero | entero | entero | entero | entero
individual_020,CHPAR1PY2,roni,leaf_shape,lanceolate,5,5,lanceolada | lanceolada | lanceolada | lanceolada | lanceolada
individual_020,CHPAR1PY2,roni,leaf_apex,acuminate,5,5,acuminado | acuminado | acuminado | acuminado | acuminado
individual_020,CHPAR1PY2,roni,leaf_base,cuneate,5,4,no visible | cuneada | cuneada | cuneada | cuneada
individual_020,CHPAR1PY2,roni,venation,pinnate,5,5,pinnada | pinnada | pinnada | pinnada | pinnada
individual_020,CHPAR1PY2,roni,leaf_trichomes,absent,5,5,ausentes | ausentes | ausentes | ausentes | ausentes
individual_020,CHPAR1PY2,roni,petiole_length,short,5,4,no visible | corto | corto | corto | corto
individual_020,CHPAR1PY2,roni,petiole_features,terete,5,4,no visible | terete | terete | terete | terete
individual_020,CHPAR1PY2,roni,stem_type,woody,5,5,lenoso | lenoso | lenoso | lenoso | lenoso
individual_020,CHPAR1PY2,roni,stem_trichomes,absent,5,4,ausentes | ausentes | ausentes | no visible | ausentes
individual_020,CHPAR1PY2,roni,stem_texture,lenticellate,5,4,lenticelada | lenticelada | lenticelada | no visible | lenticelada
individual_020,CHPAR1PY2,roni,stipules,__missing__,5,0,no visible | no visible | no visible | no visible | no visible
individual_020,CHPAR1PY2,roni,latex,__missing__,5,0,no visible | no visible | no visible | no visible | no visible
individual_020,CHPAR1PY2,roni,pulvinus,present,5,4,"no visible | presente, terminal y basal | presente, terminal y basal | presente, terminal y basal | presente, terminal y basal"
individual_020,CHPAR1PY2,roni,tendrils,absent,5,4,no visible | ausente | ausente | ausente | ausente
individual_020,CHPAR1PY2,roni,damage,present,5,5,ausente | presente | presente | presente | presente
individual_021,METYNACR4,roni,leaf_relative_position,opposite,5,2,no visible | no visible | no visible | opuesta | opuesta
individual_021,METYNACR4,roni,leaf_spacing,distal,5,1,no visible | no visible | no visible | no visible | distales
individual_021,METYNACR4,roni,leaf_complexity_type,compound,5,5,compusta | compusta | compusta | compusta | compusta
individual_021,METYNACR4,roni,compound_leaf_type,odd-pinnate,5,5,imparipinada | imparipinada | imparipinada | imparipinada | imparipinada
individual_021,METYNACR4,roni,leaflet_arrangement,opposite,5,5,opuesto | opuesto | opuesto | opuesto | opuesto
individual_021,METYNACR4,roni,leaf_margin,toothed,5,5,serrado | serrado | serrado | serrado | serrado
individual_021,METYNACR4,roni,leaf_shape,obovate,5,5,obovada | obovada | obovada | obovada | obovada
individual_021,METYNACR4,roni,leaf_apex,acuminate,5,5,acuminado | acuminado | acuminado | acuminado | acuminado
individual_021,METYNACR4,roni,leaf_base,cordate,5,5,cordada | cordada | cordada | cordada | cordada
individual_021,METYNACR4,roni,venation,pinnate,5,5,pinnada | pinnada | pinnada | pinnada | pinnada
individual_021,METYNACR4,roni,leaf_trichomes,absent,5,5,ausentes | ausentes | ausentes | ausentes | ausentes
individual_021,METYNACR4,roni,petiole_length,long,5,5,largo | largo | largo | largo | largo
individual_021,METYNACR4,roni,petiole_features,terete,5,1,no visible | no visible | no visible | no visible | terete
individual_021,METYNACR4,roni,stem_type,woody,5,1,no visible | no visible | no visible | no visible | lenoso
individual_021,METYNACR4,roni,stem_trichomes,__missing__,5,0,no visible | no visible | no visible | no visible | no visible
individual_021,METYNACR4,roni,stem_texture,__missing__,5,0,no visible | no visible | no visible | no visible | no visible
individual_021,METYNACR4,roni,stipules,__missing__,5,0,no visible | no visible | no visible | no visible | no visible
individual_021,METYNACR4,roni,latex,__missing__,5,0,no visible | no visible | no visible | no visible | no visible
individual_021,METYNACR4,roni,pulvinus,__missing__,5,0,no visible | no visible | no visible | no visible | no visible
individual_021,METYNACR4,roni,tendrils,absent,5,1,no visible | no visible | no visible | ausente | no visible
individual_021,METYNACR4,roni,damage,present,5,5,presente | presente | presente | presente | presente
individual_022,SHCORDBI3,roni,leaf_relative_position,alternate,5,5,alterna | alterna | alterna | alterna | alterna
individual_022,SHCORDBI3,roni,leaf_spacing,clustered,5,5,agrupadas | agrupadas | agrupadas | agrupadas | agrupadas
individual_022,SHCORDBI3,roni,leaf_complexity_type,simple,5,5,simple | simple | simple | simple | simple
individual_022,SHCORDBI3,roni,compound_leaf_type,__missing__,5,0,N/A | N/A | N/A | N/A | N/A
individual_022,SHCORDBI3,roni,leaflet_arrangement,__missing__,5,0,N/A | N/A | N/A | N/A | N/A
individual_022,SHCORDBI3,roni,leaf_margin,toothed,5,5,serrado | serrado | serrado | serrado | serrado
individual_022,SHCORDBI3,roni,leaf_shape,lanceolate,5,5,lanceolada | lanceolada | lanceolada | lanceolada | lanceolada
individual_022,SHCORDBI3,roni,leaf_apex,acuminate,5,5,acuminado | acuminado | acuminado | acuminado | acuminado
individual_022,SHCORDBI3,roni,leaf_base,cuneate,5,5,cuneada | cuneada | cuneada | cuneada | cuneada
individual_022,SHCORDBI3,roni,venation,pinnate,5,5,pinnada | pinnada | pinnada | pinnada | pinnada
individual_022,SHCORDBI3,roni,leaf_trichomes,__missing__,5,0,no visible | no visible | no visible | no visible | no visible
individual_022,SHCORDBI3,roni,petiole_length,short,5,5,corto | corto | corto | corto | corto
individual_022,SHCORDBI3,roni,petiole_features,terete,5,5,terete | terete | terete | terete | terete
individual_022,SHCORDBI3,roni,stem_type,woody,5,1,no visible | no visible | no visible | no visible | lenoso
individual_022,SHCORDBI3,roni,stem_trichomes,__missing__,5,0,no visible | no visible | no visible | no visible | no visible
individual_022,SHCORDBI3,roni,stem_texture,__missing__,5,0,no visible | no visible | no visible | no visible | no visible
individual_022,SHCORDBI3,roni,stipules,absent,5,1,no visible | no visible | no visible | no visible | ausentes
individual_022,SHCORDBI3,roni,latex,__missing__,5,0,no visible | no visible | no visible | no visible | no visible
individual_022,SHCORDBI3,roni,pulvinus,present,5,5,presente | presente | presente | presente | presente
individual_022,SHCORDBI3,roni,tendrils,absent,5,5,ausente | ausente | ausente | ausente | ausente
individual_022,SHCORDBI3,roni,damage,absent,5,5,ausente | ausente | ausente | ausente | ausente
individual_023,BAR0010,roni,leaf_relative_position,alternate,5,5,alterna | alterna | alterna | alterna | alterna
individual_023,BAR0010,roni,leaf_spacing,distal,5,5,distales | distales | distales | distales | distales
individual_023,BAR0010,roni,leaf_complexity_type,simple,5,5,simple | simple | simple | simple | simple
individual_023,BAR0010,roni,compound_leaf_type,__missing__,5,0,N/A | N/A | N/A | N/A | N/A
individual_023,BAR0010,roni,leaflet_arrangement,__missing__,5,0,N/A | N/A | N/A | N/A | N/A
individual_023,BAR0010,roni,leaf_margin,entire,5,5,entero | entero | entero | entero | entero
individual_023,BAR0010,roni,leaf_shape,elliptic,5,5,eliptica | eliptica | eliptica | eliptica | eliptica
individual_023,BAR0010,roni,leaf_apex,acuminate,5,5,acuminado | acuminado | acuminado | acuminado | acuminado
individual_023,BAR0010,roni,leaf_base,cuneate,5,5,cuneada | cuneada | cuneada | cuneada | cuneada
individual_023,BAR0010,roni,venation,pinnate,5,5,pinnada | pinnada | pinnada | pinnada | pinnada
individual_023,BAR0010,roni,leaf_trichomes,absent,5,5,ausentes | ausentes | ausentes | ausentes | ausentes
individual_023,BAR0010,roni,petiole_length,long,5,5,largo | largo | largo | largo | largo
individual_023,BAR0010,roni,petiole_features,terete,5,5,terete | terete | terete | terete | terete
individual_023,BAR0010,roni,stem_type,woody,5,3,lenoso | lenoso | no visible | lenoso | no visible
individual_023,BAR0010,roni,stem_trichomes,__missing__,5,0,no visible | no visible | no visible | no visible | no visible
individual_023,BAR0010,roni,stem_texture,__missing__,5,0,no visible | no visible | no visible | no visible | no visible
individual_023,BAR0010,roni,stipules,__missing__,5,0,no visible | no visible | no visible | no visible | no visible
individual_023,BAR0010,roni,latex,__missing__,5,0,no visible | no visible | no visible | no visible | no visible
individual_023,BAR0010,roni,pulvinus,present,5,5,basal y apical | basal y apical | basal y apical | basal y apical | basal y apical
individual_023,BAR0010,roni,tendrils,absent,5,5,ausente | ausente | ausente | ausente | ausente
individual_023,BAR0010,roni,damage,present,5,5,presente | presente | presente | presente | presente
individual_024,SHCALOLO10,roni,leaf_relative_position,opposite,4,4,opuesta | opuesta | opuesta | opuesta
individual_024,SHCALOLO10,roni,leaf_spacing,clustered,4,4,agrupadas | agrupadas | agrupadas | agrupadas
individual_024,SHCALOLO10,roni,leaf_complexity_type,simple,4,4,simple | simple | simple | simple
individual_024,SHCALOLO10,roni,compound_leaf_type,__missing__,4,0,N/A | N/A | N/A | N/A
individual_024,SHCALOLO10,roni,leaflet_arrangement,__missing__,4,0,N/A | N/A | N/A | N/A
individual_024,SHCALOLO10,roni,leaf_margin,entire,4,4,entero | entero | entero | entero
individual_024,SHCALOLO10,roni,leaf_shape,elliptic,4,4,eliptica | eliptica | eliptica | eliptica
individual_024,SHCALOLO10,roni,leaf_apex,obtuse,4,4,obtuso | obtuso | obtuso | obtuso
individual_024,SHCALOLO10,roni,leaf_base,cuneate,4,4,cuneada | cuneada | cuneada | cuneada
individual_024,SHCALOLO10,roni,venation,parallel,4,4,paralela | paralela | paralela | paralela
individual_024,SHCALOLO10,roni,leaf_trichomes,absent,4,4,ausentes | ausentes | ausentes | ausentes
individual_024,SHCALOLO10,roni,petiole_length,short,4,4,corto | corto | corto | corto
individual_024,SHCALOLO10,roni,petiole_features,terete,4,4,terete | terete | terete | terete
individual_024,SHCALOLO10,roni,stem_type,woody,4,2,no visible | lenoso | lenoso | no visible
individual_024,SHCALOLO10,roni,stem_trichomes,__missing__,4,0,no visible | no visible | no visible | no visible
individual_024,SHCALOLO10,roni,stem_texture,smooth,4,2,no visible | lisa | lisa | no visible
individual_024,SHCALOLO10,roni,stipules,absent,4,4,ausentes | ausentes | ausentes | ausentes
individual_024,SHCALOLO10,roni,latex,__missing__,4,0,no visible | no visible | no visible | no visible
individual_024,SHCALOLO10,roni,pulvinus,absent,4,2,no visible | ausente | ausente | no visible
individual_024,SHCALOLO10,roni,tendrils,absent,4,4,ausente | ausente | ausente | ausente
individual_024,SHCALOLO10,roni,damage,present,4,4,presente | presente | presente | presente
individual_025,BAR0018,roni,leaf_relative_position,__missing__,5,0,no visible | no visible | no visible | no visible | no visible
individual_025,BAR0018,roni,leaf_spacing,__missing__,5,0,no visible | no visible | no visible | no visible | no visible
individual_025,BAR0018,roni,leaf_complexity_type,simple,5,5,simple | simple | simple | simple | simple
individual_025,BAR0018,roni,compound_leaf_type,__missing__,5,0,N/A | N/A | N/A | N/A | N/A
individual_025,BAR0018,roni,leaflet_arrangement,__missing__,5,0,N/A | N/A | N/A | N/A | N/A
individual_025,BAR0018,roni,leaf_margin,entire,5,5,entero | entero | entero | entero | entero
individual_025,BAR0018,roni,leaf_shape,obovate,5,5,obovada | obovada | obovada | obovada | obovada
individual_025,BAR0018,roni,leaf_apex,acuminate,5,5,acuminado | acuminado | acuminado | acuminado | acuminado
individual_025,BAR0018,roni,leaf_base,cordate,5,5,cordada | cordada | cordada | cordada | cordada
individual_025,BAR0018,roni,venation,pinnate,5,5,pinnada | pinnada | pinnada | pinnada | pinnada
individual_025,BAR0018,roni,leaf_trichomes,absent,5,5,ausentes | ausentes | ausentes | ausentes | ausentes
individual_025,BAR0018,roni,petiole_length,short,5,5,corto | corto | corto | corto | corto
individual_025,BAR0018,roni,petiole_features,__missing__,5,0,no visible | no visible | no visible | no visible | no visible
individual_025,BAR0018,roni,stem_type,__missing__,5,0,no visible | no visible | no visible | no visible | no visible
individual_025,BAR0018,roni,stem_trichomes,__missing__,5,0,no visible | no visible | no visible | no visible | no visible
individual_025,BAR0018,roni,stem_texture,__missing__,5,0,no visible | no visible | no visible | no visible | no visible
individual_025,BAR0018,roni,stipules,__missing__,5,0,no visible | no visible | no visible | no visible | no visible
individual_025,BAR0018,roni,latex,__missing__,5,0,no visible | no visible | no visible | no visible | no visible
individual_025,BAR0018,roni,pulvinus,__missing__,5,0,no visible | no visible | no visible | no visible | no visible
individual_025,BAR0018,roni,tendrils,__missing__,5,0,no visible | no visible | no visible | no visible | no visible
individual_025,BAR0018,roni,damage,present,5,5,presente | presente | presente | presente | presente
individual_026,OLHIPPVO7,roni,leaf_relative_position,opposite,5,5,opuesta | opuesta | opuesta | opuesta | opuesta
individual_026,OLHIPPVO7,roni,leaf_spacing,clustered,5,5,agrupadas | agrupadas | agrupadas | agrupadas | agrupadas
individual_026,OLHIPPVO7,roni,leaf_complexity_type,simple,5,5,simple | simple | simple | simple | simple
individual_026,OLHIPPVO7,roni,compound_leaf_type,__missing__,5,0,N/A | N/A | N/A | N/A | N/A
individual_026,OLHIPPVO7,roni,leaflet_arrangement,__missing__,5,0,N/A | N/A | N/A | N/A | N/A
individual_026,OLHIPPVO7,roni,leaf_margin,toothed,5,5,serrado | serrado | serrado | serrado | serrado
individual_026,OLHIPPVO7,roni,leaf_shape,lanceolate,5,5,lanceolada | lanceolada | lanceolada | lanceolada | lanceolada
individual_026,OLHIPPVO7,roni,leaf_apex,acute,5,5,agudo | agudo | agudo | agudo | agudo
individual_026,OLHIPPVO7,roni,leaf_base,cuneate,5,5,cuneada | cuneada | cuneada | cuneada | cuneada
individual_026,OLHIPPVO7,roni,venation,pinnate,5,5,pinnada | pinnada | pinnada | pinnada | pinnada
individual_026,OLHIPPVO7,roni,leaf_trichomes,__missing__,5,0,no visible | no visible | no visible | no visible | no visible
individual_026,OLHIPPVO7,roni,petiole_length,short,5,5,corto | corto | corto | corto | corto
individual_026,OLHIPPVO7,roni,petiole_features,__missing__,5,0,no visible | no visible | no visible | no visible | no visible
individual_026,OLHIPPVO7,roni,stem_type,woody,5,5,lenoso | lenoso | lenoso | lenoso | lenoso
individual_026,OLHIPPVO7,roni,stem_trichomes,__missing__,5,0,no visible | no visible | no visible | no visible | no visible
individual_026,OLHIPPVO7,roni,stem_texture,__missing__,5,0,no visible | no visible | no visible | no visible | no visible
individual_026,OLHIPPVO7,roni,stipules,__missing__,5,0,no visible | no visible | no visible | no visible | no visible
individual_026,OLHIPPVO7,roni,latex,__missing__,5,0,no visible | no visible | no visible | no visible | no visible
individual_026,OLHIPPVO7,roni,pulvinus,__missing__,5,0,no visible | no visible | no visible | no visible | no visible
individual_026,OLHIPPVO7,roni,tendrils,absent,5,5,ausente | ausente | ausente | ausente | ausente
individual_026,OLHIPPVO7,roni,damage,present,5,5,presente | presente | presente | presente | presente
individual_027,BAR0482,roni,leaf_relative_position,__missing__,5,0,no visible | no visible | no visible | no visible | no visible
individual_027,BAR0482,roni,leaf_spacing,__missing__,5,0,no visible | no visible | no visible | no visible | no visible
individual_027,BAR0482,roni,leaf_complexity_type,simple,5,5,simple | simple | simple | simple | simple
individual_027,BAR0482,roni,compound_leaf_type,__missing__,5,0,N/A | N/A | N/A | N/A | N/A
individual_027,BAR0482,roni,leaflet_arrangement,__missing__,5,0,N/A | N/A | N/A | N/A | N/A
individual_027,BAR0482,roni,leaf_margin,entire,5,5,entero | entero | entero | entero | entero
individual_027,BAR0482,roni,leaf_shape,elliptic,5,5,eliptica | eliptica | eliptica | eliptica | eliptica
individual_027,BAR0482,roni,leaf_apex,acute,5,5,agudo | agudo | agudo | agudo | agudo
individual_027,BAR0482,roni,leaf_base,__missing__,5,0,no visible | no visible | no visible | no visible | no visible
individual_027,BAR0482,roni,venation,pinnate,5,5,pinnada | pinnada | pinnada | pinnada | pinnada
individual_027,BAR0482,roni,leaf_trichomes,absent,5,5,ausentes | ausentes | ausentes | ausentes | ausentes
individual_027,BAR0482,roni,petiole_length,__missing__,5,0,no visible | no visible | no visible | no visible | no visible
individual_027,BAR0482,roni,petiole_features,__missing__,5,0,no visible | no visible | no visible | no visible | no visible
individual_027,BAR0482,roni,stem_type,woody,5,2,no visible | lenoso | no visible | lenoso | no visible
individual_027,BAR0482,roni,stem_trichomes,__missing__,5,0,no visible | no visible | no visible | no visible | no visible
individual_027,BAR0482,roni,stem_texture,__missing__,5,0,no visible | no visible | no visible | no visible | no visible
individual_027,BAR0482,roni,stipules,__missing__,5,0,no visible | no visible | no visible | no visible | no visible
individual_027,BAR0482,roni,latex,__missing__,5,0,no visible | no visible | no visible | no visible | no visible
individual_027,BAR0482,roni,pulvinus,__missing__,5,0,no visible | no visible | no visible | no visible | no visible
individual_027,BAR0482,roni,tendrils,absent,5,5,ausente | ausente | ausente | ausente | ausente
individual_027,BAR0482,roni,damage,absent,5,5,ausente | ausente | ausente | ausente | ausente
individual_028,BVMAYTSC9,roni,leaf_relative_position,alternate,5,5,alterna | alterna | alterna | alterna | alterna
individual_028,BVMAYTSC9,roni,leaf_spacing,distal,5,5,distales | distales | distales | distales | distales
individual_028,BVMAYTSC9,roni,leaf_complexity_type,simple,5,5,simple | simple | simple | simple | simple
individual_028,BVMAYTSC9,roni,compound_leaf_type,__missing__,5,0,N/A | N/A | N/A | N/A | N/A
individual_028,BVMAYTSC9,roni,leaflet_arrangement,__missing__,5,0,N/A | N/A | N/A | N/A | N/A
individual_028,BVMAYTSC9,roni,leaf_margin,toothed,5,5,serrado | serrado | serrado | serrado | serrado
individual_028,BVMAYTSC9,roni,leaf_shape,lanceolate,5,5,lanceolada | lanceolada | lanceolada | lanceolada | lanceolada
individual_028,BVMAYTSC9,roni,leaf_apex,acuminate,5,5,acuminado | acuminado | acuminado | acuminado | acuminado
individual_028,BVMAYTSC9,roni,leaf_base,cuneate,5,5,cuneada | cuneada | cuneada | cuneada | cuneada
individual_028,BVMAYTSC9,roni,venation,pinnate,5,5,pinnada | pinnada | pinnada | pinnada | pinnada
individual_028,BVMAYTSC9,roni,leaf_trichomes,absent,5,5,ausentes | ausentes | ausentes | ausentes | ausentes
individual_028,BVMAYTSC9,roni,petiole_length,short,5,5,corto | corto | corto | corto | corto
individual_028,BVMAYTSC9,roni,petiole_features,terete,5,5,terete | terete | terete | terete | terete
individual_028,BVMAYTSC9,roni,stem_type,woody,5,5,lenoso | lenoso | lenoso | lenoso | lenoso
individual_028,BVMAYTSC9,roni,stem_trichomes,absent,5,5,ausentes | ausentes | ausentes | ausentes | ausentes
individual_028,BVMAYTSC9,roni,stem_texture,smooth,5,5,lisa | lisa | lisa | lisa | lisa
individual_028,BVMAYTSC9,roni,stipules,__missing__,5,0,no visible | no visible | no visible | no visible | no visible
individual_028,BVMAYTSC9,roni,latex,__missing__,5,0,no visible | no visible | no visible | no visible | no visible
individual_028,BVMAYTSC9,roni,pulvinus,absent,5,5,ausente | ausente | ausente | ausente | ausente
individual_028,BVMAYTSC9,roni,tendrils,absent,5,5,ausente | ausente | ausente | ausente | ausente
individual_028,BVMAYTSC9,roni,damage,absent,5,5,ausente | ausente | ausente | ausente | ausente
individual_029,MEPERIPR9,roni,leaf_relative_position,opposite,5,5,opuesta | opuesta | opuesta | opuesta | opuesta
individual_029,MEPERIPR9,roni,leaf_spacing,distal,5,5,distales | distales | distales | distales | distales
individual_029,MEPERIPR9,roni,leaf_complexity_type,simple,5,5,simple | simple | simple | simple | simple
individual_029,MEPERIPR9,roni,compound_leaf_type,__missing__,5,0,N/A | N/A | N/A | N/A | N/A
individual_029,MEPERIPR9,roni,leaflet_arrangement,__missing__,5,0,N/A | N/A | N/A | N/A | N/A
individual_029,MEPERIPR9,roni,leaf_margin,entire,5,5,entero | entero | entero | entero | entero
individual_029,MEPERIPR9,roni,leaf_shape,lanceolate,5,5,lanceolada | lanceolada | lanceolada | lanceolada | lanceolada
individual_029,MEPERIPR9,roni,leaf_apex,acuminate,5,5,acuminado | acuminado | acuminado | acuminado | acuminado
individual_029,MEPERIPR9,roni,leaf_base,cuneate,5,5,cuneada | cuneada | cuneada | cuneada | cuneada
individual_029,MEPERIPR9,roni,venation,pinnate,5,5,pinnada | pinnada | pinnada | pinnada | pinnada
individual_029,MEPERIPR9,roni,leaf_trichomes,absent,5,5,ausentes | ausentes | ausentes | ausentes | ausentes
individual_029,MEPERIPR9,roni,petiole_length,short,5,5,corto | corto | corto | corto | corto
individual_029,MEPERIPR9,roni,petiole_features,terete,5,5,terete | terete | terete | terete | terete
individual_029,MEPERIPR9,roni,stem_type,woody,5,5,lenoso | lenoso | lenoso | lenoso | lenoso
individual_029,MEPERIPR9,roni,stem_trichomes,absent,5,5,ausentes | ausentes | ausentes | ausentes | ausentes
individual_029,MEPERIPR9,roni,stem_texture,smooth,5,5,lisa | lisa | lisa | lisa | lisa
individual_029,MEPERIPR9,roni,stipules,absent,5,5,ausentes | ausentes | ausentes | ausentes | ausentes
individual_029,MEPERIPR9,roni,latex,__missing__,5,0,no visible | no visible | no visible | no visible | no visible
individual_029,MEPERIPR9,roni,pulvinus,present,5,5,presente | presente | presente | presente | presente
individual_029,MEPERIPR9,roni,tendrils,absent,5,5,ausente | ausente | ausente | ausente | ausente
individual_029,MEPERIPR9,roni,damage,present,5,5,presente | presente | presente | presente | presente
individual_030,BAR0305,roni,leaf_relative_position,opposite,5,5,opuesta | opuesta | opuesta | opuesta | opuesta
individual_030,BAR0305,roni,leaf_spacing,distal,5,5,distales | distales | distales | distales | distales
individual_030,BAR0305,roni,leaf_complexity_type,simple,5,5,simple | simple | simple | simple | simple
individual_030,BAR0305,roni,compound_leaf_type,__missing__,5,0,N/A | N/A | N/A | N/A | N/A
individual_030,BAR0305,roni,leaflet_arrangement,__missing__,5,0,N/A | N/A | N/A | N/A | N/A
individual_030,BAR0305,roni,leaf_margin,entire,5,5,entero | entero | entero | entero | entero
individual_030,BAR0305,roni,leaf_shape,lanceolate,5,5,lanceolada | lanceolada | lanceolada | lanceolada | lanceolada
individual_030,BAR0305,roni,leaf_apex,acute,5,5,agudo | agudo | agudo | agudo | agudo
individual_030,BAR0305,roni,leaf_base,cordate,5,5,cordada | cordada | cordada | cordada | cordada
individual_030,BAR0305,roni,venation,pinnate,5,5,pinnada | pinnada | pinnada | pinnada | pinnada
individual_030,BAR0305,roni,leaf_trichomes,__missing__,5,0,no visible | no visible | no visible | no visible | no visible
individual_030,BAR0305,roni,petiole_length,short,5,5,corto | corto | corto | corto | corto
individual_030,BAR0305,roni,petiole_features,terete,5,5,terete | terete | terete | terete | terete
individual_030,BAR0305,roni,stem_type,woody,5,5,lenoso | lenoso | lenoso | lenoso | lenoso
individual_030,BAR0305,roni,stem_trichomes,__missing__,5,0,no visible | no visible | no visible | no visible | no visible
individual_030,BAR0305,roni,stem_texture,__missing__,5,0,no visible | no visible | no visible | no visible | no visible
individual_030,BAR0305,roni,stipules,__missing__,5,0,no visible | no visible | no visible | no visible | no visible
individual_030,BAR0305,roni,latex,__missing__,5,0,no visible | no visible | no visible | no visible | no visible
individual_030,BAR0305,roni,pulvinus,__missing__,5,0,no visible | no visible | no visible | no visible | no visible
individual_030,BAR0305,roni,tendrils,absent,5,5,ausente | ausente | ausente | ausente | ausente
individual_030,BAR0305,roni,damage,absent,5,5,ausente | ausente | ausente | ausente | ausente
individual_031,SHTONTOV3,roni,leaf_relative_position,opposite,5,5,opuesta | opuesta | opuesta | opuesta | opuesta
individual_031,SHTONTOV3,roni,leaf_spacing,distal,5,5,distales | distales | distales | distales | distales
individual_031,SHTONTOV3,roni,leaf_complexity_type,simple,5,5,simple | simple | simple | simple | simple
individual_031,SHTONTOV3,roni,compound_leaf_type,__missing__,5,0,N/A | N/A | N/A | N/A | N/A
individual_031,SHTONTOV3,roni,leaflet_arrangement,__missing__,5,0,N/A | N/A | N/A | N/A | N/A
individual_031,SHTONTOV3,roni,leaf_margin,entire,5,5,entero | entero | entero | entero | entero
individual_031,SHTONTOV3,roni,leaf_shape,lanceolate,5,5,lanceolada | lanceolada | lanceolada | lanceolada | lanceolada
individual_031,SHTONTOV3,roni,leaf_apex,acuminate,5,5,acuminado | acuminado | acuminado | acuminado | acuminado
individual_031,SHTONTOV3,roni,leaf_base,cuneate,5,5,cuneada | cuneada | cuneada | cuneada | cuneada
individual_031,SHTONTOV3,roni,venation,pinnate,5,5,pinnada | pinnada | pinnada | pinnada | pinnada
individual_031,SHTONTOV3,roni,leaf_trichomes,absent,5,5,ausentes | ausentes | ausentes | ausentes | ausentes
individual_031,SHTONTOV3,roni,petiole_length,short,5,5,corto | corto | corto | corto | corto
individual_031,SHTONTOV3,roni,petiole_features,grooved,5,5,acanalado | acanalado | acanalado | acanalado | acanalado
individual_031,SHTONTOV3,roni,stem_type,woody,5,5,lenoso | lenoso | lenoso | lenoso | lenoso
individual_031,SHTONTOV3,roni,stem_trichomes,absent,5,5,ausentes | ausentes | ausentes | ausentes | ausentes
individual_031,SHTONTOV3,roni,stem_texture,smooth,5,5,lisa | lisa | lisa | lisa | lisa
individual_031,SHTONTOV3,roni,stipules,absent,5,5,ausentes | ausentes | ausentes | ausentes | ausentes
individual_031,SHTONTOV3,roni,latex,__missing__,5,0,no visible | no visible | no visible | no visible | no visible
individual_031,SHTONTOV3,roni,pulvinus,absent,5,5,ausente | ausente | ausente | ausente | ausente
individual_031,SHTONTOV3,roni,tendrils,absent,5,5,ausente | ausente | ausente | ausente | ausente
individual_031,SHTONTOV3,roni,damage,present,5,5,presente | presente | presente | presente | presente
individual_032,ANHIRTRA4,roni,leaf_relative_position,alternate,5,5,alterna | alterna | alterna | alterna | alterna
individual_032,ANHIRTRA4,roni,leaf_spacing,distal,5,5,distales | distales | distales | distales | distales
individual_032,ANHIRTRA4,roni,leaf_complexity_type,simple,5,5,simple | simple | simple | simple | simple
individual_032,ANHIRTRA4,roni,compound_leaf_type,__missing__,5,0,N/A | N/A | N/A | N/A | N/A
individual_032,ANHIRTRA4,roni,leaflet_arrangement,__missing__,5,0,N/A | N/A | N/A | N/A | N/A
individual_032,ANHIRTRA4,roni,leaf_margin,entire,5,1,no visible | no visible | no visible | no visible | entero
individual_032,ANHIRTRA4,roni,leaf_shape,lanceolate,5,5,lanceolada | lanceolada | lanceolada | lanceolada | lanceolada
individual_032,ANHIRTRA4,roni,leaf_apex,acuminate,5,5,acuminado | acuminado | acuminado | acuminado | acuminado
individual_032,ANHIRTRA4,roni,leaf_base,cuneate,5,5,cuneada | cuneada | cuneada | cuneada | cuneada
individual_032,ANHIRTRA4,roni,venation,pinnate,5,1,no visible | no visible | no visible | no visible | pinnada
individual_032,ANHIRTRA4,roni,leaf_trichomes,present,5,1,no visible | no visible | no visible | no visible | presentes
individual_032,ANHIRTRA4,roni,petiole_length,short,5,5,corto | corto | corto | corto | corto
individual_032,ANHIRTRA4,roni,petiole_features,terete,5,1,no visible | no visible | no visible | no visible | terete
individual_032,ANHIRTRA4,roni,stem_type,woody,5,5,lenoso | lenoso | lenoso | lenoso | lenoso
individual_032,ANHIRTRA4,roni,stem_trichomes,present,5,1,no visible | no visible | no visible | no visible | presentes
individual_032,ANHIRTRA4,roni,stem_texture,__missing__,5,0,no visible | no visible | no visible | no visible | pubescente
individual_032,ANHIRTRA4,roni,stipules,present,5,1,no visible | no visible | no visible | no visible | presentes
individual_032,ANHIRTRA4,roni,latex,__missing__,5,0,no visible | no visible | no visible | no visible | no visible
individual_032,ANHIRTRA4,roni,pulvinus,absent,5,1,no visible | no visible | no visible | no visible | ausente
individual_032,ANHIRTRA4,roni,tendrils,absent,5,5,ausente | ausente | ausente | ausente | ausente
individual_032,ANHIRTRA4,roni,damage,present,5,5,presente | presente | presente | presente | presente
individual_033,SRLICAHY3,roni,leaf_relative_position,alternate,5,5,alterna | alterna | alterna | alterna | alterna
individual_033,SRLICAHY3,roni,leaf_spacing,distal,5,5,distales | distales | distales | distales | distales
individual_033,SRLICAHY3,roni,leaf_complexity_type,simple,5,5,simple | simple | simple | simple | simple
individual_033,SRLICAHY3,roni,compound_leaf_type,__missing__,5,0,N/A | N/A | N/A | N/A | N/A
individual_033,SRLICAHY3,roni,leaflet_arrangement,__missing__,5,0,N/A | N/A | N/A | N/A | N/A
individual_033,SRLICAHY3,roni,leaf_margin,entire,5,5,entero | entero | entero | entero | entero
individual_033,SRLICAHY3,roni,leaf_shape,elliptic,5,5,eliptica | eliptica | eliptica | eliptica | eliptica
individual_033,SRLICAHY3,roni,leaf_apex,acuminate,5,5,acuminado | acuminado | acuminado | acuminado | acuminado
individual_033,SRLICAHY3,roni,leaf_base,rounded,5,5,redondeada | redondeada | redondeada | redondeada | redondeada
individual_033,SRLICAHY3,roni,venation,pinnate,5,5,pinnada | pinnada | pinnada | pinnada | pinnada
individual_033,SRLICAHY3,roni,leaf_trichomes,__missing__,5,0,no visible | no visible | no visible | no visible | no visible
individual_033,SRLICAHY3,roni,petiole_length,short,5,5,corto | corto | corto | corto | corto
individual_033,SRLICAHY3,roni,petiole_features,__missing__,5,0,no visible | apulbinado | no visible | apulbinado | apulbinado
individual_033,SRLICAHY3,roni,stem_type,woody,5,5,lenoso | lenoso | lenoso | lenoso | lenoso
individual_033,SRLICAHY3,roni,stem_trichomes,present,5,3,no visible | presentes | no visible | presentes | presentes
individual_033,SRLICAHY3,roni,stem_texture,__missing__,5,0,no visible | pubescente | no visible | pubescente | pubescente
individual_033,SRLICAHY3,roni,stipules,present,5,1,no visible | no visible | no visible | no visible | presentes
individual_033,SRLICAHY3,roni,latex,__missing__,5,0,no visible | no visible | no visible | no visible | no visible
individual_033,SRLICAHY3,roni,pulvinus,present,5,3,no visible | presente | no visible | presente | presente
individual_033,SRLICAHY3,roni,tendrils,absent,5,5,ausente | ausente | ausente | ausente | ausente
individual_033,SRLICAHY3,roni,damage,present,5,5,presente | presente | presente | presente | presente
individual_034,SRSYMPGL2,roni,leaf_relative_position,opposite,5,5,opuesta | opuesta | opuesta | opuesta | opuesta
individual_034,SRSYMPGL2,roni,leaf_spacing,distal,5,5,distales | distales | distales | distales | distales
individual_034,SRSYMPGL2,roni,leaf_complexity_type,simple,5,5,simple | simple | simple | simple | simple
individual_034,SRSYMPGL2,roni,compound_leaf_type,__missing__,5,0,N/A | N/A | N/A | N/A | N/A
individual_034,SRSYMPGL2,roni,leaflet_arrangement,__missing__,5,0,N/A | N/A | N/A | N/A | N/A
individual_034,SRSYMPGL2,roni,leaf_margin,entire,5,5,entero | entero | entero | entero | entero
individual_034,SRSYMPGL2,roni,leaf_shape,lanceolate,5,5,lanceolada | lanceolada | lanceolada | lanceolada | lanceolada
individual_034,SRSYMPGL2,roni,leaf_apex,acuminate,5,5,acuminado | acuminado | acuminado | acuminado | acuminado
individual_034,SRSYMPGL2,roni,leaf_base,cuneate,5,5,cuneada | cuneada | cuneada | cuneada | cuneada
individual_034,SRSYMPGL2,roni,venation,parallel,5,4,no visible | paralela | paralela | paralela | paralela
individual_034,SRSYMPGL2,roni,leaf_trichomes,absent,5,5,ausentes | ausentes | ausentes | ausentes | ausentes
individual_034,SRSYMPGL2,roni,petiole_length,short,5,5,corto | corto | corto | corto | corto
individual_034,SRSYMPGL2,roni,petiole_features,terete,5,5,terete | terete | terete | terete | terete
individual_034,SRSYMPGL2,roni,stem_type,woody,5,5,lenoso | lenoso | lenoso | lenoso | lenoso
individual_034,SRSYMPGL2,roni,stem_trichomes,absent,5,5,ausentes | ausentes | ausentes | ausentes | ausentes
individual_034,SRSYMPGL2,roni,stem_texture,smooth,5,5,lisa | lisa | lisa | lisa | lisa
individual_034,SRSYMPGL2,roni,stipules,absent,5,5,ausentes | ausentes | ausentes | ausentes | ausentes
individual_034,SRSYMPGL2,roni,latex,__missing__,5,0,no visible | no visible | no visible | no visible | no visible
individual_034,SRSYMPGL2,roni,pulvinus,absent,5,5,ausente | ausente | ausente | ausente | ausente
individual_034,SRSYMPGL2,roni,tendrils,absent,5,5,ausente | ausente | ausente | ausente | ausente
individual_034,SRSYMPGL2,roni,damage,present,5,5,presente | presente | presente | presente | presente
individual_035,SHTOVOST2,roni,leaf_relative_position,opposite,5,5,opuesta | opuesta | opuesta | opuesta | opuesta
individual_035,SHTOVOST2,roni,leaf_spacing,distal,5,5,distales | distales | distales | distales | distales
individual_035,SHTOVOST2,roni,leaf_complexity_type,simple,5,5,simple | simple | simple | simple | simple
individual_035,SHTOVOST2,roni,compound_leaf_type,__missing__,5,0,N/A | N/A | N/A | N/A | N/A
individual_035,SHTOVOST2,roni,leaflet_arrangement,__missing__,5,0,N/A | N/A | N/A | N/A | N/A
individual_035,SHTOVOST2,roni,leaf_margin,entire,5,5,entero | entero | entero | entero | entero
individual_035,SHTOVOST2,roni,leaf_shape,obovate,5,5,obovada | obovada | obovada | obovada | obovada
individual_035,SHTOVOST2,roni,leaf_apex,acute,5,5,agudo | agudo | agudo | agudo | agudo
individual_035,SHTOVOST2,roni,leaf_base,cuneate,5,5,cuneada | cuneada | cuneada | cuneada | cuneada
individual_035,SHTOVOST2,roni,venation,pinnate,5,5,pinnada | pinnada | pinnada | pinnada | pinnada
individual_035,SHTOVOST2,roni,leaf_trichomes,absent,5,5,ausentes | ausentes | ausentes | ausentes | ausentes
individual_035,SHTOVOST2,roni,petiole_length,short,5,5,corto | corto | corto | corto | corto
individual_035,SHTOVOST2,roni,petiole_features,terete,5,5,terete | terete | terete | terete | terete
individual_035,SHTOVOST2,roni,stem_type,woody,5,5,lenoso | lenoso | lenoso | lenoso | lenoso
individual_035,SHTOVOST2,roni,stem_trichomes,absent,5,5,ausentes | ausentes | ausentes | ausentes | ausentes
individual_035,SHTOVOST2,roni,stem_texture,smooth,5,5,lisa | lisa | lisa | lisa | lisa
individual_035,SHTOVOST2,roni,stipules,absent,5,5,ausentes | ausentes | ausentes | ausentes | ausentes
individual_035,SHTOVOST2,roni,latex,__missing__,5,0,no visible | no visible | no visible | no visible | no visible
individual_035,SHTOVOST2,roni,pulvinus,absent,5,5,ausente | ausente | ausente | ausente | ausente
individual_035,SHTOVOST2,roni,tendrils,absent,5,5,ausente | ausente | ausente | ausente | ausente
individual_035,SHTOVOST2,roni,damage,absent,5,5,ausente | ausente | presente | presente | ausente
individual_036,PPTERMOB5,roni,leaf_relative_position,alternate,5,5,alterna | alterna | alterna | alterna | alterna
individual_036,PPTERMOB5,roni,leaf_spacing,clustered,5,5,agrupadas | agrupadas | agrupadas | agrupadas | agrupadas
individual_036,PPTERMOB5,roni,leaf_complexity_type,simple,5,5,simple | simple | simple | simple | simple
individual_036,PPTERMOB5,roni,compound_leaf_type,__missing__,5,0,N/A | N/A | N/A | N/A | N/A
individual_036,PPTERMOB5,roni,leaflet_arrangement,__missing__,5,0,N/A | N/A | N/A | N/A | N/A
individual_036,PPTERMOB5,roni,leaf_margin,entire,5,5,entero | entero | entero | entero | entero
individual_036,PPTERMOB5,roni,leaf_shape,elliptic,5,5,eliptica | eliptica | eliptica | eliptica | eliptica
individual_036,PPTERMOB5,roni,leaf_apex,acuminate,5,5,acuminado | acuminado | acuminado | acuminado | acuminado
individual_036,PPTERMOB5,roni,leaf_base,cuneate,5,5,cuneada | cuneada | cuneada | cuneada | cuneada
individual_036,PPTERMOB5,roni,venation,pinnate,5,5,pinnada | pinnada | pinnada | pinnada | pinnada
individual_036,PPTERMOB5,roni,leaf_trichomes,__missing__,5,0,no visible | no visible | no visible | no visible | no visible
individual_036,PPTERMOB5,roni,petiole_length,short,5,5,corto | corto | corto | corto | corto
individual_036,PPTERMOB5,roni,petiole_features,__missing__,5,0,no visible | no visible | no visible | no visible | no visible
individual_036,PPTERMOB5,roni,stem_type,woody,5,5,lenoso | lenoso | lenoso | lenoso | lenoso
individual_036,PPTERMOB5,roni,stem_trichomes,__missing__,5,0,no visible | no visible | no visible | no visible | no visible
individual_036,PPTERMOB5,roni,stem_texture,__missing__,5,0,no visible | no visible | no visible | no visible | no visible
individual_036,PPTERMOB5,roni,stipules,__missing__,5,0,no visible | no visible | no visible | no visible | no visible
individual_036,PPTERMOB5,roni,latex,__missing__,5,0,no visible | no visible | no visible | no visible | no visible
individual_036,PPTERMOB5,roni,pulvinus,__missing__,5,0,no visible | no visible | no visible | no visible | no visible
individual_036,PPTERMOB5,roni,tendrils,absent,5,5,ausente | ausente | ausente | ausente | ausente
individual_036,PPTERMOB5,roni,damage,present,5,5,presente | presente | presente | presente | presente
individual_037,MECNESRU4,roni,leaf_relative_position,alternate,5,5,alterna | alterna | alterna | alterna | alterna
individual_037,MECNESRU4,roni,leaf_spacing,distal,5,5,distales | distales | distales | distales | distales
individual_037,MECNESRU4,roni,leaf_complexity_type,__missing__,5,0,simples y compestas | simples y compestas | simples y compestas | simples y compestas | simples y compestas
individual_037,MECNESRU4,roni,compound_leaf_type,odd-pinnate,5,5,imparipinada | imparipinada | imparipinada | imparipinada | imparipinada
individual_037,MECNESRU4,roni,leaflet_arrangement,opposite,5,5,opuesto | opuesto | opuesto | opuesto | opuesto
individual_037,MECNESRU4,roni,leaf_margin,entire,5,5,entero | entero | entero | entero | entero
individual_037,MECNESRU4,roni,leaf_shape,obovate,5,5,obovada | obovada | obovada | obovada | obovada
individual_037,MECNESRU4,roni,leaf_apex,acuminate,5,5,acuminado | acuminado | acuminado | acuminado | acuminado
individual_037,MECNESRU4,roni,leaf_base,rounded,5,5,redondeada | redondeada | redondeada | redondeada | redondeada
individual_037,MECNESRU4,roni,venation,pinnate,5,5,pinnada | pinnada | pinnada | pinnada | pinnada
individual_037,MECNESRU4,roni,leaf_trichomes,__missing__,5,0,no visible | no visible | no visible | no visible | no visible
individual_037,MECNESRU4,roni,petiole_length,long,5,5,largo | largo | largo | largo | largo
individual_037,MECNESRU4,roni,petiole_features,terete,5,5,terete | terete | terete | terete | terete
individual_037,MECNESRU4,roni,stem_type,woody,5,5,lenoso | lenoso | lenoso | lenoso | lenoso
individual_037,MECNESRU4,roni,stem_trichomes,present,5,5,presentes | presentes | presentes | presentes | presentes
individual_037,MECNESRU4,roni,stem_texture,__missing__,5,0,pubescente | pubescente | pubescente | pubescente | pubescente
individual_037,MECNESRU4,roni,stipules,__missing__,5,0,no visible | no visible | no visible | no visible | no visible
individual_037,MECNESRU4,roni,latex,__missing__,5,0,no visible | no visible | no visible | no visible | no visible
individual_037,MECNESRU4,roni,pulvinus,present,5,5,basal y apical | basal y apical | basal y apical | basal y apical | basal y apical
individual_037,MECNESRU4,roni,tendrils,absent,5,5,ausente | ausente | ausente | ausente | ausente
individual_037,MECNESRU4,roni,damage,present,5,5,presente | presente | presente | presente | presente
individual_038,ANCONNPA5,roni,leaf_relative_position,alternate,5,5,alterna | alterna | alterna | alterna | alterna
individual_038,ANCONNPA5,roni,leaf_spacing,clustered,5,5,agrupadas | agrupadas | agrupadas | agrupadas | agrupadas
individual_038,ANCONNPA5,roni,leaf_complexity_type,__missing__,5,0,simples y compestas | simples y compestas | simples y compestas | simples y compestas | simples y compestas
individual_038,ANCONNPA5,roni,compound_leaf_type,odd-pinnate,5,5,imparipinada | imparipinada | imparipinada | imparipinada | imparipinada
individual_038,ANCONNPA5,roni,leaflet_arrangement,opposite,5,5,opuesto | opuesto | opuesto | opuesto | opuesto
individual_038,ANCONNPA5,roni,leaf_margin,entire,5,5,entero | entero | entero | entero | entero
individual_038,ANCONNPA5,roni,leaf_shape,obovate,5,5,obovada | obovada | obovada | obovada | obovada
individual_038,ANCONNPA5,roni,leaf_apex,acuminate,5,5,acuminado | acuminado | acuminado | acuminado | acuminado
individual_038,ANCONNPA5,roni,leaf_base,rounded,5,5,redondeada | redondeada | redondeada | redondeada | redondeada
individual_038,ANCONNPA5,roni,venation,pinnate,5,5,pinnada | pinnada | pinnada | pinnada | pinnada
individual_038,ANCONNPA5,roni,leaf_trichomes,absent,5,5,ausentes | ausentes | ausentes | ausentes | ausentes
individual_038,ANCONNPA5,roni,petiole_length,long,5,5,largo | largo | largo | largo | largo
individual_038,ANCONNPA5,roni,petiole_features,terete,5,3,terete | no visible | no visible | terete | terete
individual_038,ANCONNPA5,roni,stem_type,woody,5,5,lenoso | lenoso | lenoso | lenoso | lenoso
individual_038,ANCONNPA5,roni,stem_trichomes,__missing__,5,0,no visible | no visible | no visible | no visible | no visible
individual_038,ANCONNPA5,roni,stem_texture,__missing__,5,0,no visible | no visible | no visible | no visible | no visible
individual_038,ANCONNPA5,roni,stipules,__missing__,5,0,no visible | no visible | no visible | no visible | no visible
individual_038,ANCONNPA5,roni,latex,__missing__,5,0,no visible | no visible | no visible | no visible | no visible
individual_038,ANCONNPA5,roni,pulvinus,present,5,3,basal y apical | no visible | no visible | basal y apical | basal y apical
individual_038,ANCONNPA5,roni,tendrils,absent,5,5,ausente | ausente | ausente | ausente | ausente
individual_038,ANCONNPA5,roni,damage,present,5,5,presente | presente | presente | presente | presente
individual_039,PEA0224,roni,leaf_relative_position,alternate,5,5,alterna | alterna | alterna | alterna | alterna
individual_039,PEA0224,roni,leaf_spacing,distal,5,5,distales | distales | distales | distales | distales
individual_039,PEA0224,roni,leaf_complexity_type,simple,5,5,simples | simples | simples | simples | simples
individual_039,PEA0224,roni,compound_leaf_type,__missing__,5,0,N/A | N/A | N/A | N/A | N/A
individual_039,PEA0224,roni,leaflet_arrangement,__missing__,5,0,N/A | N/A | N/A | N/A | N/A
individual_039,PEA0224,roni,leaf_margin,entire,5,5,entero | entero | entero | entero | entero
individual_039,PEA0224,roni,leaf_shape,lanceolate,5,5,lanceolada | lanceolada | lanceolada | lanceolada | lanceolada
individual_039,PEA0224,roni,leaf_apex,acuminate,5,5,acuminado | acuminado | acuminado | acuminado | acuminado
individual_039,PEA0224,roni,leaf_base,cuneate,5,5,cuneada | cuneada | cuneada | cuneada | cuneada
individual_039,PEA0224,roni,venation,pinnate,5,5,pinnada | pinnada | pinnada | pinnada | pinnada
individual_039,PEA0224,roni,leaf_trichomes,absent,5,5,ausentes | ausentes | ausentes | ausentes | ausentes
individual_039,PEA0224,roni,petiole_length,short,5,5,corto | corto | corto | corto | corto
individual_039,PEA0224,roni,petiole_features,terete,5,5,terete | terete | terete | terete | terete
individual_039,PEA0224,roni,stem_type,woody,5,5,lenoso | lenoso | lenoso | lenoso | lenoso
individual_039,PEA0224,roni,stem_trichomes,__missing__,5,0,no visible | no visible | no visible | no visible | no visible
individual_039,PEA0224,roni,stem_texture,smooth,5,3,lisa | lisa | no visible | no visible | lisa
individual_039,PEA0224,roni,stipules,__missing__,5,0,no visible | no visible | no visible | no visible | no visible
individual_039,PEA0224,roni,latex,__missing__,5,0,no visible | no visible | no visible | no visible | no visible
individual_039,PEA0224,roni,pulvinus,present,5,2,no visible | presente | no visible | no visible | presente
individual_039,PEA0224,roni,tendrils,absent,5,5,ausente | ausente | ausente | ausente | ausente
individual_039,PEA0224,roni,damage,absent,5,5,ausente | ausente | ausente | ausente | ausente
individual_040,OLDICHGE2,roni,leaf_relative_position,alternate,5,5,alterna | alterna | alterna | alterna | alterna
individual_040,OLDICHGE2,roni,leaf_spacing,clustered,5,5,agrupadas | agrupadas | agrupadas | agrupadas | agrupadas
individual_040,OLDICHGE2,roni,leaf_complexity_type,simple,5,5,simples | simples | simples | simples | simples
individual_040,OLDICHGE2,roni,compound_leaf_type,__missing__,5,0,N/A | N/A | N/A | N/A | N/A
individual_040,OLDICHGE2,roni,leaflet_arrangement,__missing__,5,0,N/A | N/A | N/A | N/A | N/A
individual_040,OLDICHGE2,roni,leaf_margin,entire,5,5,entero | entero | entero | entero | entero
individual_040,OLDICHGE2,roni,leaf_shape,elliptic,5,5,eliptica | eliptica | eliptica | eliptica | eliptica
individual_040,OLDICHGE2,roni,leaf_apex,acuminate,5,5,acuminado | acuminado | acuminado | acuminado | acuminado
individual_040,OLDICHGE2,roni,leaf_base,cordate,5,5,cordada | cordada | cordada | cordada | cordada
individual_040,OLDICHGE2,roni,venation,pinnate,5,5,pinnada | pinnada | pinnada | pinnada | pinnada
individual_040,OLDICHGE2,roni,leaf_trichomes,__missing__,5,0,no visible | no visible | no visible | no visible | no visible
individual_040,OLDICHGE2,roni,petiole_length,short,5,5,corto | corto | corto | corto | corto
individual_040,OLDICHGE2,roni,petiole_features,terete,5,5,terete | terete | terete | terete | terete
individual_040,OLDICHGE2,roni,stem_type,woody,5,5,lenoso | lenoso | lenoso | lenoso | lenoso
individual_040,OLDICHGE2,roni,stem_trichomes,__missing__,5,0,no visible | no visible | no visible | no visible | no visible
individual_040,OLDICHGE2,roni,stem_texture,__missing__,5,0,no visible | no visible | no visible | no visible | no visible
individual_040,OLDICHGE2,roni,stipules,present,5,5,presentes | presentes | presentes | presentes | presentes
individual_040,OLDICHGE2,roni,latex,__missing__,5,0,no visible | no visible | no visible | no visible | no visible
individual_040,OLDICHGE2,roni,pulvinus,present,5,5,presente | presente | presente | presente | presente
individual_040,OLDICHGE2,roni,tendrils,absent,5,5,ausente | ausente | ausente | ausente | ausente
individual_040,OLDICHGE2,roni,damage,present,5,5,presente | presente | presente | presente | presente
individual_041,PEA0166,roni,leaf_relative_position,alternate,4,3,alterna | alterna | alterna | no visible
individual_041,PEA0166,roni,leaf_spacing,clustered,4,3,agrupadas | agrupadas | agrupadas | no visible
individual_041,PEA0166,roni,leaf_complexity_type,simple,4,3,simples | simples | simples | no visibles
individual_041,PEA0166,roni,compound_leaf_type,__missing__,4,0,N/A | N/A | N/A | N/A
individual_041,PEA0166,roni,leaflet_arrangement,__missing__,4,0,N/A | N/A | N/A | N/A
individual_041,PEA0166,roni,leaf_margin,toothed,4,3,serrado | serrado | serrado | no visible
individual_041,PEA0166,roni,leaf_shape,elliptic,4,3,eliptica | eliptica | eliptica | no visible
individual_041,PEA0166,roni,leaf_apex,acuminate,4,3,acuminado | acuminado | acuminado | no visible
individual_041,PEA0166,roni,leaf_base,cuneate,4,3,cuneada | cuneada | cuneada | no visible
individual_041,PEA0166,roni,venation,pinnate,4,3,pinnada | pinnada | pinnada | no visible
individual_041,PEA0166,roni,leaf_trichomes,absent,4,1,no visible | no visible | ausentes | no visible
individual_041,PEA0166,roni,petiole_length,short,4,3,corto | corto | corto | no visible
individual_041,PEA0166,roni,petiole_features,terete,4,3,terete | terete | terete | no visible
individual_041,PEA0166,roni,stem_type,woody,4,4,lenoso | lenoso | lenoso | lenoso
individual_041,PEA0166,roni,stem_trichomes,__missing__,4,0,no visible | no visible | no visible | no visible
individual_041,PEA0166,roni,stem_texture,__missing__,4,0,no visible | no visible | no visible | no visible
individual_041,PEA0166,roni,stipules,__missing__,4,0,no visible | no visible | no visible | no visible
individual_041,PEA0166,roni,latex,__missing__,4,0,no visible | no visible | no visible | no visible
individual_041,PEA0166,roni,pulvinus,present,4,3,basal | basal | basal | no visible
individual_041,PEA0166,roni,tendrils,absent,4,3,ausente | ausente | ausente | no visible
individual_041,PEA0166,roni,damage,absent,4,3,ausente | ausente | ausente | no visible
individual_042,BVTET1PO6,roni,leaf_relative_position,alternate,5,5,alterna | alterna | alterna | alterna | alterna
individual_042,BVTET1PO6,roni,leaf_spacing,clustered,5,5,agrupadas | agrupadas | agrupadas | agrupadas | agrupadas
individual_042,BVTET1PO6,roni,leaf_complexity_type,simple,5,5,simple | simple | simple | simple | simple
individual_042,BVTET1PO6,roni,compound_leaf_type,__missing__,5,0,N/A | N/A | N/A | N/A | N/A
individual_042,BVTET1PO6,roni,leaflet_arrangement,__missing__,5,0,N/A | N/A | N/A | N/A | N/A
individual_042,BVTET1PO6,roni,leaf_margin,toothed,5,5,serrado | serrado | serrado | serrado | serrado
individual_042,BVTET1PO6,roni,leaf_shape,lanceolate,5,5,lanceolada | lanceolada | lanceolada | lanceolada | lanceolada
individual_042,BVTET1PO6,roni,leaf_apex,acute,5,5,agudo | agudo | agudo | agudo | agudo
individual_042,BVTET1PO6,roni,leaf_base,cuneate,5,5,cuneada | cuneada | cuneada | cuneada | cuneada
individual_042,BVTET1PO6,roni,venation,pinnate,5,5,pinnada | pinnada | pinnada | pinnada | pinnada
individual_042,BVTET1PO6,roni,leaf_trichomes,present,5,1,no visible | no visible | no visible | no visible | presentes
individual_042,BVTET1PO6,roni,petiole_length,short,5,4,corto | no visible | corto | corto | corto
individual_042,BVTET1PO6,roni,petiole_features,terete,5,4,terete | no visible | terete | terete | terete
individual_042,BVTET1PO6,roni,stem_type,woody,5,4,lenoso | no visible | lenoso | lenoso | lenoso
individual_042,BVTET1PO6,roni,stem_trichomes,present,5,4,presentes | no visible | presentes | presentes | presentes
individual_042,BVTET1PO6,roni,stem_texture,__missing__,5,0,pubescente | no visible | pubescente | pubescente | pubescente
individual_042,BVTET1PO6,roni,stipules,__missing__,5,0,no visible | no visible | no visible | no visible | no visible
individual_042,BVTET1PO6,roni,latex,__missing__,5,0,no visible | no visible | no visible | no visible | no visible
individual_042,BVTET1PO6,roni,pulvinus,__missing__,5,0,no visible | no visible | no visible | no visible | no visible
individual_042,BVTET1PO6,roni,tendrils,absent,5,4,ausente | no visible | ausente | ausente | ausente
individual_042,BVTET1PO6,roni,damage,present,5,5,presente | presente | presente | presente | presente
individual_043,SRSLOAOB3,roni,leaf_relative_position,alternate,5,5,alterna | alterna | alterna | alterna | alterna
individual_043,SRSLOAOB3,roni,leaf_spacing,clustered,5,5,agrupadas | agrupadas | agrupadas | agrupadas | agrupadas
individual_043,SRSLOAOB3,roni,leaf_complexity_type,simple,5,5,simple | simple | simple | simple | simple
individual_043,SRSLOAOB3,roni,compound_leaf_type,__missing__,5,0,N/A | N/A | N/A | N/A | N/A
individual_043,SRSLOAOB3,roni,leaflet_arrangement,__missing__,5,0,N/A | N/A | N/A | N/A | N/A
individual_043,SRSLOAOB3,roni,leaf_margin,entire,5,5,entero | entero | entero | entero | entero
individual_043,SRSLOAOB3,roni,leaf_shape,elliptic,5,5,eliptica | eliptica | eliptica | eliptica | eliptica
individual_043,SRSLOAOB3,roni,leaf_apex,acuminate,5,5,acuminado | acuminado | acuminado | acuminado | acuminado
individual_043,SRSLOAOB3,roni,leaf_base,cuneate,5,5,cuneada | cuneada | cuneada | cuneada | cuneada
individual_043,SRSLOAOB3,roni,venation,pinnate,5,5,pinnada | pinnada | pinnada | pinnada | pinnada
individual_043,SRSLOAOB3,roni,leaf_trichomes,absent,5,5,ausentes | ausentes | ausentes | ausentes | ausentes
individual_043,SRSLOAOB3,roni,petiole_length,short,5,5,corto | corto | corto | corto | corto
individual_043,SRSLOAOB3,roni,petiole_features,terete,5,5,terete | terete | terete | terete | terete
individual_043,SRSLOAOB3,roni,stem_type,woody,5,4,lenoso | no visible | lenoso | lenoso | lenoso
individual_043,SRSLOAOB3,roni,stem_trichomes,__missing__,5,0,no visible | no visible | no visible | no visible | no visible
individual_043,SRSLOAOB3,roni,stem_texture,__missing__,5,0,no visible | no visible | no visible | no visible | no visible
individual_043,SRSLOAOB3,roni,stipules,__missing__,5,0,no visible | no visible | no visible | no visible | no visible
individual_043,SRSLOAOB3,roni,latex,__missing__,5,0,no visible | no visible | no visible | no visible | no visible
individual_043,SRSLOAOB3,roni,pulvinus,present,5,4,basal y apical | no visible | basal y apical | basal y apical | basal y apical
individual_043,SRSLOAOB3,roni,tendrils,absent,5,5,ausente | ausente | ausente | ausente | ausente
individual_043,SRSLOAOB3,roni,damage,present,5,5,presente | presente | presente | presente | presente
individual_044,PEA0208,roni,leaf_relative_position,alternate,5,4,no visible | alterna | alterna | alterna | alterna
individual_044,PEA0208,roni,leaf_spacing,clustered,5,5,agrupadas | agrupadas | agrupadas | agrupadas | agrupadas
individual_044,PEA0208,roni,leaf_complexity_type,simple,5,5,simple | simple | simple | simple | simple
individual_044,PEA0208,roni,compound_leaf_type,__missing__,5,0,N/A | N/A | N/A | N/A | N/A
individual_044,PEA0208,roni,leaflet_arrangement,__missing__,5,0,N/A | N/A | N/A | N/A | N/A
individual_044,PEA0208,roni,leaf_margin,toothed,5,5,serrado | serrado | serrado | serrado | serrado
individual_044,PEA0208,roni,leaf_shape,obovate,5,5,obovada | obovada | obovada | obovada | obovada
individual_044,PEA0208,roni,leaf_apex,acute,5,5,agudo | agudo | agudo | agudo | agudo
individual_044,PEA0208,roni,leaf_base,rounded,5,5,redondeada | redondeada | redondeada | redondeada | redondeada
individual_044,PEA0208,roni,venation,pinnate,5,5,pinnada | pinnada | pinnada | pinnada | pinnada
individual_044,PEA0208,roni,leaf_trichomes,present,5,3,no visible | no visible | presentes | presentes | presentes
individual_044,PEA0208,roni,petiole_length,short,5,5,corto | corto | corto | corto | corto
individual_044,PEA0208,roni,petiole_features,terete,5,5,terete | terete | terete | terete | terete
individual_044,PEA0208,roni,stem_type,woody,5,5,lenoso | lenoso | lenoso | lenoso | lenoso
individual_044,PEA0208,roni,stem_trichomes,absent,5,4,no visible | ausentes | ausentes | ausentes | ausentes
individual_044,PEA0208,roni,stem_texture,smooth,5,3,no visible | no visible | lisa | lisa | lisa
individual_044,PEA0208,roni,stipules,__missing__,5,0,no visible | no visible | no visible | no visible | no visible
individual_044,PEA0208,roni,latex,__missing__,5,0,no visible | no visible | no visible | no visible | no visible
individual_044,PEA0208,roni,pulvinus,absent,5,3,no visible | no visible | ausente | ausente | ausente
individual_044,PEA0208,roni,tendrils,absent,5,4,no visible | ausente | ausente | ausente | ausente
individual_044,PEA0208,roni,damage,present,5,2,no visible | no visible | presente | presente | no visible
individual_045,OLCROTBI2,roni,leaf_relative_position,alternate,5,5,alterna | alterna | alterna | alterna | alterna
individual_045,OLCROTBI2,roni,leaf_spacing,distal,5,5,distales | distales | distales | distales | distales
individual_045,OLCROTBI2,roni,leaf_complexity_type,simple,5,5,simple | simple | simple | simple | simple
individual_045,OLCROTBI2,roni,compound_leaf_type,__missing__,5,0,N/A | N/A | N/A | N/A | N/A
individual_045,OLCROTBI2,roni,leaflet_arrangement,__missing__,5,0,N/A | N/A | N/A | N/A | N/A
individual_045,OLCROTBI2,roni,leaf_margin,entire,5,5,entero | entero | entero | entero | entero
individual_045,OLCROTBI2,roni,leaf_shape,obovate,5,5,obovada | obovada | obovada | obovada | obovada
individual_045,OLCROTBI2,roni,leaf_apex,acuminate,5,5,acuminado | acuminado | acuminado | acuminado | acuminado
individual_045,OLCROTBI2,roni,leaf_base,cordate,5,5,cordada | cordada | cordada | cordada | cordada
individual_045,OLCROTBI2,roni,venation,pinnate,5,5,pinnada | pinnada | pinnada | pinnada | pinnada
individual_045,OLCROTBI2,roni,leaf_trichomes,present,5,1,no visible | no visible | no visible | no visible | presentes
individual_045,OLCROTBI2,roni,petiole_length,long,5,5,largo | largo | largo | largo | largo
individual_045,OLCROTBI2,roni,petiole_features,terete,5,5,terete | terete | terete | terete | terete
individual_045,OLCROTBI2,roni,stem_type,woody,5,5,lenoso | lenoso | lenoso | lenoso | lenoso
individual_045,OLCROTBI2,roni,stem_trichomes,present,5,4,presentes | presentes | presentes | presentes | no visible
individual_045,OLCROTBI2,roni,stem_texture,__missing__,5,0,tricomas | tricomas | tricomas | tricomas | no visible
individual_045,OLCROTBI2,roni,stipules,__missing__,5,0,no visible | no visible | no visible | no visible | no visible
individual_045,OLCROTBI2,roni,latex,__missing__,5,0,no visible | no visible | no visible | no visible | no visible
individual_045,OLCROTBI2,roni,pulvinus,present,5,1,no visible | no visible | no visible | basal | no visible
individual_045,OLCROTBI2,roni,tendrils,absent,5,5,ausente | ausente | ausente | ausente | ausente
individual_045,OLCROTBI2,roni,damage,present,5,5,presente | presente | presente | presente | presente
individual_046,ANMAPRGU4,roni,leaf_relative_position,alternate,5,5,alterna | alterna | alterna | alterna | alterna
individual_046,ANMAPRGU4,roni,leaf_spacing,distal,5,5,distales | distales | distales | distales | distales
individual_046,ANMAPRGU4,roni,leaf_complexity_type,simple,5,5,simple | simple | simple | simple | simple
individual_046,ANMAPRGU4,roni,compound_leaf_type,__missing__,5,0,N/A | N/A | N/A | N/A | N/A
individual_046,ANMAPRGU4,roni,leaflet_arrangement,__missing__,5,0,N/A | N/A | N/A | N/A | N/A
individual_046,ANMAPRGU4,roni,leaf_margin,entire,5,5,entero | entero | entero | entero | entero
individual_046,ANMAPRGU4,roni,leaf_shape,elliptic,5,5,eliptica | eliptica | eliptica | eliptica | eliptica
individual_046,ANMAPRGU4,roni,leaf_apex,acute,5,5,agudo | agudo | agudo | agudo | agudo
individual_046,ANMAPRGU4,roni,leaf_base,rounded,5,5,redondeada | redondeada | redondeada | redondeada | redondeada
individual_046,ANMAPRGU4,roni,venation,pinnate,5,5,pinnada | pinnada | pinnada | pinnada | pinnada
individual_046,ANMAPRGU4,roni,leaf_trichomes,absent,5,1,no visible | no visible | no visible | no visible | ausentes
individual_046,ANMAPRGU4,roni,petiole_length,long,5,5,largo | largo | largo | largo | largo
individual_046,ANMAPRGU4,roni,petiole_features,terete,5,5,terete | terete | terete | terete | terete
individual_046,ANMAPRGU4,roni,stem_type,woody,5,5,lenoso | lenoso | lenoso | lenoso | lenoso
individual_046,ANMAPRGU4,roni,stem_trichomes,absent,5,1,no visible | no visible | no visible | no visible | ausentes
individual_046,ANMAPRGU4,roni,stem_texture,smooth,5,1,no visible | no visible | no visible | no visible | lisa
individual_046,ANMAPRGU4,roni,stipules,absent,5,1,no visible | no visible | no visible | no visible | ausentes
individual_046,ANMAPRGU4,roni,latex,__missing__,5,0,no visible | no visible | no visible | no visible | no visible
individual_046,ANMAPRGU4,roni,pulvinus,absent,5,5,ausente | ausente | ausente | ausente | ausente
individual_046,ANMAPRGU4,roni,tendrils,absent,5,5,ausente | ausente | ausente | ausente | ausente
individual_046,ANMAPRGU4,roni,damage,absent,5,5,ausente | ausente | ausente | ausente | presente
individual_047,PPPIT1RU4,roni,leaf_relative_position,__missing__,5,0,no visible | no visible | no visible | no visible | no visible
individual_047,PPPIT1RU4,roni,leaf_spacing,__missing__,5,0,no visible | no visible | no visible | no visible | no visible
individual_047,PPPIT1RU4,roni,leaf_complexity_type,compound,5,5,compuesta | compuesta | compuesta | compuesta | compuesta
individual_047,PPPIT1RU4,roni,compound_leaf_type,even-pinnate,5,5,paripinada | paripinada | paripinada | paripinada | paripinada
individual_047,PPPIT1RU4,roni,leaflet_arrangement,opposite,5,5,opuesto | opuesto | opuesto | opuesto | opuesto
individual_047,PPPIT1RU4,roni,leaf_margin,entire,5,5,entero | entero | entero | entero | entero
individual_047,PPPIT1RU4,roni,leaf_shape,lanceolate,5,5,lanceolada | lanceolada | lanceolada | lanceolada | lanceolada
individual_047,PPPIT1RU4,roni,leaf_apex,acute,5,5,agudo | agudo | agudo | agudo | agudo
individual_047,PPPIT1RU4,roni,leaf_base,cuneate,5,5,cuneada | cuneada | cuneada | cuneada | cuneada
individual_047,PPPIT1RU4,roni,venation,pinnate,5,5,pinnada | pinnada | pinnada | pinnada | pinnada
individual_047,PPPIT1RU4,roni,leaf_trichomes,__missing__,5,0,no visible | no visible | no visible | no visible | no visible
individual_047,PPPIT1RU4,roni,petiole_length,long,5,5,largo | largo | largo | largo | largo
individual_047,PPPIT1RU4,roni,petiole_features,__missing__,5,0,no visible | no visible | no visible | no visible | no visible
individual_047,PPPIT1RU4,roni,stem_type,__missing__,5,0,no visible | no visible | no visible | no visible | no visible
individual_047,PPPIT1RU4,roni,stem_trichomes,__missing__,5,0,no visible | no visible | no visible | no visible | no visible
individual_047,PPPIT1RU4,roni,stem_texture,__missing__,5,0,no visible | no visible | no visible | no visible | no visible
individual_047,PPPIT1RU4,roni,stipules,__missing__,5,0,no visible | no visible | no visible | no visible | no visible
individual_047,PPPIT1RU4,roni,latex,__missing__,5,0,no visible | no visible | no visible | no visible | no visible
individual_047,PPPIT1RU4,roni,pulvinus,__missing__,5,0,no visible | no visible | no visible | no visible | no visible
individual_047,PPPIT1RU4,roni,tendrils,absent,5,5,ausente | ausente | ausente | ausente | ausente
individual_047,PPPIT1RU4,roni,damage,present,5,5,presente | presente | presente | presente | presente
individual_048,CHINGASA4,roni,leaf_relative_position,alternate,6,6,alterna | alterna | alterna | alterna | alterna | alterna
individual_048,CHINGASA4,roni,leaf_spacing,distal,6,6,distales | distales | distales | distales | distales | distales
individual_048,CHINGASA4,roni,leaf_complexity_type,compound,6,6,compuesta | compuesta | compuesta | compuesta | compuesta | compuesta
individual_048,CHINGASA4,roni,compound_leaf_type,even-pinnate,6,6,paripinada | paripinada | paripinada | paripinada | paripinada | paripinada
individual_048,CHINGASA4,roni,leaflet_arrangement,opposite,6,6,opuesto | opuesto | opuesto | opuesto | opuesto | opuesto
individual_048,CHINGASA4,roni,leaf_margin,entire,6,6,entero | entero | entero | entero | entero | entero
individual_048,CHINGASA4,roni,leaf_shape,elliptic,6,6,eliptica | eliptica | eliptica | eliptica | eliptica | eliptica
individual_048,CHINGASA4,roni,leaf_apex,acuminate,6,6,acuminado | acuminado | acuminado | acuminado | acuminado | acuminado
individual_048,CHINGASA4,roni,leaf_base,cuneate,6,6,cuneada | cuneada | cuneada | cuneada | cuneada | cuneada
individual_048,CHINGASA4,roni,venation,pinnate,6,6,pinnada | pinnada | pinnada | pinnada | pinnada | pinnada
individual_048,CHINGASA4,roni,leaf_trichomes,__missing__,6,0,no visible | no visible | no visible | no visible | no visible | no visible
individual_048,CHINGASA4,roni,petiole_length,long,6,6,largo | largo | largo | largo | largo | largo
individual_048,CHINGASA4,roni,petiole_features,winged,6,6,alado | alado | alado | alado | alado | alado
individual_048,CHINGASA4,roni,stem_type,__missing__,6,0,no visible | no visible | no visible | no visible | no visible | no visible
individual_048,CHINGASA4,roni,stem_trichomes,__missing__,6,0,no visible | no visible | no visible | no visible | no visible | no visible
individual_048,CHINGASA4,roni,stem_texture,__missing__,6,0,no visible | no visible | no visible | no visible | no visible | no visible
individual_048,CHINGASA4,roni,stipules,present,6,6,presentes | presentes | presentes | presentes | presentes | presentes
individual_048,CHINGASA4,roni,latex,__missing__,6,0,no visible | no visible | no visible | no visible | no visible | no visible
individual_048,CHINGASA4,roni,pulvinus,present,6,6,basal | basal | basal | basal | basal | basal
individual_048,CHINGASA4,roni,tendrils,absent,6,6,ausente | ausente | ausente | ausente | ausente | ausente
individual_048,CHINGASA4,roni,damage,present,6,6,presente | presente | presente | presente | presente | presente
individual_049,SRLONCAT1,roni,leaf_relative_position,alternate,5,5,alterna | alterna | alterna | alterna | alterna
individual_049,SRLONCAT1,roni,leaf_spacing,clustered,5,5,agrupadas | agrupadas | agrupadas | agrupadas | agrupadas
individual_049,SRLONCAT1,roni,leaf_complexity_type,compound,5,5,compuesta | compuesta | compuesta | compuesta | compuesta
individual_049,SRLONCAT1,roni,compound_leaf_type,odd-pinnate,5,5,imparipinada | imparipinada | imparipinada | imparipinada | imparipinada
individual_049,SRLONCAT1,roni,leaflet_arrangement,opposite,5,5,opuesto | opuesto | opuesto | opuesto | opuesto
individual_049,SRLONCAT1,roni,leaf_margin,entire,5,5,entero | entero | entero | entero | entero
individual_049,SRLONCAT1,roni,leaf_shape,elliptic,5,5,eliptica | eliptica | eliptica | eliptica | eliptica
individual_049,SRLONCAT1,roni,leaf_apex,acuminate,5,5,acuminado | acuminado | acuminado | acuminado | acuminado
individual_049,SRLONCAT1,roni,leaf_base,rounded,5,5,redondeada | redondeada | redondeada | redondeada | redondeada
individual_049,SRLONCAT1,roni,venation,pinnate,5,5,pinnada | pinnada | pinnada | pinnada | pinnada
individual_049,SRLONCAT1,roni,leaf_trichomes,absent,5,5,ausentes | ausentes | ausentes | ausentes | ausentes
individual_049,SRLONCAT1,roni,petiole_length,long,5,5,largo | largo | largo | largo | largo
individual_049,SRLONCAT1,roni,petiole_features,terete,5,5,terete | terete | terete | terete | terete
individual_049,SRLONCAT1,roni,stem_type,woody,5,5,lenoso | lenoso | lenoso | lenoso | lenoso
individual_049,SRLONCAT1,roni,stem_trichomes,__missing__,5,0,no visible | no visible | no visible | no visible | no visible
individual_049,SRLONCAT1,roni,stem_texture,__missing__,5,0,no visible | no visible | no visible | no visible | no visible
individual_049,SRLONCAT1,roni,stipules,absent,5,2,no visible | ausentes | no visible | ausentes | no visible
individual_049,SRLONCAT1,roni,latex,__missing__,5,0,no visible | no visible | no visible | no visible | no visible
individual_049,SRLONCAT1,roni,pulvinus,present,5,2,no visible | basal | no visible | basal | no visible
individual_049,SRLONCAT1,roni,tendrils,absent,5,5,ausente | ausente | ausente | ausente | ausente
individual_049,SRLONCAT1,roni,damage,absent,5,5,ausente | ausente | ausente | ausente | ausente
individual_050,MEMACHM29,roni,leaf_relative_position,alternate,5,5,alterna | alterna | alterna | alterna | alterna
individual_050,MEMACHM29,roni,leaf_spacing,distal,5,5,distales | distales | distales | distales | distales
individual_050,MEMACHM29,roni,leaf_complexity_type,compound,5,5,compuesta | compuesta | compuesta | compuesta | compuesta
individual_050,MEMACHM29,roni,compound_leaf_type,odd-pinnate,5,5,imparipinada | imparipinada | imparipinada | imparipinada | imparipinada
individual_050,MEMACHM29,roni,leaflet_arrangement,alternate,5,5,alternos | alternos | alternos | alternos | alternos
individual_050,MEMACHM29,roni,leaf_margin,entire,5,5,entero | entero | entero | entero | entero
individual_050,MEMACHM29,roni,leaf_shape,lanceolate,5,5,lanceolada | lanceolada | lanceolada | lanceolada | lanceolada
individual_050,MEMACHM29,roni,leaf_apex,acuminate,5,5,acuminado | acuminado | acuminado | acuminado | acuminado
individual_050,MEMACHM29,roni,leaf_base,rounded,5,5,redondeada | redondeada | redondeada | redondeada | redondeada
individual_050,MEMACHM29,roni,venation,__missing__,5,0,no visible | no visible | no visible | no visible | no visible
individual_050,MEMACHM29,roni,leaf_trichomes,__missing__,5,0,no visible | no visible | no visible | no visible | no visible
individual_050,MEMACHM29,roni,petiole_length,long,5,5,largo | largo | largo | largo | largo
individual_050,MEMACHM29,roni,petiole_features,terete,5,5,terete | terete | terete | terete | terete
individual_050,MEMACHM29,roni,stem_type,woody,5,5,lenoso | lenoso | lenoso | lenoso | lenoso
individual_050,MEMACHM29,roni,stem_trichomes,__missing__,5,0,no visible | no visible | no visible | no visible | no visible
individual_050,MEMACHM29,roni,stem_texture,__missing__,5,0,no visible | no visible | no visible | no visible | no visible
individual_050,MEMACHM29,roni,stipules,present,5,5,presentes | presentes | presentes | presentes | presentes
individual_050,MEMACHM29,roni,latex,__missing__,5,0,no visible | no visible | no visible | no visible | no visible
individual_050,MEMACHM29,roni,pulvinus,present,5,5,basal | basal | basal | basal | basal
individual_050,MEMACHM29,roni,tendrils,absent,5,5,ausente | ausente | ausente | ausente | ausente
individual_050,MEMACHM29,roni,damage,present,5,5,presente | presente | presente | presente | presente
individual_051,ANENTESC3,roni,leaf_relative_position,__missing__,5,0,no visible | no visible | no visible | no visible | no visible
individual_051,ANENTESC3,roni,leaf_spacing,clustered,5,5,agrupadas | agrupadas | agrupadas | agrupadas | agrupadas
individual_051,ANENTESC3,roni,leaf_complexity_type,compound,5,5,compuesta | compuesta | compuesta | compuesta | compuesta
individual_051,ANENTESC3,roni,compound_leaf_type,even-pinnate,5,5,paripinada | paripinada | paripinada | paripinada | paripinada
individual_051,ANENTESC3,roni,leaflet_arrangement,opposite,5,5,opuesto | opuesto | opuesto | opuesto | opuesto
individual_051,ANENTESC3,roni,leaf_margin,entire,5,5,entero | entero | entero | entero | entero
individual_051,ANENTESC3,roni,leaf_shape,lanceolate,5,5,lanceolada | lanceolada | lanceolada | lanceolada | lanceolada
individual_051,ANENTESC3,roni,leaf_apex,obtuse,5,5,obtuso | obtuso | obtuso | obtuso | obtuso
individual_051,ANENTESC3,roni,leaf_base,rounded,5,1,no visible | no visible | no visible | no visible | redondeada
individual_051,ANENTESC3,roni,venation,__missing__,5,0,no visible | no visible | no visible | no visible | no visible
individual_051,ANENTESC3,roni,leaf_trichomes,__missing__,5,0,no visible | no visible | no visible | no visible | no visible
individual_051,ANENTESC3,roni,petiole_length,long,5,5,largo | largo | largo | largo | largo
individual_051,ANENTESC3,roni,petiole_features,__missing__,5,0,no visible | no visible | no visible | no visible | no visible
individual_051,ANENTESC3,roni,stem_type,__missing__,5,0,no visible | no visible | no visible | no visible | no visible
individual_051,ANENTESC3,roni,stem_trichomes,__missing__,5,0,no visible | no visible | no visible | no visible | no visible
individual_051,ANENTESC3,roni,stem_texture,__missing__,5,0,no visible | no visible | no visible | no visible | no visible
individual_051,ANENTESC3,roni,stipules,__missing__,5,0,no visible | no visible | no visible | no visible | no visible
individual_051,ANENTESC3,roni,latex,__missing__,5,0,no visible | no visible | no visible | no visible | no visible
individual_051,ANENTESC3,roni,pulvinus,__missing__,5,0,no visible | no visible | no visible | no visible | no visible
individual_051,ANENTESC3,roni,tendrils,__missing__,5,0,no visible | no visible | no visible | no visible | no visible
individual_051,ANENTESC3,roni,damage,absent,5,5,ausente | ausente | ausente | ausente | ausente
individual_052,BAR0350,roni,leaf_relative_position,alternate,5,5,alterna | alterna | alterna | alterna | alterna
individual_052,BAR0350,roni,leaf_spacing,distal,5,5,distales | distales | distales | distales | distales
individual_052,BAR0350,roni,leaf_complexity_type,compound,5,5,compuesta | compuesta | compuesta | compuesta | compuesta
individual_052,BAR0350,roni,compound_leaf_type,even-pinnate,5,5,paripinada | paripinada | paripinada | paripinada | paripinada
individual_052,BAR0350,roni,leaflet_arrangement,opposite,5,5,opuesto | opuesto | opuesto | opuesto | opuesto
individual_052,BAR0350,roni,leaf_margin,entire,5,5,entero | entero | entero | entero | entero
individual_052,BAR0350,roni,leaf_shape,lanceolate,5,5,lanceolada | lanceolada | lanceolada | lanceolada | lanceolada
individual_052,BAR0350,roni,leaf_apex,acute,5,5,agudo | agudo | agudo | agudo | agudo
individual_052,BAR0350,roni,leaf_base,cordate,5,5,cordada | cordada | cordada | cordada | cordada
individual_052,BAR0350,roni,venation,__missing__,5,0,no visible | no visible | no visible | no visible | no visible
individual_052,BAR0350,roni,leaf_trichomes,__missing__,5,0,no visible | no visible | no visible | no visible | no visible
individual_052,BAR0350,roni,petiole_length,long,5,5,largo | largo | largo | largo | largo
individual_052,BAR0350,roni,petiole_features,terete,5,5,terete | terete | terete | terete | terete
individual_052,BAR0350,roni,stem_type,woody,5,5,lenoso | lenoso | lenoso | lenoso | lenoso
individual_052,BAR0350,roni,stem_trichomes,absent,5,1,no visible | no visible | no visible | ausentes | no visible
individual_052,BAR0350,roni,stem_texture,smooth,5,1,no visible | no visible | no visible | lisa | no visible
individual_052,BAR0350,roni,stipules,present,5,4,presentes | presentes | presentes | presentes | no visible
individual_052,BAR0350,roni,latex,__missing__,5,0,no visible | no visible | no visible | no visible | no visible
individual_052,BAR0350,roni,pulvinus,present,5,4,basal | basal | basal | basal | no visible
individual_052,BAR0350,roni,tendrils,absent,5,5,ausente | ausente | ausente | ausente | ausente
individual_052,BAR0350,roni,damage,present,5,5,presente | presente | presente | presente | presente
individual_053,CHSWARS13,roni,leaf_relative_position,alternate,5,5,alterna | alterna | alterna | alterna | alterna
individual_053,CHSWARS13,roni,leaf_spacing,distal,5,5,distales | distales | distales | distales | distales
individual_053,CHSWARS13,roni,leaf_complexity_type,compound,5,5,compuesta | compuesta | compuesta | compuesta | compuesta
individual_053,CHSWARS13,roni,compound_leaf_type,odd-pinnate,5,5,imparipinada | imparipinada | imparipinada | imparipinada | imparipinada
individual_053,CHSWARS13,roni,leaflet_arrangement,opposite,5,5,opuesto | opuesto | opuesto | opuesto | opuesto
individual_053,CHSWARS13,roni,leaf_margin,entire,5,5,entero | entero | entero | entero | entero
individual_053,CHSWARS13,roni,leaf_shape,elliptic,5,5,eliptica | eliptica | eliptica | eliptica | eliptica
individual_053,CHSWARS13,roni,leaf_apex,acuminate,5,5,acuminado | acuminado | acuminado | acuminado | acuminado
individual_053,CHSWARS13,roni,leaf_base,rounded,5,5,redondeada | redondeada | redondeada | redondeada | redondeada
individual_053,CHSWARS13,roni,venation,pinnate,5,5,pinnada | pinnada | pinnada | pinnada | pinnada
individual_053,CHSWARS13,roni,leaf_trichomes,__missing__,5,0,no visible | no visible | no visible | no visible | no visible
individual_053,CHSWARS13,roni,petiole_length,long,5,5,largo | largo | largo | largo | largo
individual_053,CHSWARS13,roni,petiole_features,winged,5,3,alado | alado | alado | no visible | no visible
individual_053,CHSWARS13,roni,stem_type,woody,5,4,lenoso | no visible | lenoso | lenoso | lenoso
individual_053,CHSWARS13,roni,stem_trichomes,__missing__,5,0,no visible | no visible | no visible | no visible | no visible
individual_053,CHSWARS13,roni,stem_texture,__missing__,5,0,no visible | no visible | no visible | no visible | no visible
individual_053,CHSWARS13,roni,stipules,__missing__,5,0,no visible | no visible | no visible | no visible | no visible
individual_053,CHSWARS13,roni,latex,__missing__,5,0,no visible | no visible | no visible | no visible | no visible
individual_053,CHSWARS13,roni,pulvinus,present,5,3,basal | basal | basal | no visible | no visible
individual_053,CHSWARS13,roni,tendrils,absent,5,5,ausente | ausente | ausente | ausente | ausente
individual_053,CHSWARS13,roni,damage,present,5,5,presente | presente | presente | presente | presente
individual_054,SHTACHVE3,roni,leaf_relative_position,alternate,5,1,no visible | no visible | no visible | no visible | alterna
individual_054,SHTACHVE3,roni,leaf_spacing,clustered,5,5,agrupadas | agrupadas | agrupadas | agrupadas | agrupadas
individual_054,SHTACHVE3,roni,leaf_complexity_type,compound,5,4,compuesta | compuesta | compuesta | compuesta | no visibles
individual_054,SHTACHVE3,roni,compound_leaf_type,odd-pinnate,5,3,no visible | paripinada | imparipinada | imparipinada | no visible
individual_054,SHTACHVE3,roni,leaflet_arrangement,opposite,5,4,opuesto | opuesto | opuesto | opuesto | no visible
individual_054,SHTACHVE3,roni,leaf_margin,entire,5,4,entero | entero | entero | entero | no visible
individual_054,SHTACHVE3,roni,leaf_shape,elliptic,5,4,eliptica | eliptica | eliptica | eliptica | no visible
individual_054,SHTACHVE3,roni,leaf_apex,acuminate,5,4,acuminado | acuminado | acuminado | acuminado | no visible
individual_054,SHTACHVE3,roni,leaf_base,cuneate,5,4,cuneada | cuneada | cuneada | cuneada | no visible
individual_054,SHTACHVE3,roni,venation,pinnate,5,4,pinnada | pinnada | pinnada | pinnada | no visible
individual_054,SHTACHVE3,roni,leaf_trichomes,absent,5,4,ausentes | ausentes | ausentes | ausentes | no visible
individual_054,SHTACHVE3,roni,petiole_length,long,5,5,largo | largo | largo | largo | largo
individual_054,SHTACHVE3,roni,petiole_features,terete,5,2,no visible | no visible | no visible | terete | terete
individual_054,SHTACHVE3,roni,stem_type,woody,5,5,lenoso | lenoso | lenoso | lenoso | lenoso
individual_054,SHTACHVE3,roni,stem_trichomes,absent,5,1,no visible | no visible | no visible | no visible | ausentes
individual_054,SHTACHVE3,roni,stem_texture,smooth,5,1,no visible | no visible | no visible | no visible | lisa
individual_054,SHTACHVE3,roni,stipules,absent,5,1,no visible | no visible | no visible | no visible | ausentes
individual_054,SHTACHVE3,roni,latex,__missing__,5,0,no visible | no visible | no visible | no visible | no visible
individual_054,SHTACHVE3,roni,pulvinus,present,5,2,no visible | no visible | no visible | basal | basal
individual_054,SHTACHVE3,roni,tendrils,absent,5,5,ausente | ausente | ausente | ausente | ausente
individual_054,SHTACHVE3,roni,damage,present,5,5,presente | presente | presente | presente | presente
individual_055,SRLISIJE1,roni,leaf_relative_position,opposite,5,5,opuesta | opuesta | opuesta | opuesta | opuesta
individual_055,SRLISIJE1,roni,leaf_spacing,distal,5,5,distales | distales | distales | distales | distales
individual_055,SRLISIJE1,roni,leaf_complexity_type,simple,5,5,simple | simple | simple | simple | simple
individual_055,SRLISIJE1,roni,compound_leaf_type,__missing__,5,0,N/A | N/A | N/A | N/A | N/A
individual_055,SRLISIJE1,roni,leaflet_arrangement,__missing__,5,0,N/A | N/A | N/A | N/A | N/A
individual_055,SRLISIJE1,roni,leaf_margin,toothed,5,5,serrado | serrado | serrado | serrado | serrado
individual_055,SRLISIJE1,roni,leaf_shape,lanceolate,5,5,lanceolada | lanceolada | lanceolada | lanceolada | lanceolada
individual_055,SRLISIJE1,roni,leaf_apex,acuminate,5,5,acuminado | acuminado | acuminado | acuminado | acuminado
individual_055,SRLISIJE1,roni,leaf_base,cuneate,5,5,cuneada | cuneada | cuneada | cuneada | cuneada
individual_055,SRLISIJE1,roni,venation,pinnate,5,5,pinnada | pinnada | pinnada | pinnada | pinnada
individual_055,SRLISIJE1,roni,leaf_trichomes,absent,5,5,ausentes | ausentes | ausentes | ausentes | ausentes
individual_055,SRLISIJE1,roni,petiole_length,short,5,5,corto | corto | corto | corto | corto
individual_055,SRLISIJE1,roni,petiole_features,grooved,5,5,acanalado | acanalado | acanalado | acanalado | acanalado
individual_055,SRLISIJE1,roni,stem_type,woody,5,5,lenoso | lenoso | lenoso | lenoso | lenoso
individual_055,SRLISIJE1,roni,stem_trichomes,absent,5,5,ausentes | ausentes | ausentes | ausentes | ausentes
individual_055,SRLISIJE1,roni,stem_texture,smooth,5,5,lisa | lisa | lisa | lisa | lisa
individual_055,SRLISIJE1,roni,stipules,absent,5,5,ausentes | ausentes | ausentes | ausentes | ausentes
individual_055,SRLISIJE1,roni,latex,__missing__,5,0,no visible | no visible | no visible | no visible | no visible
individual_055,SRLISIJE1,roni,pulvinus,absent,5,5,ausente | ausente | ausente | ausente | ausente
individual_055,SRLISIJE1,roni,tendrils,absent,5,5,ausente | ausente | ausente | ausente | ausente
individual_055,SRLISIJE1,roni,damage,present,5,5,presente | presente | presente | presente | presente
individual_056,OLLACIAG2,roni,leaf_relative_position,alternate,5,5,alterna | alterna | alterna | alterna | alterna
individual_056,OLLACIAG2,roni,leaf_spacing,clustered,5,5,agrupadas | agrupadas | agrupadas | agrupadas | agrupadas
individual_056,OLLACIAG2,roni,leaf_complexity_type,simple,5,5,simple | simple | simple | simple | simple
individual_056,OLLACIAG2,roni,compound_leaf_type,__missing__,5,0,N/A | N/A | N/A | N/A | N/A
individual_056,OLLACIAG2,roni,leaflet_arrangement,__missing__,5,0,N/A | N/A | N/A | N/A | N/A
individual_056,OLLACIAG2,roni,leaf_margin,toothed,5,5,dentado | dentado | dentado | dentado | dentado
individual_056,OLLACIAG2,roni,leaf_shape,elliptic,5,5,eliptica | eliptica | eliptica | eliptica | eliptica
individual_056,OLLACIAG2,roni,leaf_apex,acute,5,5,agudo | agudo | agudo | agudo | agudo
individual_056,OLLACIAG2,roni,leaf_base,cuneate,5,5,cuneada | cuneada | cuneada | cuneada | cuneada
individual_056,OLLACIAG2,roni,venation,pinnate,5,5,pinnada | pinnada | pinnada | pinnada | pinnada
individual_056,OLLACIAG2,roni,leaf_trichomes,absent,5,5,ausentes | ausentes | ausentes | ausentes | ausentes
individual_056,OLLACIAG2,roni,petiole_length,short,5,5,corto | corto | corto | corto | corto
individual_056,OLLACIAG2,roni,petiole_features,terete,5,5,terete | terete | terete | terete | terete
individual_056,OLLACIAG2,roni,stem_type,woody,5,5,lenoso | lenoso | lenoso | lenoso | lenoso
individual_056,OLLACIAG2,roni,stem_trichomes,absent,5,5,ausentes | ausentes | ausentes | ausentes | ausentes
individual_056,OLLACIAG2,roni,stem_texture,smooth,5,5,lisa | lisa | lisa | lisa | lisa
individual_056,OLLACIAG2,roni,stipules,absent,5,5,ausentes | ausentes | ausentes | ausentes | ausentes
individual_056,OLLACIAG2,roni,latex,__missing__,5,0,no visible | no visible | no visible | no visible | no visible
individual_056,OLLACIAG2,roni,pulvinus,absent,5,5,ausente | ausente | ausente | ausente | ausente
individual_056,OLLACIAG2,roni,tendrils,absent,5,5,ausente | ausente | ausente | ausente | ausente
individual_056,OLLACIAG2,roni,damage,present,5,5,presente | presente | presente | presente | presente
individual_057,SHBELIPE5,roni,leaf_relative_position,alternate,4,4,alterna | alterna | alterna | alterna
individual_057,SHBELIPE5,roni,leaf_spacing,clustered,4,4,agrupadas | agrupadas | agrupadas | agrupadas
individual_057,SHBELIPE5,roni,leaf_complexity_type,simple,4,4,simple | simple | simple | simple
individual_057,SHBELIPE5,roni,compound_leaf_type,__missing__,4,0,N/A | N/A | N/A | N/A
individual_057,SHBELIPE5,roni,leaflet_arrangement,__missing__,4,0,N/A | N/A | N/A | N/A
individual_057,SHBELIPE5,roni,leaf_margin,entire,4,4,entero | entero | entero | entero
individual_057,SHBELIPE5,roni,leaf_shape,lanceolate,4,4,lanceolada | lanceolada | lanceolada | lanceolada
individual_057,SHBELIPE5,roni,leaf_apex,acute,4,4,agudo | agudo | agudo | agudo
individual_057,SHBELIPE5,roni,leaf_base,cuneate,4,4,cuneada | cuneada | cuneada | cuneada
individual_057,SHBELIPE5,roni,venation,pinnate,4,4,pinnada | pinnada | pinnada | pinnada
individual_057,SHBELIPE5,roni,leaf_trichomes,absent,4,4,ausentes | ausentes | ausentes | ausentes
individual_057,SHBELIPE5,roni,petiole_length,short,4,4,corto | corto | corto | corto
individual_057,SHBELIPE5,roni,petiole_features,terete,4,4,terete | terete | terete | terete
individual_057,SHBELIPE5,roni,stem_type,woody,4,4,lenoso | lenoso | lenoso | lenoso
individual_057,SHBELIPE5,roni,stem_trichomes,absent,4,4,ausentes | ausentes | ausentes | ausentes
individual_057,SHBELIPE5,roni,stem_texture,smooth,4,4,lisa | lisa | lisa | lisa
individual_057,SHBELIPE5,roni,stipules,absent,4,4,ausentes | ausentes | ausentes | ausentes
individual_057,SHBELIPE5,roni,latex,__missing__,4,0,no visible | no visible | no visible | no visible
individual_057,SHBELIPE5,roni,pulvinus,present,4,4,presente | presente | presente | presente
individual_057,SHBELIPE5,roni,tendrils,absent,4,4,ausente | ausente | ausente | ausente
individual_057,SHBELIPE5,roni,damage,present,4,4,presente | presente | presente | presente
individual_058,SHNECTPU10,roni,leaf_relative_position,alternate,5,2,no visible | alterna | no visible | no visible | alterna
individual_058,SHNECTPU10,roni,leaf_spacing,distal,5,2,no visible | distales | no visible | no visible | distales
individual_058,SHNECTPU10,roni,leaf_complexity_type,simple,5,5,simple | simple | simple | simple | simple
individual_058,SHNECTPU10,roni,compound_leaf_type,__missing__,5,0,N/A | N/A | N/A | N/A | N/A
individual_058,SHNECTPU10,roni,leaflet_arrangement,__missing__,5,0,N/A | N/A | N/A | N/A | N/A
individual_058,SHNECTPU10,roni,leaf_margin,entire,5,5,entero | entero | entero | entero | entero
individual_058,SHNECTPU10,roni,leaf_shape,elliptic,5,5,eliptica | eliptica | eliptica | eliptica | eliptica
individual_058,SHNECTPU10,roni,leaf_apex,acuminate,5,5,acuminado | acuminado | acuminado | acuminado | acuminado
individual_058,SHNECTPU10,roni,leaf_base,cuneate,5,5,cuneada | cuneada | cuneada | cuneada | cuneada
individual_058,SHNECTPU10,roni,venation,pinnate,5,5,pinnada | pinnada | pinnada | pinnada | pinnada
individual_058,SHNECTPU10,roni,leaf_trichomes,absent,5,5,ausentes | ausentes | ausentes | ausentes | ausentes
individual_058,SHNECTPU10,roni,petiole_length,short,5,5,corto | corto | corto | corto | corto
individual_058,SHNECTPU10,roni,petiole_features,terete,5,5,terete | terete | terete | terete | terete
individual_058,SHNECTPU10,roni,stem_type,woody,5,3,no visible | lenoso | no visible | lenoso | lenoso
individual_058,SHNECTPU10,roni,stem_trichomes,__missing__,5,0,no visible | no visible | no visible | no visible | no visible
individual_058,SHNECTPU10,roni,stem_texture,smooth,5,3,no visible | lisa | no visible | lisa | lisa
individual_058,SHNECTPU10,roni,stipules,absent,5,3,no visible | ausentes | no visible | ausentes | ausentes
individual_058,SHNECTPU10,roni,latex,__missing__,5,0,no visible | no visible | no visible | no visible | no visible
individual_058,SHNECTPU10,roni,pulvinus,present,5,3,no visible | presente | no visible | presente | presente
individual_058,SHNECTPU10,roni,tendrils,absent,5,3,no visible | ausente | no visible | ausente | ausente
individual_058,SHNECTPU10,roni,damage,present,5,5,presente | presente | presente | presente | presente
individual_059,ANNECTCU4,roni,leaf_relative_position,alternate,5,5,alterna | alterna | alterna | alterna | alterna
individual_059,ANNECTCU4,roni,leaf_spacing,distal,5,5,distales | distales | distales | distales | distales
individual_059,ANNECTCU4,roni,leaf_complexity_type,simple,5,5,simple | simple | simple | simple | simple
individual_059,ANNECTCU4,roni,compound_leaf_type,__missing__,5,0,N/A | N/A | N/A | N/A | N/A
individual_059,ANNECTCU4,roni,leaflet_arrangement,__missing__,5,0,N/A | N/A | N/A | N/A | N/A
individual_059,ANNECTCU4,roni,leaf_margin,entire,5,5,entero | entero | entero | entero | entero
individual_059,ANNECTCU4,roni,leaf_shape,lanceolate,5,5,lanceolada | lanceolada | lanceolada | lanceolada | lanceolada
individual_059,ANNECTCU4,roni,leaf_apex,acuminate,5,5,acuminado | acuminado | acuminado | acuminado | acuminado
individual_059,ANNECTCU4,roni,leaf_base,cuneate,5,5,cuneada | cuneada | cuneada | cuneada | cuneada
individual_059,ANNECTCU4,roni,venation,pinnate,5,5,pinnada | pinnada | pinnada | pinnada | pinnada
individual_059,ANNECTCU4,roni,leaf_trichomes,absent,5,5,ausentes | ausentes | ausentes | ausentes | ausentes
individual_059,ANNECTCU4,roni,petiole_length,short,5,5,corto | corto | corto | corto | corto
individual_059,ANNECTCU4,roni,petiole_features,terete,5,5,terete | terete | terete | terete | terete
individual_059,ANNECTCU4,roni,stem_type,woody,5,5,lenoso | lenoso | lenoso | lenoso | lenoso
individual_059,ANNECTCU4,roni,stem_trichomes,absent,5,1,no visible | no visible | ausentes | no visible | no visible
individual_059,ANNECTCU4,roni,stem_texture,smooth,5,5,lisa | lisa | lisa | lisa | lisa
individual_059,ANNECTCU4,roni,stipules,absent,5,5,ausentes | ausentes | ausentes | ausentes | ausentes
individual_059,ANNECTCU4,roni,latex,__missing__,5,0,no visible | no visible | no visible | no visible | no visible
individual_059,ANNECTCU4,roni,pulvinus,present,5,5,presente | presente | presente | presente | presente
individual_059,ANNECTCU4,roni,tendrils,absent,5,5,ausente | ausente | ausente | ausente | ausente
individual_059,ANNECTCU4,roni,damage,present,5,5,presente | presente | presente | presente | presente
individual_060,BAR0090,roni,leaf_relative_position,alternate,5,4,alterna | alterna | alterna | no visible | alterna
individual_060,BAR0090,roni,leaf_spacing,clustered,5,4,agrupadas | agrupadas | agrupadas | no visible | agrupadas
individual_060,BAR0090,roni,leaf_complexity_type,simple,5,5,simple | simple | simple | simple | simple
individual_060,BAR0090,roni,compound_leaf_type,__missing__,5,0,N/A | N/A | N/A | N/A | N/A
individual_060,BAR0090,roni,leaflet_arrangement,__missing__,5,0,N/A | N/A | N/A | N/A | N/A
individual_060,BAR0090,roni,leaf_margin,toothed,5,5,serrado | serrado | serrado | serrado | serrado
individual_060,BAR0090,roni,leaf_shape,lanceolate,5,5,lanceolada | lanceolada | lanceolada | lanceolada | lanceolada
individual_060,BAR0090,roni,leaf_apex,acute,5,1,no visible | no visible | no visible | no visible | agudo
individual_060,BAR0090,roni,leaf_base,cuneate,5,5,cuneada | cuneada | cuneada | cuneada | cuneada
individual_060,BAR0090,roni,venation,pinnate,5,5,pinnada | pinnada | pinnada | pinnada | pinnada
individual_060,BAR0090,roni,leaf_trichomes,__missing__,5,0,no visible | no visible | no visible | no visible | no visible
individual_060,BAR0090,roni,petiole_length,short,5,1,no visible | no visible | no visible | no visible | corto
individual_060,BAR0090,roni,petiole_features,terete,5,1,no visible | no visible | no visible | no visible | terete
individual_060,BAR0090,roni,stem_type,woody,5,4,lenoso | lenoso | lenoso | no visible | lenoso
individual_060,BAR0090,roni,stem_trichomes,absent,5,1,no visible | no visible | no visible | no visible | ausentes
individual_060,BAR0090,roni,stem_texture,smooth,5,1,no visible | no visible | no visible | no visible | lisa
individual_060,BAR0090,roni,stipules,absent,5,1,no visible | no visible | no visible | no visible | ausentes
individual_060,BAR0090,roni,latex,__missing__,5,0,no visible | no visible | no visible | no visible | no visible
individual_060,BAR0090,roni,pulvinus,present,5,1,no visible | no visible | no visible | no visible | basal
individual_060,BAR0090,roni,tendrils,absent,5,5,ausente | ausente | ausente | ausente | ausente
individual_060,BAR0090,roni,damage,present,5,5,presente | presente | presente | presente | presente
individual_061,PPSTRYPA8,roni,leaf_relative_position,opposite,5,5,opuesta | opuesta | opuesta | opuesta | opuesta
individual_061,PPSTRYPA8,roni,leaf_spacing,distal,5,5,distales | distales | distales | distales | distales
individual_061,PPSTRYPA8,roni,leaf_complexity_type,simple,5,5,simple | simple | simple | simple | simple
individual_061,PPSTRYPA8,roni,compound_leaf_type,__missing__,5,0,N/A | N/A | N/A | N/A | N/A
individual_061,PPSTRYPA8,roni,leaflet_arrangement,__missing__,5,0,N/A | N/A | N/A | N/A | N/A
individual_061,PPSTRYPA8,roni,leaf_margin,entire,5,5,entero | entero | entero | entero | entero
individual_061,PPSTRYPA8,roni,leaf_shape,elliptic,5,5,eliptica | eliptica | eliptica | eliptica | eliptica
individual_061,PPSTRYPA8,roni,leaf_apex,acuminate,5,5,acuminado | acuminado | acuminado | acuminado | acuminado
individual_061,PPSTRYPA8,roni,leaf_base,rounded,5,5,redondeada | redondeada | redondeada | redondeada | redondeada
individual_061,PPSTRYPA8,roni,venation,parallel,5,5,paralela | paralela | paralela | paralela | paralela
individual_061,PPSTRYPA8,roni,leaf_trichomes,present,5,1,no visible | no visible | no visible | no visible | presentes
individual_061,PPSTRYPA8,roni,petiole_length,short,5,5,corto | corto | corto | corto | corto
individual_061,PPSTRYPA8,roni,petiole_features,terete,5,1,no visible | no visible | no visible | no visible | terete
individual_061,PPSTRYPA8,roni,stem_type,woody,5,5,lenoso | lenoso | lenoso | lenoso | lenoso
individual_061,PPSTRYPA8,roni,stem_trichomes,present,5,1,no visible | no visible | no visible | no visible | presentes
individual_061,PPSTRYPA8,roni,stem_texture,smooth,5,5,lisa | lisa | lisa | lisa | lisa
individual_061,PPSTRYPA8,roni,stipules,absent,5,5,ausentes | ausentes | ausentes | ausentes | ausentes
individual_061,PPSTRYPA8,roni,latex,__missing__,5,0,no visible | no visible | no visible | no visible | no visible
individual_061,PPSTRYPA8,roni,pulvinus,absent,5,1,no visible | no visible | no visible | no visible | ausente
individual_061,PPSTRYPA8,roni,tendrils,absent,5,5,ausente | ausente | ausente | ausente | ausente
individual_061,PPSTRYPA8,roni,damage,present,5,5,presente | presente | presente | presente | presente
individual_062,SRBANICO6,roni,leaf_relative_position,opposite,5,5,opuesta | opuesta | opuesta | opuesta | opuesta
individual_062,SRBANICO6,roni,leaf_spacing,distal,5,5,distales | distales | distales | distales | distales
individual_062,SRBANICO6,roni,leaf_complexity_type,simple,5,5,simple | simple | simple | simple | simple
individual_062,SRBANICO6,roni,compound_leaf_type,__missing__,5,0,N/A | N/A | N/A | N/A | N/A
individual_062,SRBANICO6,roni,leaflet_arrangement,__missing__,5,0,N/A | N/A | N/A | N/A | N/A
individual_062,SRBANICO6,roni,leaf_margin,entire,5,5,entero | entero | entero | entero | entero
individual_062,SRBANICO6,roni,leaf_shape,elliptic,5,5,eliptica | eliptica | eliptica | eliptica | eliptica
individual_062,SRBANICO6,roni,leaf_apex,acuminate,5,5,acuminado | acuminado | acuminado | acuminado | acuminado
individual_062,SRBANICO6,roni,leaf_base,cuneate,5,5,cuneada | cuneada | cuneada | cuneada | cuneada
individual_062,SRBANICO6,roni,venation,pinnate,5,5,pinnada | pinnada | pinnada | pinnada | pinnada
individual_062,SRBANICO6,roni,leaf_trichomes,absent,5,5,ausentes | ausentes | ausentes | ausentes | ausentes
individual_062,SRBANICO6,roni,petiole_length,short,5,5,corto | corto | corto | corto | corto
individual_062,SRBANICO6,roni,petiole_features,terete,5,5,terete | terete | terete | terete | terete
individual_062,SRBANICO6,roni,stem_type,woody,5,5,lenoso | lenoso | lenoso | lenoso | lenoso
individual_062,SRBANICO6,roni,stem_trichomes,absent,5,4,ausentes | no visible | ausentes | ausentes | ausentes
individual_062,SRBANICO6,roni,stem_texture,smooth,5,4,lisa | no visible | lisa | lisa | lisa
individual_062,SRBANICO6,roni,stipules,absent,5,1,no visible | no visible | no visible | no visible | ausentes
individual_062,SRBANICO6,roni,latex,__missing__,5,0,no visible | no visible | no visible | no visible | no visible
individual_062,SRBANICO6,roni,pulvinus,__missing__,5,0,no visible | no visible | no visible | no visible | no visible
individual_062,SRBANICO6,roni,tendrils,absent,5,5,ausente | ausente | ausente | ausente | ausente
individual_062,SRBANICO6,roni,damage,present,5,5,presente | presente | presente | presente | presente
individual_063,BAR0538,roni,leaf_relative_position,alternate,5,1,no visible | no visible | alterna | no visible | no visible
individual_063,BAR0538,roni,leaf_spacing,clustered,5,1,no visible | no visible | agrupadas | no visible | no visible
individual_063,BAR0538,roni,leaf_complexity_type,simple,5,5,simple | simple | simple | simple | simple
individual_063,BAR0538,roni,compound_leaf_type,__missing__,5,0,N/A | N/A | N/A | N/A | N/A
individual_063,BAR0538,roni,leaflet_arrangement,__missing__,5,0,N/A | N/A | N/A | N/A | N/A
individual_063,BAR0538,roni,leaf_margin,entire,5,5,entero | entero | entero | entero | entero
individual_063,BAR0538,roni,leaf_shape,lanceolate,5,5,lanceolada | lanceolada | lanceolada | lanceolada | lanceolada
individual_063,BAR0538,roni,leaf_apex,acute,5,5,agudo | agudo | agudo | agudo | agudo
individual_063,BAR0538,roni,leaf_base,cordate,5,5,cordada | cordada | cordada | cordada | cordada
individual_063,BAR0538,roni,venation,pinnate,5,5,pinnada | pinnada | pinnada | pinnada | pinnada
individual_063,BAR0538,roni,leaf_trichomes,__missing__,5,0,no visible | no visible | no visible | no visible | no visible
individual_063,BAR0538,roni,petiole_length,__missing__,5,0,no visible | no visible | no visible | no visible | no visible
individual_063,BAR0538,roni,petiole_features,__missing__,5,0,no visible | no visible | no visible | no visible | no visible
individual_063,BAR0538,roni,stem_type,__missing__,5,0,no visible | no visible | no visible | no visible | no visible
individual_063,BAR0538,roni,stem_trichomes,__missing__,5,0,no visible | no visible | no visible | no visible | no visible
individual_063,BAR0538,roni,stem_texture,__missing__,5,0,no visible | no visible | no visible | no visible | no visible
individual_063,BAR0538,roni,stipules,__missing__,5,0,no visible | no visible | no visible | no visible | no visible
individual_063,BAR0538,roni,latex,__missing__,5,0,no visible | no visible | no visible | no visible | no visible
individual_063,BAR0538,roni,pulvinus,__missing__,5,0,no visible | no visible | no visible | no visible | no visible
individual_063,BAR0538,roni,tendrils,__missing__,5,0,no visible | no visible | no visible | no visible | no visible
individual_063,BAR0538,roni,damage,present,5,5,presente | presente | presente | presente | presente
individual_064,MEMASCNE4,roni,leaf_relative_position,opposite,5,5,opuesta | opuesta | opuesta | opuesta | opuesta
individual_064,MEMASCNE4,roni,leaf_spacing,clustered,5,5,agrupadas | agrupadas | agrupadas | agrupadas | agrupadas
individual_064,MEMASCNE4,roni,leaf_complexity_type,simple,5,5,simple | simple | simple | simple | simple
individual_064,MEMASCNE4,roni,compound_leaf_type,__missing__,5,0,N/A | N/A | N/A | N/A | N/A
individual_064,MEMASCNE4,roni,leaflet_arrangement,__missing__,5,0,N/A | N/A | N/A | N/A | N/A
individual_064,MEMASCNE4,roni,leaf_margin,entire,5,5,entero | entero | entero | entero | entero
individual_064,MEMASCNE4,roni,leaf_shape,elliptic,5,5,eliptica | eliptica | eliptica | eliptica | eliptica
individual_064,MEMASCNE4,roni,leaf_apex,acute,5,5,agudo | agudo | agudo | agudo | agudo
individual_064,MEMASCNE4,roni,leaf_base,cuneate,5,5,cuneada | cuneada | cuneada | cuneada | cuneada
individual_064,MEMASCNE4,roni,venation,pinnate,5,5,pinnada | pinnada | pinnada | pinnada | pinnada
individual_064,MEMASCNE4,roni,leaf_trichomes,absent,5,1,no visible | no visible | no visible | no visible | ausentes
individual_064,MEMASCNE4,roni,petiole_length,short,5,5,corto | corto | corto | corto | corto
individual_064,MEMASCNE4,roni,petiole_features,terete,5,5,terete | terete | terete | terete | terete
individual_064,MEMASCNE4,roni,stem_type,woody,5,3,no visible | lenoso | lenoso | no visible | lenoso
individual_064,MEMASCNE4,roni,stem_trichomes,absent,5,2,no visible | no visible | ausentes | no visible | ausentes
individual_064,MEMASCNE4,roni,stem_texture,lenticellate,5,2,no visible | no visible | lenticelada | no visible | lenticelada
individual_064,MEMASCNE4,roni,stipules,__missing__,5,0,no visible | no visible | no visible | no visible | no visible
individual_064,MEMASCNE4,roni,latex,__missing__,5,0,no visible | no visible | no visible | no visible | no visible
individual_064,MEMASCNE4,roni,pulvinus,absent,5,5,ausente | ausente | ausente | ausente | ausente
individual_064,MEMASCNE4,roni,tendrils,absent,5,5,ausente | ausente | ausente | ausente | ausente
individual_064,MEMASCNE4,roni,damage,present,5,5,presente | presente | presente | presente | presente
individual_065,SHMICOSI7,roni,leaf_relative_position,opposite,5,5,opuesta | opuesta | opuesta | opuesta | opuesta
individual_065,SHMICOSI7,roni,leaf_spacing,__missing__,5,0,no visible | no visible | no visible | no visible | no visible
individual_065,SHMICOSI7,roni,leaf_complexity_type,simple,5,5,simple | simple | simple | simple | simple
individual_065,SHMICOSI7,roni,compound_leaf_type,__missing__,5,0,N/A | N/A | N/A | N/A | N/A
individual_065,SHMICOSI7,roni,leaflet_arrangement,__missing__,5,0,N/A | N/A | N/A | N/A | N/A
individual_065,SHMICOSI7,roni,leaf_margin,toothed,5,5,serrado | serrado | serrado | serrado | serrado
individual_065,SHMICOSI7,roni,leaf_shape,lanceolate,5,5,lanceolada | lanceolada | lanceolada | lanceolada | lanceolada
individual_065,SHMICOSI7,roni,leaf_apex,acute,5,5,agudo | agudo | agudo | agudo | agudo
individual_065,SHMICOSI7,roni,leaf_base,cordate,5,5,cordada | cordada | cordada | cordada | cordada
individual_065,SHMICOSI7,roni,venation,parallel,5,5,paralela | paralela | paralela | paralela | paralela
individual_065,SHMICOSI7,roni,leaf_trichomes,absent,5,5,ausentes | ausentes | ausentes | ausentes | ausentes
individual_065,SHMICOSI7,roni,petiole_length,short,5,5,corto | corto | corto | corto | corto
individual_065,SHMICOSI7,roni,petiole_features,terete,5,1,no visible | no visible | no visible | no visible | terete
individual_065,SHMICOSI7,roni,stem_type,woody,5,1,no visible | no visible | no visible | no visible | lenoso
individual_065,SHMICOSI7,roni,stem_trichomes,present,5,1,no visible | no visible | no visible | no visible | presentes
individual_065,SHMICOSI7,roni,stem_texture,__missing__,5,0,no visible | no visible | no visible | no visible | pubescente
individual_065,SHMICOSI7,roni,stipules,__missing__,5,0,no visible | no visible | no visible | no visible | no visible
individual_065,SHMICOSI7,roni,latex,__missing__,5,0,no visible | no visible | no visible | no visible | no visible
individual_065,SHMICOSI7,roni,pulvinus,__missing__,5,0,no visible | no visible | no visible | no visible | no visible
individual_065,SHMICOSI7,roni,tendrils,absent,5,1,no visible | no visible | no visible | no visible | ausente
individual_065,SHMICOSI7,roni,damage,present,5,5,presente | presente | presente | presente | presente
individual_066,BAR0586,roni,leaf_relative_position,opposite,5,5,opuesta | opuesta | opuesta | opuesta | opuesta
individual_066,BAR0586,roni,leaf_spacing,distal,5,5,distales | distales | distales | distales | distales
individual_066,BAR0586,roni,leaf_complexity_type,simple,5,5,simple | simple | simple | simple | simple
individual_066,BAR0586,roni,compound_leaf_type,__missing__,5,0,N/A | N/A | N/A | N/A | N/A
individual_066,BAR0586,roni,leaflet_arrangement,__missing__,5,0,N/A | N/A | N/A | N/A | N/A
individual_066,BAR0586,roni,leaf_margin,__missing__,5,0,no visible | no visible | no visible | no visible | no visible
individual_066,BAR0586,roni,leaf_shape,lanceolate,5,5,lanceolada | lanceolada | lanceolada | lanceolada | lanceolada
individual_066,BAR0586,roni,leaf_apex,acute,5,5,agudo | agudo | agudo | agudo | agudo
individual_066,BAR0586,roni,leaf_base,cordate,5,5,cordada | cordada | cordada | cordada | cordada
individual_066,BAR0586,roni,venation,__missing__,5,0,no visible | no visible | no visible | no visible | no visible
individual_066,BAR0586,roni,leaf_trichomes,absent,5,1,no visible | no visible | no visible | ausentes | no visible
individual_066,BAR0586,roni,petiole_length,short,5,5,corto | corto | corto | corto | corto
individual_066,BAR0586,roni,petiole_features,__missing__,5,0,no visible | no visible | no visible | no visible | no visible
individual_066,BAR0586,roni,stem_type,woody,5,5,lenoso | lenoso | lenoso | lenoso | lenoso
individual_066,BAR0586,roni,stem_trichomes,absent,5,1,no visible | no visible | no visible | ausentes | no visible
individual_066,BAR0586,roni,stem_texture,ridged,5,1,no visible | no visible | no visible | estriada | no visible
individual_066,BAR0586,roni,stipules,__missing__,5,0,no visible | no visible | no visible | no visible | no visible
individual_066,BAR0586,roni,latex,__missing__,5,0,no visible | no visible | no visible | no visible | no visible
individual_066,BAR0586,roni,pulvinus,__missing__,5,0,no visible | no visible | no visible | no visible | no visible
individual_066,BAR0586,roni,tendrils,absent,5,5,ausente | ausente | ausente | ausente | ausente
individual_066,BAR0586,roni,damage,present,5,5,presente | presente | presente | presente | presente
individual_067,CHGUARGU3,roni,leaf_relative_position,alternate,5,4,alterna | alterna | alterna | alterna | no visible
individual_067,CHGUARGU3,roni,leaf_spacing,clustered,5,4,agrupadas | agrupadas | agrupadas | agrupadas | no visible
individual_067,CHGUARGU3,roni,leaf_complexity_type,compound,5,5,compuesta | compuesta | compuesta | compuesta | compuesta
individual_067,CHGUARGU3,roni,compound_leaf_type,even-pinnate,5,4,paripinada | paripinada | paripinada | paripinada | no visible
individual_067,CHGUARGU3,roni,leaflet_arrangement,opposite,5,5,opuesto | opuesto | opuesto | opuesto | opuesto
individual_067,CHGUARGU3,roni,leaf_margin,entire,5,5,entero | entero | entero | entero | entero
individual_067,CHGUARGU3,roni,leaf_shape,lanceolate,5,5,lanceolada | lanceolada | lanceolada | lanceolada | lanceolada
individual_067,CHGUARGU3,roni,leaf_apex,acuminate,5,5,acuminado | acuminado | acuminado | acuminado | acuminado
individual_067,CHGUARGU3,roni,leaf_base,cuneate,5,5,cuneada | cuneada | cuneada | cuneada | cuneada
individual_067,CHGUARGU3,roni,venation,pinnate,5,5,pinnada | pinnada | pinnada | pinnada | pinnada
individual_067,CHGUARGU3,roni,leaf_trichomes,absent,5,5,ausentes | ausentes | ausentes | ausentes | ausentes
individual_067,CHGUARGU3,roni,petiole_length,long,5,4,largo | largo | largo | largo | no visible
individual_067,CHGUARGU3,roni,petiole_features,terete,5,3,terete | no visible | terete | terete | no visible
individual_067,CHGUARGU3,roni,stem_type,woody,5,1,lenoso | no visible | no visible | no visible | no visible
individual_067,CHGUARGU3,roni,stem_trichomes,__missing__,5,0,no visible | no visible | no visible | no visible | no visible
individual_067,CHGUARGU3,roni,stem_texture,__missing__,5,0,no visible | no visible | no visible | no visible | no visible
individual_067,CHGUARGU3,roni,stipules,__missing__,5,0,no visible | no visible | no visible | no visible | no visible
individual_067,CHGUARGU3,roni,latex,__missing__,5,0,no visible | no visible | no visible | no visible | no visible
individual_067,CHGUARGU3,roni,pulvinus,present,5,3,basal | no visible | basal | basal | no visible
individual_067,CHGUARGU3,roni,tendrils,absent,5,3,ausente | no visible | ausente | ausente | no visible
individual_067,CHGUARGU3,roni,damage,present,5,5,presente | presente | presente | presente | presente
individual_068,OLTRI2TU6,roni,leaf_relative_position,alternate,5,5,alterna | alterna | alterna | alterna | alterna
individual_068,OLTRI2TU6,roni,leaf_spacing,clustered,5,5,agrupadas | agrupadas | agrupadas | agrupadas | agrupadas
individual_068,OLTRI2TU6,roni,leaf_complexity_type,compound,5,5,compuesta | compuesta | compuesta | compuesta | compuesta
individual_068,OLTRI2TU6,roni,compound_leaf_type,odd-pinnate,5,5,imparipinada | imparipinada | imparipinada | imparipinada | imparipinada
individual_068,OLTRI2TU6,roni,leaflet_arrangement,subopposite,5,5,subopuestos | subopuestos | subopuestos | subopuestos | subopuestos
individual_068,OLTRI2TU6,roni,leaf_margin,entire,5,5,entero | entero | entero | entero | entero
individual_068,OLTRI2TU6,roni,leaf_shape,lanceolate,5,5,lanceolada | lanceolada | lanceolada | lanceolada | lanceolada
individual_068,OLTRI2TU6,roni,leaf_apex,acuminate,5,5,acuminado | acuminado | acuminado | acuminado | acuminado
individual_068,OLTRI2TU6,roni,leaf_base,cuneate,5,5,cuneada | cuneada | cuneada | cuneada | cuneada
individual_068,OLTRI2TU6,roni,venation,pinnate,5,5,pinnada | pinnada | pinnada | pinnada | pinnada
individual_068,OLTRI2TU6,roni,leaf_trichomes,absent,5,5,ausentes | ausentes | ausentes | ausentes | ausentes
individual_068,OLTRI2TU6,roni,petiole_length,long,5,1,no visible | no visible | no visible | no visible | largo
individual_068,OLTRI2TU6,roni,petiole_features,terete,5,2,no visible | no visible | no visible | terete | terete
individual_068,OLTRI2TU6,roni,stem_type,woody,5,1,no visible | no visible | no visible | no visible | lenoso
individual_068,OLTRI2TU6,roni,stem_trichomes,__missing__,5,0,no visible | no visible | no visible | no visible | no visible
individual_068,OLTRI2TU6,roni,stem_texture,__missing__,5,0,no visible | no visible | no visible | no visible | no visible
individual_068,OLTRI2TU6,roni,stipules,absent,5,1,no visible | no visible | no visible | no visible | ausentes
individual_068,OLTRI2TU6,roni,latex,__missing__,5,0,no visible | no visible | no visible | no visible | no visible
individual_068,OLTRI2TU6,roni,pulvinus,absent,5,1,no visible | no visible | no visible | no visible | ausente
individual_068,OLTRI2TU6,roni,tendrils,absent,5,1,no visible | no visible | no visible | no visible | ausente
individual_068,OLTRI2TU6,roni,damage,present,5,5,presente | presente | presente | presente | presente
individual_069,PPABUTRA10,roni,leaf_relative_position,alternate,5,5,alterna | alterna | alterna | alterna | alterna
individual_069,PPABUTRA10,roni,leaf_spacing,__missing__,5,0,no visible | no visible | no visible | no visible | no visible
individual_069,PPABUTRA10,roni,leaf_complexity_type,simple,5,5,simple | simple | simple | simple | simple
individual_069,PPABUTRA10,roni,compound_leaf_type,__missing__,5,0,N/A | N/A | N/A | N/A | N/A
individual_069,PPABUTRA10,roni,leaflet_arrangement,__missing__,5,0,N/A | N/A | N/A | N/A | N/A
individual_069,PPABUTRA10,roni,leaf_margin,entire,5,5,entero | entero | entero | entero | entero
individual_069,PPABUTRA10,roni,leaf_shape,elliptic,5,5,eliptica | eliptica | eliptica | eliptica | eliptica
individual_069,PPABUTRA10,roni,leaf_apex,acuminate,5,5,acuminado | acuminado | acuminado | acuminado | acuminado
individual_069,PPABUTRA10,roni,leaf_base,rounded,5,5,redondeada | redondeada | redondeada | redondeada | redondeada
individual_069,PPABUTRA10,roni,venation,pinnate,5,5,pinnada | pinnada | pinnada | pinnada | pinnada
individual_069,PPABUTRA10,roni,leaf_trichomes,absent,5,5,ausentes | ausentes | ausentes | ausentes | ausentes
individual_069,PPABUTRA10,roni,petiole_length,long,5,5,largo | largo | largo | largo | largo
individual_069,PPABUTRA10,roni,petiole_features,terete,5,5,terete | terete | terete | terete | terete
individual_069,PPABUTRA10,roni,stem_type,woody,5,1,no visible | no visible | no visible | lenoso | no visible
individual_069,PPABUTRA10,roni,stem_trichomes,__missing__,5,0,no visible | no visible | no visible | no visible | no visible
individual_069,PPABUTRA10,roni,stem_texture,smooth,5,1,no visible | no visible | no visible | lisa | no visible
individual_069,PPABUTRA10,roni,stipules,absent,5,1,no visible | no visible | no visible | ausentes | no visible
individual_069,PPABUTRA10,roni,latex,__missing__,5,0,no visible | no visible | no visible | no visible | no visible
individual_069,PPABUTRA10,roni,pulvinus,present,5,2,no visible | no visible | basal | basal | no visible
individual_069,PPABUTRA10,roni,tendrils,__missing__,5,0,no visible | no visible | no visible | no visible | no visible
individual_069,PPABUTRA10,roni,damage,absent,5,5,ausente | ausente | ausente | ausente | ausente
individual_070,SHBROSGU5,roni,leaf_relative_position,alternate,5,5,alterna | alterna | alterna | alterna | alterna
individual_070,SHBROSGU5,roni,leaf_spacing,distal,5,5,distales | distales | distales | distales | distales
individual_070,SHBROSGU5,roni,leaf_complexity_type,simple,5,5,simple | simple | simple | simple | simple
individual_070,SHBROSGU5,roni,compound_leaf_type,__missing__,5,0,N/A | N/A | N/A | N/A | N/A
individual_070,SHBROSGU5,roni,leaflet_arrangement,__missing__,5,0,N/A | N/A | N/A | N/A | N/A
individual_070,SHBROSGU5,roni,leaf_margin,toothed,5,4,serrado | serrado | serrado | serrado | no visible
individual_070,SHBROSGU5,roni,leaf_shape,elliptic,5,4,eliptica | eliptica | eliptica | eliptica | no visible
individual_070,SHBROSGU5,roni,leaf_apex,acuminate,5,4,acuminado | acuminado | acuminado | acuminado | no visible
individual_070,SHBROSGU5,roni,leaf_base,cuneate,5,5,cuneada | cuneada | cuneada | cuneada | cuneada
individual_070,SHBROSGU5,roni,venation,pinnate,5,5,pinnada | pinnada | pinnada | pinnada | pinnada
individual_070,SHBROSGU5,roni,leaf_trichomes,absent,5,5,ausentes | ausentes | ausentes | ausentes | ausentes
individual_070,SHBROSGU5,roni,petiole_length,short,5,5,corto | corto | corto | corto | corto
individual_070,SHBROSGU5,roni,petiole_features,terete,5,5,terete | terete | terete | terete | terete
individual_070,SHBROSGU5,roni,stem_type,woody,5,5,lenoso | lenoso | lenoso | lenoso | lenoso
individual_070,SHBROSGU5,roni,stem_trichomes,absent,5,5,ausentes | ausentes | ausentes | ausentes | ausentes
individual_070,SHBROSGU5,roni,stem_texture,smooth,5,5,lisa | lisa | lisa | lisa | lisa
individual_070,SHBROSGU5,roni,stipules,present,5,5,presentes | presentes | presentes | presentes | presentes
individual_070,SHBROSGU5,roni,latex,__missing__,5,0,no visible | no visible | no visible | no visible | no visible
individual_070,SHBROSGU5,roni,pulvinus,absent,5,5,ausente | ausente | ausente | ausente | ausente
individual_070,SHBROSGU5,roni,tendrils,absent,5,5,ausente | ausente | ausente | ausente | ausente
individual_070,SHBROSGU5,roni,damage,present,5,5,presente | presente | presente | presente | ausente
individual_071,MECASTEL6,roni,leaf_relative_position,alternate,5,5,alterna | alterna | alterna | alterna | alterna
individual_071,MECASTEL6,roni,leaf_spacing,distal,5,2,no visible | no visible | distales | no visible | distales
individual_071,MECASTEL6,roni,leaf_complexity_type,simple,5,5,simple | simple | simple | simple | simple
individual_071,MECASTEL6,roni,compound_leaf_type,__missing__,5,0,N/A | N/A | N/A | N/A | N/A
individual_071,MECASTEL6,roni,leaflet_arrangement,__missing__,5,0,N/A | N/A | N/A | N/A | N/A
individual_071,MECASTEL6,roni,leaf_margin,toothed,5,5,serrado | serrado | serrado | serrado | serrado
individual_071,MECASTEL6,roni,leaf_shape,elliptic,5,5,eliptica | eliptica | eliptica | eliptica | eliptica
individual_071,MECASTEL6,roni,leaf_apex,acuminate,5,5,acuminado | acuminado | acuminado | acuminado | acuminado
individual_071,MECASTEL6,roni,leaf_base,cordate,5,5,cordada | cordada | cordada | cordada | cordada
individual_071,MECASTEL6,roni,venation,pinnate,5,5,pinnada | pinnada | pinnada | pinnada | pinnada
individual_071,MECASTEL6,roni,leaf_trichomes,__missing__,5,0,no visible | no visible | no visible | no visible | no visible
individual_071,MECASTEL6,roni,petiole_length,short,5,3,no visible | no visible | corto | corto | corto
individual_071,MECASTEL6,roni,petiole_features,terete,5,3,no visible | no visible | terete | terete | terete
individual_071,MECASTEL6,roni,stem_type,woody,5,2,no visible | no visible | lenoso | no visible | lenoso
individual_071,MECASTEL6,roni,stem_trichomes,present,5,1,no visible | no visible | no visible | no visible | presentes
individual_071,MECASTEL6,roni,stem_texture,__missing__,5,0,no visible | no visible | no visible | no visible | pubescente
individual_071,MECASTEL6,roni,stipules,present,5,1,no visible | no visible | no visible | no visible | presentes
individual_071,MECASTEL6,roni,latex,__missing__,5,0,no visible | no visible | no visible | no visible | no visible
individual_071,MECASTEL6,roni,pulvinus,__missing__,5,0,no visible | no visible | no visible | no visible | no visible
individual_071,MECASTEL6,roni,tendrils,absent,5,2,no visible | no visible | ausente | no visible | ausente
individual_071,MECASTEL6,roni,damage,absent,5,5,ausente | ausente | ausente | ausente | ausente
individual_072,BVMAQUCO1,roni,leaf_relative_position,alternate,5,5,alterna | alterna | alterna | alterna | alterna
individual_072,BVMAQUCO1,roni,leaf_spacing,distal,5,3,distales | distales | no visible | no visible | distales
individual_072,BVMAQUCO1,roni,leaf_complexity_type,simple,5,5,simple | simple | simple | simple | simple
individual_072,BVMAQUCO1,roni,compound_leaf_type,__missing__,5,0,N/A | N/A | N/A | N/A | N/A
individual_072,BVMAQUCO1,roni,leaflet_arrangement,__missing__,5,0,N/A | N/A | N/A | N/A | N/A
individual_072,BVMAQUCO1,roni,leaf_margin,entire,5,5,entero | entero | entero | entero | entero
individual_072,BVMAQUCO1,roni,leaf_shape,lanceolate,5,5,lanceolada | lanceolada | lanceolada | lanceolada | lanceolada
individual_072,BVMAQUCO1,roni,leaf_apex,acuminate,5,4,acuminado | acuminado | acuminado | acuminado | no visible
individual_072,BVMAQUCO1,roni,leaf_base,cuneate,5,5,cuneada | cuneada | cuneada | cuneada | cuneada
individual_072,BVMAQUCO1,roni,venation,pinnate,5,5,pinnada | pinnada | pinnada | pinnada | pinnada
individual_072,BVMAQUCO1,roni,leaf_trichomes,__missing__,5,0,no visible | no visible | no visible | no visible | no visible
individual_072,BVMAQUCO1,roni,petiole_length,short,5,5,corto | corto | corto | corto | corto
individual_072,BVMAQUCO1,roni,petiole_features,terete,5,5,terete | terete | terete | terete | terete
individual_072,BVMAQUCO1,roni,stem_type,woody,5,3,lenoso | lenoso | no visible | no visible | lenoso
individual_072,BVMAQUCO1,roni,stem_trichomes,absent,5,3,ausentes | ausentes | no visible | no visible | ausentes
individual_072,BVMAQUCO1,roni,stem_texture,smooth,5,3,lisa | lisa | no visible | no visible | lisa
individual_072,BVMAQUCO1,roni,stipules,absent,5,1,no visible | no visible | no visible | no visible | ausentes
individual_072,BVMAQUCO1,roni,latex,__missing__,5,0,no visible | no visible | no visible | no visible | no visible
individual_072,BVMAQUCO1,roni,pulvinus,absent,5,3,ausente | ausente | no visible | no visible | ausente
individual_072,BVMAQUCO1,roni,tendrils,absent,5,5,ausente | ausente | ausente | ausente | ausente
individual_072,BVMAQUCO1,roni,damage,present,5,5,presente | presente | presente | presente | presente
individual_073,SHPEREXA9,roni,leaf_relative_position,alternate,5,1,no visible | no visible | no visible | no visible | alterna
individual_073,SHPEREXA9,roni,leaf_spacing,clustered,5,1,no visible | no visible | no visible | no visible | agrupadas
individual_073,SHPEREXA9,roni,leaf_complexity_type,simple,5,5,simple | simple | simple | simple | simple
individual_073,SHPEREXA9,roni,compound_leaf_type,__missing__,5,0,N/A | N/A | N/A | N/A | N/A
individual_073,SHPEREXA9,roni,leaflet_arrangement,__missing__,5,0,N/A | N/A | N/A | N/A | N/A
individual_073,SHPEREXA9,roni,leaf_margin,toothed,5,5,serrado | serrado | serrado | serrado | serrado
individual_073,SHPEREXA9,roni,leaf_shape,lanceolate,5,5,lanceolada | lanceolada | lanceolada | lanceolada | lanceolada
individual_073,SHPEREXA9,roni,leaf_apex,acuminate,5,5,acuminado | acuminado | acuminado | acuminado | acuminado
individual_073,SHPEREXA9,roni,leaf_base,cordate,5,5,cordada | cordada | cordada | cordada | cordada
individual_073,SHPEREXA9,roni,venation,pinnate,5,5,pinnada | pinnada | pinnada | pinnada | pinnada
individual_073,SHPEREXA9,roni,leaf_trichomes,present,5,1,no visible | no visible | no visible | no visible | presentes
individual_073,SHPEREXA9,roni,petiole_length,short,5,1,no visible | no visible | no visible | no visible | corto
individual_073,SHPEREXA9,roni,petiole_features,terete,5,1,no visible | no visible | no visible | no visible | terete
individual_073,SHPEREXA9,roni,stem_type,woody,5,1,no visible | no visible | no visible | no visible | lenoso
individual_073,SHPEREXA9,roni,stem_trichomes,present,5,1,no visible | no visible | no visible | no visible | presentes
individual_073,SHPEREXA9,roni,stem_texture,__missing__,5,0,no visible | no visible | no visible | no visible | pubescente
individual_073,SHPEREXA9,roni,stipules,present,5,1,no visible | no visible | no visible | no visible | presentes
individual_073,SHPEREXA9,roni,latex,__missing__,5,0,no visible | no visible | no visible | no visible | no visible
individual_073,SHPEREXA9,roni,pulvinus,absent,5,1,no visible | no visible | no visible | no visible | ausente
individual_073,SHPEREXA9,roni,tendrils,absent,5,1,no visible | no visible | no visible | no visible | ausente
individual_073,SHPEREXA9,roni,damage,present,5,5,presente | presente | presente | presente | ausente
individual_074,OLPOULAR2,roni,leaf_relative_position,alternate,5,1,no visible | no visible | no visible | no visible | alterna
individual_074,OLPOULAR2,roni,leaf_spacing,clustered,5,1,no visible | no visible | no visible | no visible | agrupadas
individual_074,OLPOULAR2,roni,leaf_complexity_type,simple,5,5,simple | simple | simple | simple | simple
individual_074,OLPOULAR2,roni,compound_leaf_type,__missing__,5,0,N/A | N/A | N/A | N/A | N/A
individual_074,OLPOULAR2,roni,leaflet_arrangement,__missing__,5,0,N/A | N/A | N/A | N/A | N/A
individual_074,OLPOULAR2,roni,leaf_margin,entire,5,5,entero | entero | entero | entero | entero
individual_074,OLPOULAR2,roni,leaf_shape,lanceolate,5,4,lanceolada | lanceolada | lanceolada | lanceolada | no visible
individual_074,OLPOULAR2,roni,leaf_apex,acuminate,5,4,acuminado | acuminado | acuminado | acuminado | no visible
individual_074,OLPOULAR2,roni,leaf_base,cuneate,5,5,cuneada | cuneada | cuneada | cuneada | cuneada
individual_074,OLPOULAR2,roni,venation,pinnate,5,5,pinnada | pinnada | pinnada | pinnada | pinnada
individual_074,OLPOULAR2,roni,leaf_trichomes,absent,5,5,ausentes | ausentes | ausentes | ausentes | ausentes
individual_074,OLPOULAR2,roni,petiole_length,short,5,5,corto | corto | corto | corto | corto
individual_074,OLPOULAR2,roni,petiole_features,terete,5,5,terete | terete | terete | terete | terete
individual_074,OLPOULAR2,roni,stem_type,woody,5,1,no visible | no visible | no visible | no visible | lenoso
individual_074,OLPOULAR2,roni,stem_trichomes,absent,5,1,no visible | no visible | no visible | no visible | ausentes
individual_074,OLPOULAR2,roni,stem_texture,__missing__,5,0,no visible | no visible | no visible | no visible | espinosa
individual_074,OLPOULAR2,roni,stipules,present,5,1,no visible | no visible | no visible | no visible | presentes
individual_074,OLPOULAR2,roni,latex,__missing__,5,0,no visible | no visible | no visible | no visible | no visible
individual_074,OLPOULAR2,roni,pulvinus,absent,5,1,no visible | no visible | no visible | no visible | ausente
individual_074,OLPOULAR2,roni,tendrils,absent,5,5,ausente | ausente | ausente | ausente | ausente
individual_074,OLPOULAR2,roni,damage,present,5,5,presente | presente | presente | presente | presente
individual_075,BVSOROAF8,roni,leaf_relative_position,alternate,5,5,alterna | alterna | alterna | alterna | alterna
individual_075,BVSOROAF8,roni,leaf_spacing,distal,5,5,distales | distales | distales | distales | distales
individual_075,BVSOROAF8,roni,leaf_complexity_type,simple,5,5,simple | simple | simple | simple | simple
individual_075,BVSOROAF8,roni,compound_leaf_type,__missing__,5,0,N/A | N/A | N/A | N/A | N/A
individual_075,BVSOROAF8,roni,leaflet_arrangement,__missing__,5,0,N/A | N/A | N/A | N/A | N/A
individual_075,BVSOROAF8,roni,leaf_margin,toothed,5,5,serrado | serrado | serrado | serrado | serrado
individual_075,BVSOROAF8,roni,leaf_shape,lanceolate,5,5,lanceolada | lanceolada | lanceolada | lanceolada | lanceolada
individual_075,BVSOROAF8,roni,leaf_apex,acuminate,5,5,acuminado | acuminado | acuminado | acuminado | acuminado
individual_075,BVSOROAF8,roni,leaf_base,cuneate,5,5,cuneada | cuneada | cuneada | cuneada | cuneada
individual_075,BVSOROAF8,roni,venation,pinnate,5,5,pinnada | pinnada | pinnada | pinnada | pinnada
individual_075,BVSOROAF8,roni,leaf_trichomes,__missing__,5,0,no visible | no visible | no visible | no visible | no visible
individual_075,BVSOROAF8,roni,petiole_length,short,5,4,corto | corto | no visible | corto | corto
individual_075,BVSOROAF8,roni,petiole_features,terete,5,4,terete | terete | no visible | terete | terete
individual_075,BVSOROAF8,roni,stem_type,woody,5,5,lenoso | lenoso | lenoso | lenoso | lenoso
individual_075,BVSOROAF8,roni,stem_trichomes,__missing__,5,0,no visible | no visible | no visible | no visible | no visible
individual_075,BVSOROAF8,roni,stem_texture,__missing__,5,0,no visible | no visible | no visible | no visible | no visible
individual_075,BVSOROAF8,roni,stipules,present,5,4,presentes | presentes | no visible | presentes | presentes
individual_075,BVSOROAF8,roni,latex,__missing__,5,0,no visible | no visible | no visible | no visible | no visible
individual_075,BVSOROAF8,roni,pulvinus,absent,5,5,ausente | ausente | ausente | ausente | ausente
individual_075,BVSOROAF8,roni,tendrils,absent,5,5,ausente | ausente | ausente | ausente | ausente
individual_075,BVSOROAF8,roni,damage,present,5,5,presente | presente | presente | presente | presente
individual_076,CHTROPRA2,roni,leaf_relative_position,alternate,5,5,alterna | alterna | alterna | alterna | alterna
individual_076,CHTROPRA2,roni,leaf_spacing,distal,5,5,distales | distales | distales | distales | distales
individual_076,CHTROPRA2,roni,leaf_complexity_type,simple,5,5,simple | simple | simple | simple | simple
individual_076,CHTROPRA2,roni,compound_leaf_type,__missing__,5,0,N/A | N/A | N/A | N/A | N/A
individual_076,CHTROPRA2,roni,leaflet_arrangement,__missing__,5,0,N/A | N/A | N/A | N/A | N/A
individual_076,CHTROPRA2,roni,leaf_margin,toothed,5,5,serrado | serrado | serrado | serrado | serrado
individual_076,CHTROPRA2,roni,leaf_shape,elliptic,5,5,eliptica | eliptica | eliptica | eliptica | eliptica
individual_076,CHTROPRA2,roni,leaf_apex,acuminate,5,4,acuminado | acuminado | acuminado | acuminado | no visible
individual_076,CHTROPRA2,roni,leaf_base,rounded,5,5,redondeada | redondeada | redondeada | redondeada | redondeada
individual_076,CHTROPRA2,roni,venation,pinnate,5,5,pinnada | pinnada | pinnada | pinnada | pinnada
individual_076,CHTROPRA2,roni,leaf_trichomes,__missing__,5,0,no visible | no visible | no visible | no visible | no visible
individual_076,CHTROPRA2,roni,petiole_length,short,5,5,corto | corto | corto | corto | corto
individual_076,CHTROPRA2,roni,petiole_features,terete,5,2,no visible | terete | no visible | terete | no visible
individual_076,CHTROPRA2,roni,stem_type,woody,5,5,lenoso | lenoso | lenoso | lenoso | lenoso
individual_076,CHTROPRA2,roni,stem_trichomes,absent,5,1,no visible | ausentes | no visible | no visible | no visible
individual_076,CHTROPRA2,roni,stem_texture,lenticellate,5,2,no visible | lenticelada | no visible | lenticelada | no visible
individual_076,CHTROPRA2,roni,stipules,__missing__,5,0,no visible | no visible | no visible | no visible | no visible
individual_076,CHTROPRA2,roni,latex,__missing__,5,0,no visible | no visible | no visible | no visible | no visible
individual_076,CHTROPRA2,roni,pulvinus,__missing__,5,0,no visible | no visible | no visible | no visible | no visible
individual_076,CHTROPRA2,roni,tendrils,absent,5,5,ausente | ausente | ausente | ausente | ausente
individual_076,CHTROPRA2,roni,damage,absent,5,5,ausente | ausente | ausente | ausente | ausente
individual_077,SRVIROSE4,roni,leaf_relative_position,alternate,5,5,alterna | alterna | alterna | alterna | alterna
individual_077,SRVIROSE4,roni,leaf_spacing,distal,5,5,distales | distales | distales | distales | distales
individual_077,SRVIROSE4,roni,leaf_complexity_type,simple,5,5,simple | simple | simple | simple | simple
individual_077,SRVIROSE4,roni,compound_leaf_type,__missing__,5,0,N/A | N/A | N/A | N/A | N/A
individual_077,SRVIROSE4,roni,leaflet_arrangement,__missing__,5,0,N/A | N/A | N/A | N/A | N/A
individual_077,SRVIROSE4,roni,leaf_margin,entire,5,5,entero | entero | entero | entero | entero
individual_077,SRVIROSE4,roni,leaf_shape,lanceolate,5,4,lanceolada | lanceolada | lanceolada | lanceolada | no visible
individual_077,SRVIROSE4,roni,leaf_apex,acute,5,4,agudo | agudo | agudo | agudo | no visible
individual_077,SRVIROSE4,roni,leaf_base,rounded,5,5,redondeada | redondeada | redondeada | redondeada | redondeada
individual_077,SRVIROSE4,roni,venation,pinnate,5,5,pinnada | pinnada | pinnada | pinnada | pinnada
individual_077,SRVIROSE4,roni,leaf_trichomes,absent,5,5,ausentes | ausentes | ausentes | ausentes | ausentes
individual_077,SRVIROSE4,roni,petiole_length,short,5,5,corto | corto | corto | corto | corto
individual_077,SRVIROSE4,roni,petiole_features,terete,5,5,terete | terete | terete | terete | terete
individual_077,SRVIROSE4,roni,stem_type,woody,5,5,lenoso | lenoso | lenoso | lenoso | lenoso
individual_077,SRVIROSE4,roni,stem_trichomes,present,5,5,presentes | presentes | presentes | presentes | presentes
individual_077,SRVIROSE4,roni,stem_texture,__missing__,5,0,pubescente | pubescente | pubescente | pubescente | pubescente
individual_077,SRVIROSE4,roni,stipules,absent,5,5,ausentes | ausentes | ausentes | ausentes | ausentes
individual_077,SRVIROSE4,roni,latex,__missing__,5,0,no visible | no visible | no visible | no visible | no visible
individual_077,SRVIROSE4,roni,pulvinus,absent,5,5,ausente | ausente | ausente | ausente | ausente
individual_077,SRVIROSE4,roni,tendrils,absent,5,5,ausente | ausente | ausente | ausente | ausente
individual_077,SRVIROSE4,roni,damage,present,5,5,presente | presente | presente | presente | presente
individual_078,BAR0299,roni,leaf_relative_position,opposite,5,5,opuesta | opuesta | opuesta | opuesta | opuesta
individual_078,BAR0299,roni,leaf_spacing,distal,5,5,distales | distales | distales | distales | distales
individual_078,BAR0299,roni,leaf_complexity_type,simple,5,5,simple | simple | simple | simple | simple
individual_078,BAR0299,roni,compound_leaf_type,__missing__,5,0,N/A | N/A | N/A | N/A | N/A
individual_078,BAR0299,roni,leaflet_arrangement,__missing__,5,0,N/A | N/A | N/A | N/A | N/A
individual_078,BAR0299,roni,leaf_margin,entire,5,5,entero | entero | entero | entero | entero
individual_078,BAR0299,roni,leaf_shape,lanceolate,5,5,lanceolada | lanceolada | lanceolada | lanceolada | lanceolada
individual_078,BAR0299,roni,leaf_apex,acute,5,5,agudo | agudo | agudo | agudo | agudo
individual_078,BAR0299,roni,leaf_base,rounded,5,5,redondeada | redondeada | redondeada | redondeada | redondeada
individual_078,BAR0299,roni,venation,pinnate,5,5,pinnada | pinnada | pinnada | pinnada | pinnada
individual_078,BAR0299,roni,leaf_trichomes,absent,5,5,ausentes | ausentes | ausentes | ausentes | ausentes
individual_078,BAR0299,roni,petiole_length,short,5,5,corto | corto | corto | corto | corto
individual_078,BAR0299,roni,petiole_features,terete,5,5,terete | terete | terete | terete | terete
individual_078,BAR0299,roni,stem_type,woody,5,5,lenoso | lenoso | lenoso | lenoso | lenoso
individual_078,BAR0299,roni,stem_trichomes,absent,5,5,ausentes | ausentes | ausentes | ausentes | ausentes
individual_078,BAR0299,roni,stem_texture,ridged,5,5,estriada | estriada | estriada | estriada | estriada
individual_078,BAR0299,roni,stipules,absent,5,5,ausentes | ausentes | ausentes | ausentes | ausentes
individual_078,BAR0299,roni,latex,__missing__,5,0,no visible | no visible | no visible | no visible | no visible
individual_078,BAR0299,roni,pulvinus,absent,5,5,ausente | ausente | ausente | ausente | ausente
individual_078,BAR0299,roni,tendrils,absent,5,5,ausente | ausente | ausente | ausente | ausente
individual_078,BAR0299,roni,damage,present,5,5,presente | presente | presente | presente | presente
individual_079,SRMYRCAGA3,roni,leaf_relative_position,opposite,5,5,opuesta | opuesta | opuesta | opuesta | opuesta
individual_079,SRMYRCAGA3,roni,leaf_spacing,distal,5,5,distales | distales | distales | distales | distales
individual_079,SRMYRCAGA3,roni,leaf_complexity_type,simple,5,5,simple | simple | simple | simple | simple
individual_079,SRMYRCAGA3,roni,compound_leaf_type,__missing__,5,0,N/A | N/A | N/A | N/A | N/A
individual_079,SRMYRCAGA3,roni,leaflet_arrangement,__missing__,5,0,N/A | N/A | N/A | N/A | N/A
individual_079,SRMYRCAGA3,roni,leaf_margin,entire,5,5,entero | entero | entero | entero | entero
individual_079,SRMYRCAGA3,roni,leaf_shape,elliptic,5,5,eliptica | eliptica | lanceolada | lanceolada | eliptica
individual_079,SRMYRCAGA3,roni,leaf_apex,acute,5,5,agudo | agudo | agudo | agudo | agudo
individual_079,SRMYRCAGA3,roni,leaf_base,cuneate,5,5,redondeada | redondeada | cuneada | cuneada | cuneada
individual_079,SRMYRCAGA3,roni,venation,__missing__,5,0,no visible | no visible | no visible | no visible | no visible
individual_079,SRMYRCAGA3,roni,leaf_trichomes,absent,5,2,no visible | no visible | ausentes | ausentes | no visible
individual_079,SRMYRCAGA3,roni,petiole_length,short,5,5,corto | corto | corto | corto | corto
individual_079,SRMYRCAGA3,roni,petiole_features,terete,5,1,no visible | no visible | no visible | terete | no visible
individual_079,SRMYRCAGA3,roni,stem_type,woody,5,4,lenoso | no visible | lenoso | lenoso | lenoso
individual_079,SRMYRCAGA3,roni,stem_trichomes,absent,5,1,no visible | no visible | no visible | ausentes | no visible
individual_079,SRMYRCAGA3,roni,stem_texture,smooth,5,1,no visible | no visible | no visible | lisa | no visible
individual_079,SRMYRCAGA3,roni,stipules,absent,5,1,no visible | no visible | no visible | ausentes | no visible
individual_079,SRMYRCAGA3,roni,latex,__missing__,5,0,no visible | no visible | no visible | no visible | no visible
individual_079,SRMYRCAGA3,roni,pulvinus,absent,5,1,no visible | no visible | no visible | ausente | no visible
individual_079,SRMYRCAGA3,roni,tendrils,absent,5,3,no visible | no visible | ausente | ausente | ausente
individual_079,SRMYRCAGA3,roni,damage,present,5,5,presente | presente | presente | presente | presente
individual_080,SROURASU5,roni,leaf_relative_position,alternate,5,4,alterna | alterna | no visible | alterna | alterna
individual_080,SROURASU5,roni,leaf_spacing,distal,5,4,distales | distales | no visible | distales | distales
individual_080,SROURASU5,roni,leaf_complexity_type,simple,5,5,simple | simple | simple | simple | simple
individual_080,SROURASU5,roni,compound_leaf_type,__missing__,5,0,N/A | N/A | N/A | N/A | N/A
individual_080,SROURASU5,roni,leaflet_arrangement,__missing__,5,0,N/A | N/A | N/A | N/A | N/A
individual_080,SROURASU5,roni,leaf_margin,toothed,5,5,serrado | serrado | serrado | serrado | serrado
individual_080,SROURASU5,roni,leaf_shape,lanceolate,5,4,lanceolada | lanceolada | lanceolada | no visible | lanceolada
individual_080,SROURASU5,roni,leaf_apex,acute,5,4,agudo | agudo | agudo | no visible | agudo
individual_080,SROURASU5,roni,leaf_base,cordate,5,5,cordada | cordada | cordada | cordada | cordada
individual_080,SROURASU5,roni,venation,pinnate,5,5,pinnada | pinnada | pinnada | pinnada | pinnada
individual_080,SROURASU5,roni,leaf_trichomes,absent,5,5,ausentes | ausentes | ausentes | ausentes | ausentes
individual_080,SROURASU5,roni,petiole_length,short,5,4,corto | corto | no visible | corto | corto
individual_080,SROURASU5,roni,petiole_features,__missing__,5,0,no visible | no visible | no visible | no visible | no visible
individual_080,SROURASU5,roni,stem_type,woody,5,4,lenoso | lenoso | no visible | lenoso | lenoso
individual_080,SROURASU5,roni,stem_trichomes,__missing__,5,0,no visible | no visible | no visible | no visible | no visible
individual_080,SROURASU5,roni,stem_texture,ridged,5,4,estriada | estriada | no visible | estriada | estriada
individual_080,SROURASU5,roni,stipules,present,5,4,presentes | presentes | no visible | presentes | presentes
individual_080,SROURASU5,roni,latex,__missing__,5,0,no visible | no visible | no visible | no visible | no visible
individual_080,SROURASU5,roni,pulvinus,__missing__,5,0,no visible | no visible | no visible | no visible | no visible
individual_080,SROURASU5,roni,tendrils,absent,5,5,ausente | ausente | ausente | ausente | ausente
individual_080,SROURASU5,roni,damage,present,5,5,presente | presente | presente | presente | presente
individual_081,BVHEISAC9,roni,leaf_relative_position,alternate,5,5,alterna | alterna | alterna | alterna | alterna
individual_081,BVHEISAC9,roni,leaf_spacing,distal,5,5,distales | distales | distales | distales | distales
individual_081,BVHEISAC9,roni,leaf_complexity_type,simple,5,5,simple | simple | simple | simple | simple
individual_081,BVHEISAC9,roni,compound_leaf_type,__missing__,5,0,N/A | N/A | N/A | N/A | N/A
individual_081,BVHEISAC9,roni,leaflet_arrangement,__missing__,5,0,N/A | N/A | N/A | N/A | N/A
individual_081,BVHEISAC9,roni,leaf_margin,entire,5,5,entero | entero | entero | entero | entero
individual_081,BVHEISAC9,roni,leaf_shape,elliptic,5,5,eliptica | eliptica | eliptica | eliptica | eliptica
individual_081,BVHEISAC9,roni,leaf_apex,acuminate,5,5,acuminado | acuminado | acuminado | acuminado | acuminado
individual_081,BVHEISAC9,roni,leaf_base,cuneate,5,5,cuneada | cuneada | cuneada | cuneada | cuneada
individual_081,BVHEISAC9,roni,venation,pinnate,5,5,pinnada | pinnada | pinnada | pinnada | pinnada
individual_081,BVHEISAC9,roni,leaf_trichomes,absent,5,5,ausentes | ausentes | ausentes | ausentes | ausentes
individual_081,BVHEISAC9,roni,petiole_length,short,5,5,corto | corto | corto | corto | corto
individual_081,BVHEISAC9,roni,petiole_features,terete,5,4,terete | terete | terete | no visible | terete
individual_081,BVHEISAC9,roni,stem_type,woody,5,5,lenoso | lenoso | lenoso | lenoso | lenoso
individual_081,BVHEISAC9,roni,stem_trichomes,absent,5,4,ausentes | ausentes | ausentes | no visible | ausentes
individual_081,BVHEISAC9,roni,stem_texture,smooth,5,4,lisa | lisa | lisa | no visible | lisa
individual_081,BVHEISAC9,roni,stipules,absent,5,4,ausentes | ausentes | ausentes | no visible | ausentes
individual_081,BVHEISAC9,roni,latex,__missing__,5,0,no visible | no visible | no visible | no visible | no visible
individual_081,BVHEISAC9,roni,pulvinus,absent,5,4,ausente | ausente | ausente | no visible | ausente
individual_081,BVHEISAC9,roni,tendrils,absent,5,5,ausente | ausente | ausente | ausente | ausente
individual_081,BVHEISAC9,roni,damage,absent,5,5,ausente | ausente | ausente | ausente | ausente
individual_082,SHPERAAR2,roni,leaf_relative_position,opposite,5,5,opuesta | opuesta | opuesta | opuesta | opuesta
individual_082,SHPERAAR2,roni,leaf_spacing,clustered,5,5,agrupadas | agrupadas | agrupadas | agrupadas | agrupadas
individual_082,SHPERAAR2,roni,leaf_complexity_type,simple,5,5,simple | simple | simple | simple | simple
individual_082,SHPERAAR2,roni,compound_leaf_type,__missing__,5,0,N/A | N/A | N/A | N/A | N/A
individual_082,SHPERAAR2,roni,leaflet_arrangement,__missing__,5,0,N/A | N/A | N/A | N/A | N/A
individual_082,SHPERAAR2,roni,leaf_margin,entire,5,5,entero | entero | entero | entero | entero
individual_082,SHPERAAR2,roni,leaf_shape,elliptic,5,5,eliptica | eliptica | eliptica | eliptica | eliptica
individual_082,SHPERAAR2,roni,leaf_apex,acute,5,5,agudo | agudo | agudo | agudo | agudo
individual_082,SHPERAAR2,roni,leaf_base,cuneate,5,5,cuneada | cuneada | cuneada | cuneada | cuneada
individual_082,SHPERAAR2,roni,venation,pinnate,5,5,pinnada | pinnada | pinnada | pinnada | pinnada
individual_082,SHPERAAR2,roni,leaf_trichomes,absent,5,4,no visible | ausentes | ausentes | ausentes | ausentes
individual_082,SHPERAAR2,roni,petiole_length,short,5,5,corto | corto | corto | corto | corto
individual_082,SHPERAAR2,roni,petiole_features,terete,5,4,no visible | terete | terete | terete | terete
individual_082,SHPERAAR2,roni,stem_type,woody,5,3,lenoso | lenoso | no visible | no visible | lenoso
individual_082,SHPERAAR2,roni,stem_trichomes,absent,5,2,ausentes | ausentes | no visible | no visible | no visible
individual_082,SHPERAAR2,roni,stem_texture,ridged,5,2,estriada | estriada | no visible | no visible | no visible
individual_082,SHPERAAR2,roni,stipules,absent,5,3,no visible | ausentes | ausentes | ausentes | no visible
individual_082,SHPERAAR2,roni,latex,__missing__,5,0,no visible | no visible | no visible | no visible | no visible
individual_082,SHPERAAR2,roni,pulvinus,absent,5,3,no visible | ausente | ausente | ausente | no visible
individual_082,SHPERAAR2,roni,tendrils,absent,5,5,ausente | ausente | ausente | ausente | ausente
individual_082,SHPERAAR2,roni,damage,absent,5,5,ausente | ausente | ausente | ausente | ausente
individual_083,MEPICRLA10,roni,leaf_relative_position,alternate,5,5,alterna | alterna | alterna | alterna | alterna
individual_083,MEPICRLA10,roni,leaf_spacing,clustered,5,5,agrupadas | agrupadas | agrupadas | agrupadas | agrupadas
individual_083,MEPICRLA10,roni,leaf_complexity_type,compound,5,5,compuesta | compuesta | compuesta | compuesta | compuesta
individual_083,MEPICRLA10,roni,compound_leaf_type,odd-pinnate,5,5,imparipinada | imparipinada | imparipinada | imparipinada | imparipinada
individual_083,MEPICRLA10,roni,leaflet_arrangement,alternate,5,5,alternos | alternos | alternos | alternos | alternos
individual_083,MEPICRLA10,roni,leaf_margin,entire,5,5,entero | entero | entero | entero | entero
individual_083,MEPICRLA10,roni,leaf_shape,obovate,5,5,obovada | obovada | obovada | obovada | obovada
individual_083,MEPICRLA10,roni,leaf_apex,acuminate,5,5,acuminado | acuminado | acuminado | acuminado | acuminado
individual_083,MEPICRLA10,roni,leaf_base,rounded,5,5,redondeada | redondeada | redondeada | redondeada | redondeada
individual_083,MEPICRLA10,roni,venation,pinnate,5,5,pinnada | pinnada | pinnada | pinnada | pinnada
individual_083,MEPICRLA10,roni,leaf_trichomes,absent,5,5,ausentes | ausentes | ausentes | ausentes | ausentes
individual_083,MEPICRLA10,roni,petiole_length,long,5,5,largo | largo | largo | largo | largo
individual_083,MEPICRLA10,roni,petiole_features,terete,5,5,terete | terete | terete | terete | terete
individual_083,MEPICRLA10,roni,stem_type,woody,5,5,lenoso | lenoso | lenoso | lenoso | lenoso
individual_083,MEPICRLA10,roni,stem_trichomes,absent,5,4,ausentes | no visible | ausentes | ausentes | ausentes
individual_083,MEPICRLA10,roni,stem_texture,smooth,5,4,lisa | no visible | lisa | lisa | lisa
individual_083,MEPICRLA10,roni,stipules,absent,5,5,ausentes | ausentes | ausentes | ausentes | ausentes
individual_083,MEPICRLA10,roni,latex,__missing__,5,0,no visible | no visible | no visible | no visible | no visible
individual_083,MEPICRLA10,roni,pulvinus,present,5,5,basal | basal | basal | basal | basal
individual_083,MEPICRLA10,roni,tendrils,absent,5,5,ausente | ausente | ausente | ausente | ausente
individual_083,MEPICRLA10,roni,damage,present,5,5,presente | presente | presente | presente | presente
individual_084,PPPIPEAE3,roni,leaf_relative_position,alternate,5,5,alterna | alterna | alterna | alterna | alterna
individual_084,PPPIPEAE3,roni,leaf_spacing,distal,5,5,distales | distales | distales | distales | distales
individual_084,PPPIPEAE3,roni,leaf_complexity_type,simple,5,5,simple | simple | simple | simple | simple
individual_084,PPPIPEAE3,roni,compound_leaf_type,__missing__,5,0,N/A | N/A | N/A | N/A | N/A
individual_084,PPPIPEAE3,roni,leaflet_arrangement,__missing__,5,0,N/A | N/A | N/A | N/A | N/A
individual_084,PPPIPEAE3,roni,leaf_margin,entire,5,5,entero | entero | entero | entero | entero
individual_084,PPPIPEAE3,roni,leaf_shape,elliptic,5,5,eliptica | eliptica | eliptica | eliptica | eliptica
individual_084,PPPIPEAE3,roni,leaf_apex,acuminate,5,5,acuminado | acuminado | acuminado | acuminado | acuminado
individual_084,PPPIPEAE3,roni,leaf_base,rounded,5,5,redondeada | redondeada | redondeada | redondeada | redondeada
individual_084,PPPIPEAE3,roni,venation,pinnate,5,5,pinnada | pinnada | pinnada | pinnada | pinnada
individual_084,PPPIPEAE3,roni,leaf_trichomes,absent,5,5,ausentes | ausentes | ausentes | ausentes | ausentes
individual_084,PPPIPEAE3,roni,petiole_length,short,5,5,corto | corto | corto | corto | corto
individual_084,PPPIPEAE3,roni,petiole_features,grooved,5,5,acanalado | acanalado | acanalado | acanalado | acanalado
individual_084,PPPIPEAE3,roni,stem_type,woody,5,5,lenoso | lenoso | lenoso | lenoso | lenoso
individual_084,PPPIPEAE3,roni,stem_trichomes,absent,5,5,ausentes | ausentes | ausentes | ausentes | ausentes
individual_084,PPPIPEAE3,roni,stem_texture,smooth,5,5,lisa | lisa | lisa | lisa | lisa
individual_084,PPPIPEAE3,roni,stipules,present,5,5,presentes | presentes | presentes | presentes | presentes
individual_084,PPPIPEAE3,roni,latex,__missing__,5,0,no visible | no visible | no visible | no visible | no visible
individual_084,PPPIPEAE3,roni,pulvinus,absent,5,5,ausente | ausente | ausente | ausente | ausente
individual_084,PPPIPEAE3,roni,tendrils,absent,5,5,ausente | ausente | ausente | ausente | ausente
individual_084,PPPIPEAE3,roni,damage,present,5,5,presente | presente | presente | presente | presente
individual_085,SRCOCCP16,roni,leaf_relative_position,alternate,6,6,alterna | alterna | alterna | alterna | alterna | alterna
individual_085,SRCOCCP16,roni,leaf_spacing,clustered,6,6,agrupadas | agrupadas | agrupadas | agrupadas | agrupadas | agrupadas
individual_085,SRCOCCP16,roni,leaf_complexity_type,simple,6,6,simple | simple | simple | simple | simple | simple
individual_085,SRCOCCP16,roni,compound_leaf_type,__missing__,6,0,N/A | N/A | N/A | N/A | N/A | N/A
individual_085,SRCOCCP16,roni,leaflet_arrangement,__missing__,6,0,N/A | N/A | N/A | N/A | N/A | N/A
individual_085,SRCOCCP16,roni,leaf_margin,entire,6,6,entero | entero | entero | entero | entero | entero
individual_085,SRCOCCP16,roni,leaf_shape,obovate,6,5,obovada | obovada | obovada | obovada | no visible | obovada
individual_085,SRCOCCP16,roni,leaf_apex,acute,6,5,agudo | agudo | agudo | agudo | no visible | agudo
individual_085,SRCOCCP16,roni,leaf_base,cuneate,6,6,cuneada | cuneada | cuneada | cuneada | cuneada | cuneada
individual_085,SRCOCCP16,roni,venation,pinnate,6,6,pinnada | pinnada | pinnada | pinnada | pinnada | pinnada
individual_085,SRCOCCP16,roni,leaf_trichomes,absent,6,6,ausentes | ausentes | ausentes | ausentes | ausentes | ausentes
individual_085,SRCOCCP16,roni,petiole_length,short,6,6,corto | corto | corto | corto | corto | corto
individual_085,SRCOCCP16,roni,petiole_features,grooved,6,6,acanalado | acanalado | acanalado | acanalado | acanalado | acanalado
individual_085,SRCOCCP16,roni,stem_type,woody,6,6,lenoso | lenoso | lenoso | lenoso | lenoso | lenoso
individual_085,SRCOCCP16,roni,stem_trichomes,absent,6,1,no visible | no visible | no visible | no visible | no visible | ausentes
individual_085,SRCOCCP16,roni,stem_texture,smooth,6,1,no visible | no visible | no visible | no visible | no visible | lisa
individual_085,SRCOCCP16,roni,stipules,present,6,3,no visible | no visible | presentes | presentes | presentes | no visible
individual_085,SRCOCCP16,roni,latex,__missing__,6,0,no visible | no visible | no visible | no visible | no visible | no visible
individual_085,SRCOCCP16,roni,pulvinus,absent,6,6,ausente | ausente | ausente | ausente | ausente | ausente
individual_085,SRCOCCP16,roni,tendrils,absent,6,6,ausente | ausente | ausente | ausente | ausente | ausente
individual_085,SRCOCCP16,roni,damage,present,6,6,presente | presente | presente | presente | presente | presente
individual_086,CHARDIPE7,roni,leaf_relative_position,alternate,5,1,no visible | no visible | no visible | no visible | alterna
individual_086,CHARDIPE7,roni,leaf_spacing,__missing__,5,0,no visible | no visible | no visible | no visible | no visible
individual_086,CHARDIPE7,roni,leaf_complexity_type,simple,5,5,simple | simple | simple | simple | simple
individual_086,CHARDIPE7,roni,compound_leaf_type,__missing__,5,0,N/A | N/A | N/A | N/A | N/A
individual_086,CHARDIPE7,roni,leaflet_arrangement,__missing__,5,0,N/A | N/A | N/A | N/A | N/A
individual_086,CHARDIPE7,roni,leaf_margin,toothed,5,5,serrado | serrado | serrado | serrado | serrado
individual_086,CHARDIPE7,roni,leaf_shape,lanceolate,5,5,lanceolada | lanceolada | lanceolada | lanceolada | lanceolada
individual_086,CHARDIPE7,roni,leaf_apex,acute,5,5,agudo | agudo | agudo | agudo | agudo
individual_086,CHARDIPE7,roni,leaf_base,__missing__,5,0,no visible | no visible | no visible | no visible | no visible
individual_086,CHARDIPE7,roni,venation,pinnate,5,5,pinnada | pinnada | pinnada | pinnada | pinnada
individual_086,CHARDIPE7,roni,leaf_trichomes,absent,5,5,ausentes | ausentes | ausentes | ausentes | ausentes
individual_086,CHARDIPE7,roni,petiole_length,short,5,1,no visible | no visible | no visible | no visible | corto
individual_086,CHARDIPE7,roni,petiole_features,__missing__,5,0,no visible | no visible | no visible | no visible | no visible
individual_086,CHARDIPE7,roni,stem_type,woody,5,1,no visible | no visible | no visible | no visible | lenoso
individual_086,CHARDIPE7,roni,stem_trichomes,__missing__,5,0,no visible | no visible | no visible | no visible | no visible
individual_086,CHARDIPE7,roni,stem_texture,__missing__,5,0,no visible | no visible | no visible | no visible | no visible
individual_086,CHARDIPE7,roni,stipules,__missing__,5,0,no visible | no visible | no visible | no visible | no visible
individual_086,CHARDIPE7,roni,latex,__missing__,5,0,no visible | no visible | no visible | no visible | no visible
individual_086,CHARDIPE7,roni,pulvinus,__missing__,5,0,no visible | no visible | no visible | no visible | no visible
individual_086,CHARDIPE7,roni,tendrils,absent,5,1,no visible | no visible | no visible | no visible | ausente
individual_086,CHARDIPE7,roni,damage,present,5,5,presente | presente | presente | presente | presente
individual_087,PPSTYLTU5,roni,leaf_relative_position,alternate,5,5,alterna | alterna | alterna | alterna | alterna
individual_087,PPSTYLTU5,roni,leaf_spacing,clustered,5,5,agrupadas | agrupadas | agrupadas | agrupadas | agrupadas
individual_087,PPSTYLTU5,roni,leaf_complexity_type,simple,5,5,simple | simple | simple | simple | simple
individual_087,PPSTYLTU5,roni,compound_leaf_type,__missing__,5,0,N/A | N/A | N/A | N/A | N/A
individual_087,PPSTYLTU5,roni,leaflet_arrangement,__missing__,5,0,N/A | N/A | N/A | N/A | N/A
individual_087,PPSTYLTU5,roni,leaf_margin,entire,5,5,entero | entero | entero | entero | entero
individual_087,PPSTYLTU5,roni,leaf_shape,lanceolate,5,4,lanceolada | lanceolada | lanceolada | lanceolada | no visible
individual_087,PPSTYLTU5,roni,leaf_apex,acute,5,4,agudo | agudo | agudo | agudo | no visible
individual_087,PPSTYLTU5,roni,leaf_base,cuneate,5,5,cuneada | cuneada | cuneada | cuneada | cuneada
individual_087,PPSTYLTU5,roni,venation,pinnate,5,5,pinnada | pinnada | pinnada | pinnada | pinnada
individual_087,PPSTYLTU5,roni,leaf_trichomes,absent,5,5,ausentes | ausentes | ausentes | ausentes | ausentes
individual_087,PPSTYLTU5,roni,petiole_length,short,5,5,corto | corto | corto | corto | corto
individual_087,PPSTYLTU5,roni,petiole_features,terete,5,5,terete | terete | terete | terete | terete
individual_087,PPSTYLTU5,roni,stem_type,woody,5,2,lenoso | no visible | no visible | no visible | lenoso
individual_087,PPSTYLTU5,roni,stem_trichomes,absent,5,1,no visible | no visible | no visible | no visible | ausentes
individual_087,PPSTYLTU5,roni,stem_texture,smooth,5,1,no visible | no visible | no visible | no visible | lisa
individual_087,PPSTYLTU5,roni,stipules,absent,5,1,no visible | no visible | no visible | no visible | ausentes
individual_087,PPSTYLTU5,roni,latex,__missing__,5,0,no visible | no visible | no visible | no visible | no visible
individual_087,PPSTYLTU5,roni,pulvinus,absent,5,5,ausente | ausente | ausente | ausente | ausente
individual_087,PPSTYLTU5,roni,tendrils,absent,5,5,ausente | ausente | ausente | ausente | ausente
individual_087,PPSTYLTU5,roni,damage,present,5,5,presente | presente | presente | presente | presente
individual_088,ANROUPMO6,roni,leaf_relative_position,alternate,5,1,no visible | no visible | no visible | no visible | alterna
individual_088,ANROUPMO6,roni,leaf_spacing,distal,5,1,no visible | no visible | no visible | no visible | distales
individual_088,ANROUPMO6,roni,leaf_complexity_type,compound,5,5,compuesta | compuesta | compuesta | compuesta | compuesta
individual_088,ANROUPMO6,roni,compound_leaf_type,odd-pinnate,5,5,imparipinada | imparipinada | imparipinada | imparipinada | imparipinada
individual_088,ANROUPMO6,roni,leaflet_arrangement,opposite,5,5,opuesto | opuesto | opuesto | opuesto | opuesto
individual_088,ANROUPMO6,roni,leaf_margin,toothed,5,5,serrado | serrado | serrado | serrado | serrado
individual_088,ANROUPMO6,roni,leaf_shape,lanceolate,5,5,lanceolada | lanceolada | lanceolada | lanceolada | lanceolada
individual_088,ANROUPMO6,roni,leaf_apex,acuminate,5,5,acuminado | acuminado | acuminado | acuminado | acuminado
individual_088,ANROUPMO6,roni,leaf_base,cuneate,5,5,cuneada | cuneada | cuneada | cuneada | cuneada
individual_088,ANROUPMO6,roni,venation,pinnate,5,5,pinnada | pinnada | pinnada | pinnada | pinnada
individual_088,ANROUPMO6,roni,leaf_trichomes,absent,5,5,ausentes | ausentes | ausentes | ausentes | ausentes
individual_088,ANROUPMO6,roni,petiole_length,long,5,1,no visible | no visible | no visible | no visible | largo
individual_088,ANROUPMO6,roni,petiole_features,terete,5,1,no visible | no visible | no visible | no visible | terete
individual_088,ANROUPMO6,roni,stem_type,woody,5,1,no visible | no visible | no visible | no visible | lenoso
individual_088,ANROUPMO6,roni,stem_trichomes,__missing__,5,0,no visible | no visible | no visible | no visible | no visible
individual_088,ANROUPMO6,roni,stem_texture,__missing__,5,0,no visible | no visible | no visible | no visible | no visible
individual_088,ANROUPMO6,roni,stipules,absent,5,1,no visible | no visible | no visible | no visible | ausentes
individual_088,ANROUPMO6,roni,latex,__missing__,5,0,no visible | no visible | no visible | no visible | no visible
individual_088,ANROUPMO6,roni,pulvinus,absent,5,1,no visible | no visible | no visible | no visible | ausente
individual_088,ANROUPMO6,roni,tendrils,absent,5,1,no visible | no visible | no visible | no visible | ausente
individual_088,ANROUPMO6,roni,damage,present,5,5,presente | presente | presente | presente | presente
individual_089,SRCASSEL5,roni,leaf_relative_position,opposite,5,5,opuesta | opuesta | opuesta | opuesta | opuesta
individual_089,SRCASSEL5,roni,leaf_spacing,distal,5,5,distales | distales | distales | distales | distales
individual_089,SRCASSEL5,roni,leaf_complexity_type,simple,5,5,simple | simple | simple | simple | simple
individual_089,SRCASSEL5,roni,compound_leaf_type,__missing__,5,0,N/A | N/A | N/A | N/A | N/A
individual_089,SRCASSEL5,roni,leaflet_arrangement,__missing__,5,0,N/A | N/A | N/A | N/A | N/A
individual_089,SRCASSEL5,roni,leaf_margin,toothed,5,5,dentado | dentado | dentado | dentado | dentado
individual_089,SRCASSEL5,roni,leaf_shape,lanceolate,5,5,lanceolada | lanceolada | lanceolada | lanceolada | lanceolada
individual_089,SRCASSEL5,roni,leaf_apex,acute,5,5,agudo | agudo | agudo | agudo | agudo
individual_089,SRCASSEL5,roni,leaf_base,cordate,5,5,cordada | cordada | cordada | cordada | cordada
individual_089,SRCASSEL5,roni,venation,pinnate,5,5,pinnada | pinnada | pinnada | pinnada | pinnada
individual_089,SRCASSEL5,roni,leaf_trichomes,absent,5,4,ausentes | ausentes | ausentes | no visible | ausentes
individual_089,SRCASSEL5,roni,petiole_length,short,5,5,corto | corto | corto | corto | corto
individual_089,SRCASSEL5,roni,petiole_features,terete,5,5,terete | terete | terete | terete | terete
individual_089,SRCASSEL5,roni,stem_type,woody,5,5,lenoso | lenoso | lenoso | lenoso | lenoso
individual_089,SRCASSEL5,roni,stem_trichomes,absent,5,5,ausentes | ausentes | ausentes | ausentes | ausentes
individual_089,SRCASSEL5,roni,stem_texture,smooth,5,5,lisa | lisa | lisa | lisa | lisa
individual_089,SRCASSEL5,roni,stipules,absent,5,5,ausentes | ausentes | ausentes | ausentes | ausentes
individual_089,SRCASSEL5,roni,latex,__missing__,5,0,no visible | no visible | no visible | no visible | no visible
individual_089,SRCASSEL5,roni,pulvinus,absent,5,5,ausente | ausente | ausente | ausente | ausente
individual_089,SRCASSEL5,roni,tendrils,absent,5,5,ausente | ausente | ausente | ausente | ausente
individual_089,SRCASSEL5,roni,damage,present,5,5,presente | presente | presente | presente | presente
individual_090,MEALIBED3,roni,leaf_relative_position,opposite,5,5,opuesta | opuesta | opuesta | opuesta | opuesta
individual_090,MEALIBED3,roni,leaf_spacing,clustered,5,4,no visible | agrupadas | agrupadas | agrupadas | agrupadas
individual_090,MEALIBED3,roni,leaf_complexity_type,simple,5,5,simple | simple | simple | simple | simple
individual_090,MEALIBED3,roni,compound_leaf_type,__missing__,5,0,N/A | N/A | N/A | N/A | N/A
individual_090,MEALIBED3,roni,leaflet_arrangement,__missing__,5,0,N/A | N/A | N/A | N/A | N/A
individual_090,MEALIBED3,roni,leaf_margin,entire,5,5,entero | entero | entero | entero | entero
individual_090,MEALIBED3,roni,leaf_shape,lanceolate,5,5,lanceolada | lanceolada | lanceolada | lanceolada | lanceolada
individual_090,MEALIBED3,roni,leaf_apex,acute,5,4,agudo | agudo | agudo | agudo | no visible
individual_090,MEALIBED3,roni,leaf_base,cuneate,5,5,cuneada | cuneada | cuneada | cuneada | cuneada
individual_090,MEALIBED3,roni,venation,pinnate,5,5,pinnada | pinnada | pinnada | pinnada | pinnada
individual_090,MEALIBED3,roni,leaf_trichomes,absent,5,3,no visible | ausentes | no visible | ausentes | ausentes
individual_090,MEALIBED3,roni,petiole_length,short,5,5,corto | corto | corto | corto | corto
individual_090,MEALIBED3,roni,petiole_features,terete,5,2,no visible | terete | no visible | no visible | terete
individual_090,MEALIBED3,roni,stem_type,woody,5,3,no visible | lenoso | lenoso | lenoso | no visible
individual_090,MEALIBED3,roni,stem_trichomes,absent,5,2,no visible | ausentes | no visible | ausentes | no visible
individual_090,MEALIBED3,roni,stem_texture,smooth,5,1,no visible | no visible | no visible | lisa | no visible
individual_090,MEALIBED3,roni,stipules,present,5,4,presentes | presentes | presentes | no visible | presentes
individual_090,MEALIBED3,roni,latex,__missing__,5,0,no visible | no visible | no visible | no visible | no visible
individual_090,MEALIBED3,roni,pulvinus,__missing__,5,0,no visible | no visible | no visible | no visible | no visible
individual_090,MEALIBED3,roni,tendrils,absent,5,5,ausente | ausente | ausente | ausente | ausente
individual_090,MEALIBED3,roni,damage,present,5,5,presente | presente | presente | presente | presente
individual_091,OLALSEBL3,roni,leaf_relative_position,opposite,5,5,opuesta | opuesta | opuesta | opuesta | opuesta
individual_091,OLALSEBL3,roni,leaf_spacing,clustered,5,5,agrupadas | agrupadas | agrupadas | agrupadas | agrupadas
individual_091,OLALSEBL3,roni,leaf_complexity_type,simple,5,5,simple | simple | simple | simple | simple
individual_091,OLALSEBL3,roni,compound_leaf_type,__missing__,5,0,N/A | N/A | N/A | N/A | N/A
individual_091,OLALSEBL3,roni,leaflet_arrangement,__missing__,5,0,N/A | N/A | N/A | N/A | N/A
individual_091,OLALSEBL3,roni,leaf_margin,entire,5,5,entero | entero | entero | entero | entero
individual_091,OLALSEBL3,roni,leaf_shape,lanceolate,5,5,lanceolada | lanceolada | lanceolada | lanceolada | lanceolada
individual_091,OLALSEBL3,roni,leaf_apex,acute,5,5,agudo | agudo | agudo | agudo | agudo
individual_091,OLALSEBL3,roni,leaf_base,cuneate,5,5,cuneada | cuneada | cuneada | cuneada | cuneada
individual_091,OLALSEBL3,roni,venation,pinnate,5,5,pinnada | pinnada | pinnada | pinnada | pinnada
individual_091,OLALSEBL3,roni,leaf_trichomes,__missing__,5,0,no visible | no visible | no visible | no visible | no visible
individual_091,OLALSEBL3,roni,petiole_length,short,5,5,corto | corto | corto | corto | corto
individual_091,OLALSEBL3,roni,petiole_features,__missing__,5,0,no visible | no visible | no visible | no visible | no visible
individual_091,OLALSEBL3,roni,stem_type,woody,5,1,no visible | no visible | no visible | no visible | lenoso
individual_091,OLALSEBL3,roni,stem_trichomes,__missing__,5,0,no visible | no visible | no visible | no visible | no visible
individual_091,OLALSEBL3,roni,stem_texture,__missing__,5,0,no visible | no visible | no visible | no visible | no visible
individual_091,OLALSEBL3,roni,stipules,__missing__,5,0,no visible | no visible | no visible | no visible | no visible
individual_091,OLALSEBL3,roni,latex,__missing__,5,0,no visible | no visible | no visible | no visible | no visible
individual_091,OLALSEBL3,roni,pulvinus,__missing__,5,0,no visible | no visible | no visible | no visible | no visible
individual_091,OLALSEBL3,roni,tendrils,absent,5,5,ausente | ausente | ausente | ausente | ausente
individual_091,OLALSEBL3,roni,damage,present,5,5,presente | presente | presente | presente | presente
individual_092,ANAMAICO4,roni,leaf_relative_position,opposite,5,5,opuesta | opuesta | opuesta | opuesta | opuesta
individual_092,ANAMAICO4,roni,leaf_spacing,distal,5,1,no visible | distales | no visible | no visible | no visible
individual_092,ANAMAICO4,roni,leaf_complexity_type,simple,5,5,simple | simple | simple | simple | simple
individual_092,ANAMAICO4,roni,compound_leaf_type,__missing__,5,0,N/A | N/A | N/A | N/A | N/A
individual_092,ANAMAICO4,roni,leaflet_arrangement,__missing__,5,0,N/A | N/A | N/A | N/A | N/A
individual_092,ANAMAICO4,roni,leaf_margin,entire,5,5,entero | entero | entero | entero | entero
individual_092,ANAMAICO4,roni,leaf_shape,elliptic,5,5,eliptica | eliptica | eliptica | eliptica | eliptica
individual_092,ANAMAICO4,roni,leaf_apex,acuminate,5,5,acuminado | acuminado | acuminado | acuminado | acuminado
individual_092,ANAMAICO4,roni,leaf_base,cuneate,5,5,cuneada | cuneada | cuneada | cuneada | cuneada
individual_092,ANAMAICO4,roni,venation,pinnate,5,5,pinnada | pinnada | pinnada | pinnada | pinnada
individual_092,ANAMAICO4,roni,leaf_trichomes,absent,5,5,ausentes | ausentes | ausentes | ausentes | ausentes
individual_092,ANAMAICO4,roni,petiole_length,short,5,5,corto | corto | corto | corto | corto
individual_092,ANAMAICO4,roni,petiole_features,terete,5,5,terete | terete | terete | terete | terete
individual_092,ANAMAICO4,roni,stem_type,woody,5,5,lenoso | lenoso | lenoso | lenoso | lenoso
individual_092,ANAMAICO4,roni,stem_trichomes,__missing__,5,0,no visible | no visible | no visible | no visible | no visible
individual_092,ANAMAICO4,roni,stem_texture,ridged,5,5,estriada | estriada | estriada | estriada | estriada
individual_092,ANAMAICO4,roni,stipules,present,5,5,presentes | presentes | presentes | presentes | presentes
individual_092,ANAMAICO4,roni,latex,__missing__,5,0,no visible | no visible | no visible | no visible | no visible
individual_092,ANAMAICO4,roni,pulvinus,present,5,5,basal | basal | basal | basal | basal
individual_092,ANAMAICO4,roni,tendrils,absent,5,5,ausente | ausente | ausente | ausente | ausente
individual_092,ANAMAICO4,roni,damage,present,5,5,presente | presente | presente | presente | presente
individual_093,SRCHIOAL9,roni,leaf_relative_position,opposite,5,5,opuesta | opuesta | opuesta | opuesta | opuesta
individual_093,SRCHIOAL9,roni,leaf_spacing,distal,5,4,no visible | distales | distales | distales | distales
individual_093,SRCHIOAL9,roni,leaf_complexity_type,simple,5,5,simple | simple | simple | simple | simple
individual_093,SRCHIOAL9,roni,compound_leaf_type,__missing__,5,0,N/A | N/A | N/A | N/A | N/A
individual_093,SRCHIOAL9,roni,leaflet_arrangement,__missing__,5,0,N/A | N/A | N/A | N/A | N/A
individual_093,SRCHIOAL9,roni,leaf_margin,entire,5,5,entero | entero | entero | entero | entero
individual_093,SRCHIOAL9,roni,leaf_shape,elliptic,5,5,eliptica | eliptica | eliptica | eliptica | eliptica
individual_093,SRCHIOAL9,roni,leaf_apex,acuminate,5,4,acuminado | acuminado | acuminado | acuminado | no visible
individual_093,SRCHIOAL9,roni,leaf_base,cuneate,5,5,cuneada | cuneada | cuneada | cuneada | cuneada
individual_093,SRCHIOAL9,roni,venation,pinnate,5,5,pinnada | pinnada | pinnada | pinnada | pinnada
individual_093,SRCHIOAL9,roni,leaf_trichomes,absent,5,5,ausentes | ausentes | ausentes | ausentes | ausentes
individual_093,SRCHIOAL9,roni,petiole_length,short,5,5,corto | corto | corto | corto | corto
individual_093,SRCHIOAL9,roni,petiole_features,grooved,5,2,no visible | no visible | acanalado | no visible | acanalado
individual_093,SRCHIOAL9,roni,stem_type,woody,5,4,no visible | lenoso | lenoso | lenoso | lenoso
individual_093,SRCHIOAL9,roni,stem_trichomes,absent,5,2,no visible | ausentes | no visible | no visible | ausentes
individual_093,SRCHIOAL9,roni,stem_texture,smooth,5,2,no visible | lisa | no visible | no visible | lisa
individual_093,SRCHIOAL9,roni,stipules,absent,5,3,no visible | ausentes | ausentes | no visible | ausentes
individual_093,SRCHIOAL9,roni,latex,__missing__,5,0,no visible | no visible | no visible | no visible | no visible
individual_093,SRCHIOAL9,roni,pulvinus,absent,5,4,no visible | ausente | ausente | ausente | ausente
individual_093,SRCHIOAL9,roni,tendrils,absent,5,4,no visible | ausente | ausente | ausente | ausente
individual_093,SRCHIOAL9,roni,damage,present,5,5,presente | presente | presente | presente | presente
individual_094,BVCOU2CU2,roni,leaf_relative_position,opposite,5,5,opuesta | opuesta | opuesta | opuesta | opuesta
individual_094,BVCOU2CU2,roni,leaf_spacing,distal,5,5,distales | distales | distales | distales | distales
individual_094,BVCOU2CU2,roni,leaf_complexity_type,simple,5,5,simple | simple | simple | simple | simple
individual_094,BVCOU2CU2,roni,compound_leaf_type,__missing__,5,0,N/A | N/A | N/A | N/A | N/A
individual_094,BVCOU2CU2,roni,leaflet_arrangement,__missing__,5,0,N/A | N/A | N/A | N/A | N/A
individual_094,BVCOU2CU2,roni,leaf_margin,entire,5,5,entero | entero | entero | entero | entero
individual_094,BVCOU2CU2,roni,leaf_shape,elliptic,5,5,eliptica | eliptica | eliptica | eliptica | eliptica
individual_094,BVCOU2CU2,roni,leaf_apex,acute,5,4,agudo | agudo | agudo | agudo | no visible
individual_094,BVCOU2CU2,roni,leaf_base,cordate,5,5,cordada | cordada | cordada | cordada | cordada
individual_094,BVCOU2CU2,roni,venation,pinnate,5,5,pinnada | pinnada | pinnada | pinnada | pinnada
individual_094,BVCOU2CU2,roni,leaf_trichomes,absent,5,5,ausentes | ausentes | ausentes | ausentes | ausentes
individual_094,BVCOU2CU2,roni,petiole_length,short,5,5,corto | corto | corto | corto | corto
individual_094,BVCOU2CU2,roni,petiole_features,__missing__,5,0,no visible | no visible | no visible | no visible | no visible
individual_094,BVCOU2CU2,roni,stem_type,woody,5,4,lenoso | no visible | lenoso | lenoso | lenoso
individual_094,BVCOU2CU2,roni,stem_trichomes,absent,5,3,ausentes | no visible | ausentes | ausentes | no visible
individual_094,BVCOU2CU2,roni,stem_texture,smooth,5,3,lisa | no visible | lisa | lisa | no visible
individual_094,BVCOU2CU2,roni,stipules,present,5,4,presentes | no visible | presentes | presentes | presentes
individual_094,BVCOU2CU2,roni,latex,__missing__,5,0,no visible | no visible | no visible | no visible | no visible
individual_094,BVCOU2CU2,roni,pulvinus,__missing__,5,0,no visible | no visible | no visible | no visible | no visible
individual_094,BVCOU2CU2,roni,tendrils,absent,5,5,ausente | ausente | ausente | ausente | ausente
individual_094,BVCOU2CU2,roni,damage,absent,5,5,ausente | ausente | ausente | ausente | ausente
individual_095,PPFARAOC3,roni,leaf_relative_position,opposite,5,5,opuesta | opuesta | opuesta | opuesta | opuesta
individual_095,PPFARAOC3,roni,leaf_spacing,distal,5,5,distales | distales | distales | distales | distales
individual_095,PPFARAOC3,roni,leaf_complexity_type,simple,5,5,simple | simple | simple | simple | simple
individual_095,PPFARAOC3,roni,compound_leaf_type,__missing__,5,0,N/A | N/A | N/A | N/A | N/A
individual_095,PPFARAOC3,roni,leaflet_arrangement,__missing__,5,0,N/A | N/A | N/A | N/A | N/A
individual_095,PPFARAOC3,roni,leaf_margin,entire,5,3,no visible | no visible | entero | entero | entero
individual_095,PPFARAOC3,roni,leaf_shape,lanceolate,5,5,lanceolada | lanceolada | lanceolada | lanceolada | lanceolada
individual_095,PPFARAOC3,roni,leaf_apex,acute,5,3,no visible | no visible | agudo | agudo | agudo
individual_095,PPFARAOC3,roni,leaf_base,cuneate,5,5,cuneada | cuneada | cuneada | cuneada | cuneada
individual_095,PPFARAOC3,roni,venation,pinnate,5,5,pinnada | pinnada | pinnada | pinnada | pinnada
individual_095,PPFARAOC3,roni,leaf_trichomes,absent,5,3,no visible | no visible | ausentes | ausentes | ausentes
individual_095,PPFARAOC3,roni,petiole_length,short,5,5,corto | corto | corto | corto | corto
individual_095,PPFARAOC3,roni,petiole_features,terete,5,3,no visible | no visible | terete | terete | terete
individual_095,PPFARAOC3,roni,stem_type,woody,5,4,lenoso | no visible | lenoso | lenoso | lenoso
individual_095,PPFARAOC3,roni,stem_trichomes,absent,5,3,no visible | no visible | ausentes | ausentes | ausentes
individual_095,PPFARAOC3,roni,stem_texture,smooth,5,3,no visible | no visible | lisa | lisa | lisa
individual_095,PPFARAOC3,roni,stipules,present,5,3,no visible | no visible | presentes | presentes | presentes
individual_095,PPFARAOC3,roni,latex,__missing__,5,0,no visible | no visible | no visible | no visible | no visible
individual_095,PPFARAOC3,roni,pulvinus,absent,5,3,no visible | no visible | ausente | ausente | ausente
individual_095,PPFARAOC3,roni,tendrils,absent,5,5,ausente | ausente | ausente | ausente | ausente
individual_095,PPFARAOC3,roni,damage,present,5,5,presente | presente | presente | presente | presente
individual_096,SRPSYCC12,roni,leaf_relative_position,opposite,5,5,opuesta | opuesta | opuesta | opuesta | opuesta
individual_096,SRPSYCC12,roni,leaf_spacing,clustered,5,5,agrupadas | agrupadas | agrupadas | agrupadas | agrupadas
individual_096,SRPSYCC12,roni,leaf_complexity_type,simple,5,5,simple | simple | simple | simple | simple
individual_096,SRPSYCC12,roni,compound_leaf_type,__missing__,5,0,N/A | N/A | N/A | N/A | N/A
individual_096,SRPSYCC12,roni,leaflet_arrangement,__missing__,5,0,N/A | N/A | N/A | N/A | N/A
individual_096,SRPSYCC12,roni,leaf_margin,entire,5,5,entero | entero | entero | entero | entero
individual_096,SRPSYCC12,roni,leaf_shape,elliptic,5,5,eliptica | eliptica | eliptica | eliptica | eliptica
individual_096,SRPSYCC12,roni,leaf_apex,acute,5,5,agudo | agudo | agudo | agudo | agudo
individual_096,SRPSYCC12,roni,leaf_base,cuneate,5,5,cuneada | cuneada | cuneada | cuneada | cuneada
individual_096,SRPSYCC12,roni,venation,pinnate,5,5,pinnada | pinnada | pinnada | pinnada | pinnada
individual_096,SRPSYCC12,roni,leaf_trichomes,absent,5,4,no visible | ausentes | ausentes | ausentes | ausentes
individual_096,SRPSYCC12,roni,petiole_length,short,5,4,corto | corto | no visible | corto | corto
individual_096,SRPSYCC12,roni,petiole_features,__missing__,5,0,no visible | no visible | no visible | no visible | no visible
individual_096,SRPSYCC12,roni,stem_type,woody,5,1,no visible | lenoso | no visible | no visible | no visible
individual_096,SRPSYCC12,roni,stem_trichomes,__missing__,5,0,no visible | no visible | no visible | no visible | no visible
individual_096,SRPSYCC12,roni,stem_texture,__missing__,5,0,no visible | no visible | no visible | no visible | no visible
individual_096,SRPSYCC12,roni,stipules,__missing__,5,0,no visible | no visible | no visible | no visible | no visible
individual_096,SRPSYCC12,roni,latex,__missing__,5,0,no visible | no visible | no visible | no visible | no visible
individual_096,SRPSYCC12,roni,pulvinus,__missing__,5,0,no visible | no visible | no visible | no visible | no visible
individual_096,SRPSYCC12,roni,tendrils,absent,5,5,ausente | ausente | ausente | ausente | ausente
individual_096,SRPSYCC12,roni,damage,present,5,5,presente | presente | presente | presente | presente
individual_097,MEPOSOLA5,roni,leaf_relative_position,opposite,5,5,opuesta | opuesta | opuesta | opuesta | opuesta
individual_097,MEPOSOLA5,roni,leaf_spacing,distal,5,5,distales | distales | distales | distales | distales
individual_097,MEPOSOLA5,roni,leaf_complexity_type,simple,5,5,simple | simple | simple | simple | simple
individual_097,MEPOSOLA5,roni,compound_leaf_type,__missing__,5,0,N/A | N/A | N/A | N/A | N/A
individual_097,MEPOSOLA5,roni,leaflet_arrangement,__missing__,5,0,N/A | N/A | N/A | N/A | N/A
individual_097,MEPOSOLA5,roni,leaf_margin,entire,5,5,entero | entero | entero | entero | entero
individual_097,MEPOSOLA5,roni,leaf_shape,lanceolate,5,5,lanceolada | lanceolada | lanceolada | lanceolada | lanceolada
individual_097,MEPOSOLA5,roni,leaf_apex,acute,5,5,agudo | agudo | agudo | agudo | agudo
individual_097,MEPOSOLA5,roni,leaf_base,cuneate,5,5,cuneada | cuneada | cuneada | cuneada | cuneada
individual_097,MEPOSOLA5,roni,venation,pinnate,5,5,pinnada | pinnada | pinnada | pinnada | pinnada
individual_097,MEPOSOLA5,roni,leaf_trichomes,absent,5,1,no visible | no visible | no visible | no visible | ausentes
individual_097,MEPOSOLA5,roni,petiole_length,short,5,5,corto | corto | corto | corto | corto
individual_097,MEPOSOLA5,roni,petiole_features,terete,5,1,no visible | no visible | no visible | no visible | terete
individual_097,MEPOSOLA5,roni,stem_type,woody,5,3,lenoso | lenoso | no visible | no visible | lenoso
individual_097,MEPOSOLA5,roni,stem_trichomes,absent,5,3,ausentes | ausentes | no visible | no visible | ausentes
individual_097,MEPOSOLA5,roni,stem_texture,smooth,5,3,lisa | lisa | no visible | no visible | lisa
individual_097,MEPOSOLA5,roni,stipules,present,5,3,presentes | presentes | no visible | no visible | presentes
individual_097,MEPOSOLA5,roni,latex,__missing__,5,0,no visible | no visible | no visible | no visible | no visible
individual_097,MEPOSOLA5,roni,pulvinus,absent,5,1,no visible | no visible | no visible | no visible | ausente
individual_097,MEPOSOLA5,roni,tendrils,absent,5,5,ausente | ausente | ausente | ausente | ausente
individual_097,MEPOSOLA5,roni,damage,present,5,5,presente | presente | presente | presente | presente
individual_098,MEPSYCHO6,roni,leaf_relative_position,opposite,5,5,opuesta | opuesta | opuesta | opuesta | opuesta
individual_098,MEPSYCHO6,roni,leaf_spacing,clustered,5,5,agrupadas | agrupadas | agrupadas | agrupadas | agrupadas
individual_098,MEPSYCHO6,roni,leaf_complexity_type,simple,5,5,simple | simple | simple | simple | simple
individual_098,MEPSYCHO6,roni,compound_leaf_type,__missing__,5,0,N/A | N/A | N/A | N/A | N/A
individual_098,MEPSYCHO6,roni,leaflet_arrangement,__missing__,5,0,N/A | N/A | N/A | N/A | N/A
individual_098,MEPSYCHO6,roni,leaf_margin,entire,5,5,entero | entero | entero | entero | entero
individual_098,MEPSYCHO6,roni,leaf_shape,obovate,5,5,obovada | obovada | obovada | obovada | obovada
individual_098,MEPSYCHO6,roni,leaf_apex,acute,5,5,agudo | agudo | agudo | agudo | agudo
individual_098,MEPSYCHO6,roni,leaf_base,cordate,5,5,cordada | cordada | cordada | cordada | cordada
individual_098,MEPSYCHO6,roni,venation,pinnate,5,5,pinnada | pinnada | pinnada | pinnada | pinnada
individual_098,MEPSYCHO6,roni,leaf_trichomes,absent,5,4,no visible | ausentes | ausentes | ausentes | ausentes
individual_098,MEPSYCHO6,roni,petiole_length,short,5,5,corto | corto | corto | corto | corto
individual_098,MEPSYCHO6,roni,petiole_features,__missing__,5,0,no visible | no visible | no visible | no visible | no visible
individual_098,MEPSYCHO6,roni,stem_type,woody,5,3,no visible | lenoso | no visible | lenoso | lenoso
individual_098,MEPSYCHO6,roni,stem_trichomes,__missing__,5,0,no visible | no visible | no visible | no visible | no visible
individual_098,MEPSYCHO6,roni,stem_texture,smooth,5,3,no visible | lisa | no visible | lisa | lisa
individual_098,MEPSYCHO6,roni,stipules,__missing__,5,0,no visible | no visible | no visible | no visible | no visible
individual_098,MEPSYCHO6,roni,latex,__missing__,5,0,no visible | no visible | no visible | no visible | no visible
individual_098,MEPSYCHO6,roni,pulvinus,__missing__,5,0,no visible | no visible | no visible | no visible | no visible
individual_098,MEPSYCHO6,roni,tendrils,absent,5,5,ausente | ausente | ausente | ausente | ausente
individual_098,MEPSYCHO6,roni,damage,present,5,5,presente | presente | presente | presente | presente
individual_099,PEA0168,roni,leaf_relative_position,opposite,4,3,opuesta | opuesta | opuesta | no visible
individual_099,PEA0168,roni,leaf_spacing,clustered,4,3,agrupadas | agrupadas | agrupadas | no visible
individual_099,PEA0168,roni,leaf_complexity_type,simple,4,3,simple | simple | simple | no
individual_099,PEA0168,roni,compound_leaf_type,__missing__,4,0,N/A | N/A | N/A | N/A
individual_099,PEA0168,roni,leaflet_arrangement,__missing__,4,0,N/A | N/A | N/A | N/A
individual_099,PEA0168,roni,leaf_margin,entire,4,3,entero | entero | entero | no visible
individual_099,PEA0168,roni,leaf_shape,lanceolate,4,3,lanceolada | lanceolada | lanceolada | no visible
individual_099,PEA0168,roni,leaf_apex,acute,4,3,agudo | agudo | agudo | no visible
individual_099,PEA0168,roni,leaf_base,cuneate,4,3,cuneada | cuneada | cuneada | no
individual_099,PEA0168,roni,venation,pinnate,4,3,pinnada | pinnada | pinnada | no
individual_099,PEA0168,roni,leaf_trichomes,absent,4,3,ausentes | ausentes | ausentes | no visible
individual_099,PEA0168,roni,petiole_length,short,4,3,corto | corto | corto | no visible
individual_099,PEA0168,roni,petiole_features,__missing__,4,0,no visible | no visible | no visible | no visible
individual_099,PEA0168,roni,stem_type,woody,4,4,lenoso | lenoso | lenoso | lenoso
individual_099,PEA0168,roni,stem_trichomes,absent,4,1,no visible | no visible | no visible | ausentes
individual_099,PEA0168,roni,stem_texture,smooth,4,1,no visible | no visible | no visible | lisa
individual_099,PEA0168,roni,stipules,__missing__,4,0,no visible | no visible | no visible | no visible
individual_099,PEA0168,roni,latex,__missing__,4,0,no visible | no visible | no visible | no visible
individual_099,PEA0168,roni,pulvinus,__missing__,4,0,no visible | no visible | no visible | no visible
individual_099,PEA0168,roni,tendrils,absent,4,3,ausente | ausente | ausente | no visible
individual_099,PEA0168,roni,damage,present,4,3,presente | presente | presente | no visible
individual_100,ANPSYCER1,roni,leaf_relative_position,opposite,4,4,opuesta | opuesta | opuesta | opuesta
individual_100,ANPSYCER1,roni,leaf_spacing,distal,4,4,distales | distales | distales | distales
individual_100,ANPSYCER1,roni,leaf_complexity_type,simple,4,4,simple | simple | simple | simple
individual_100,ANPSYCER1,roni,compound_leaf_type,__missing__,4,0,N/A | N/A | N/A | N/A
individual_100,ANPSYCER1,roni,leaflet_arrangement,__missing__,4,0,N/A | N/A | N/A | N/A
individual_100,ANPSYCER1,roni,leaf_margin,entire,4,4,entero | entero | entero | entero
individual_100,ANPSYCER1,roni,leaf_shape,elliptic,4,4,eliptica | eliptica | eliptica | eliptica
individual_100,ANPSYCER1,roni,leaf_apex,acute,4,4,agudo | agudo | agudo | agudo
individual_100,ANPSYCER1,roni,leaf_base,cuneate,4,4,cuneada | cuneada | cuneada | cuneada
individual_100,ANPSYCER1,roni,venation,pinnate,4,4,pinnada | pinnada | pinnada | pinnada
individual_100,ANPSYCER1,roni,leaf_trichomes,absent,4,4,ausentes | ausentes | ausentes | ausentes
individual_100,ANPSYCER1,roni,petiole_length,short,4,4,corto | corto | corto | corto
individual_100,ANPSYCER1,roni,petiole_features,terete,4,3,no visible | terete | terete | terete
individual_100,ANPSYCER1,roni,stem_type,woody,4,2,lenoso | lenoso | no visible | no visible
individual_100,ANPSYCER1,roni,stem_trichomes,__missing__,4,0,no visible | no visible | no visible | no visible
individual_100,ANPSYCER1,roni,stem_texture,__missing__,4,0,no visible | no visible | no visible | no visible
individual_100,ANPSYCER1,roni,stipules,__missing__,4,0,no visible | no visible | no visible | no visible
individual_100,ANPSYCER1,roni,latex,__missing__,4,0,no visible | no visible | no visible | no visible
individual_100,ANPSYCER1,roni,pulvinus,__missing__,4,0,no visible | no visible | no visible | no visible
individual_100,ANPSYCER1,roni,tendrils,absent,4,4,ausente | ausente | ausente | ausente
individual_100,ANPSYCER1,roni,damage,absent,4,4,ausente | ausente | ausente | ausente
individual_101,ANCASECO2,roni,leaf_relative_position,alternate,5,5,alterna | alterna | alterna | alterna | alterna
individual_101,ANCASECO2,roni,leaf_spacing,distal,5,5,distales | distales | distales | distales | distales
individual_101,ANCASECO2,roni,leaf_complexity_type,simple,5,5,simple | simple | simple | simple | simple
individual_101,ANCASECO2,roni,compound_leaf_type,__missing__,5,0,N/A | N/A | N/A | N/A | N/A
individual_101,ANCASECO2,roni,leaflet_arrangement,__missing__,5,0,N/A | N/A | N/A | N/A | N/A
individual_101,ANCASECO2,roni,leaf_margin,toothed,5,5,serrado | serrado | serrado | serrado | serrado
individual_101,ANCASECO2,roni,leaf_shape,elliptic,5,5,eliptica | eliptica | eliptica | eliptica | eliptica
individual_101,ANCASECO2,roni,leaf_apex,acute,5,5,agudo | agudo | agudo | agudo | agudo
individual_101,ANCASECO2,roni,leaf_base,cuneate,5,5,cuneada | cuneada | cuneada | cuneada | cuneada
individual_101,ANCASECO2,roni,venation,pinnate,5,5,pinnada | pinnada | pinnada | pinnada | pinnada
individual_101,ANCASECO2,roni,leaf_trichomes,absent,5,5,ausentes | ausentes | ausentes | ausentes | ausentes
individual_101,ANCASECO2,roni,petiole_length,short,5,5,corto | corto | corto | corto | corto
individual_101,ANCASECO2,roni,petiole_features,terete,5,5,terete | terete | terete | terete | terete
individual_101,ANCASECO2,roni,stem_type,woody,5,5,lenoso | lenoso | lenoso | lenoso | lenoso
individual_101,ANCASECO2,roni,stem_trichomes,absent,5,5,ausentes | ausentes | ausentes | ausentes | ausentes
individual_101,ANCASECO2,roni,stem_texture,lenticellate,5,5,lenticelada | lenticelada | lenticelada | lenticelada | lenticelada
individual_101,ANCASECO2,roni,stipules,present,5,5,presentes | presentes | presentes | presentes | presentes
individual_101,ANCASECO2,roni,latex,__missing__,5,0,no visible | no visible | no visible | no visible | no visible
individual_101,ANCASECO2,roni,pulvinus,absent,5,5,ausente | ausente | ausente | ausente | ausente
individual_101,ANCASECO2,roni,tendrils,absent,5,5,ausente | ausente | ausente | ausente | ausente
individual_101,ANCASECO2,roni,damage,present,5,5,presente | presente | presente | presente | presente
individual_102,CHCUPASY3,roni,leaf_relative_position,alternate,5,5,alterna | alterna | alterna | alterna | alterna
individual_102,CHCUPASY3,roni,leaf_spacing,clustered,5,4,agrupadas | agrupadas | agrupadas | agrupadas | no visible
individual_102,CHCUPASY3,roni,leaf_complexity_type,compound,5,5,compuesta | compuesta | compuesta | compuesta | compuesta
individual_102,CHCUPASY3,roni,compound_leaf_type,odd-pinnate,5,5,imparipinada | imparipinada | imparipinada | imparipinada | imparipinada
individual_102,CHCUPASY3,roni,leaflet_arrangement,alternate,5,5,alternos | alternos | alternos | alternos | alternos
individual_102,CHCUPASY3,roni,leaf_margin,entire,5,5,entero | entero | entero | entero | entero
individual_102,CHCUPASY3,roni,leaf_shape,elliptic,5,5,eliptica | eliptica | eliptica | eliptica | eliptica
individual_102,CHCUPASY3,roni,leaf_apex,acute,5,5,agudo | agudo | agudo | agudo | agudo
individual_102,CHCUPASY3,roni,leaf_base,cuneate,5,5,cuneada | cuneada | cuneada | cuneada | cuneada
individual_102,CHCUPASY3,roni,venation,pinnate,5,5,pinnada | pinnada | pinnada | pinnada | pinnada
individual_102,CHCUPASY3,roni,leaf_trichomes,absent,5,1,no visible | no visible | no visible | no visible | ausentes
individual_102,CHCUPASY3,roni,petiole_length,long,5,5,largo | largo | largo | largo | largo
individual_102,CHCUPASY3,roni,petiole_features,terete,5,5,terete | terete | terete | terete | terete
individual_102,CHCUPASY3,roni,stem_type,woody,5,4,lenoso | lenoso | lenoso | lenoso | no visible
individual_102,CHCUPASY3,roni,stem_trichomes,__missing__,5,0,no visible | no visible | no visible | no visible | no visible
individual_102,CHCUPASY3,roni,stem_texture,__missing__,5,0,no visible | no visible | no visible | no visible | no visible
individual_102,CHCUPASY3,roni,stipules,__missing__,5,0,no visible | no visible | no visible | no visible | no visible
individual_102,CHCUPASY3,roni,latex,__missing__,5,0,no visible | no visible | no visible | no visible | no visible
individual_102,CHCUPASY3,roni,pulvinus,present,5,1,no visible | no visible | no visible | basal | no visible
individual_102,CHCUPASY3,roni,tendrils,absent,5,4,ausente | ausente | ausente | ausente | no visible
individual_102,CHCUPASY3,roni,damage,present,5,5,presente | presente | presente | presente | presente
individual_103,OLPAULBR1,roni,leaf_relative_position,alternate,5,5,alterna | alterna | alterna | alterna | alterna
individual_103,OLPAULBR1,roni,leaf_spacing,clustered,5,5,agrupadas | agrupadas | agrupadas | agrupadas | agrupadas
individual_103,OLPAULBR1,roni,leaf_complexity_type,compound,5,5,compuesta | compuesta | compuesta | compuesta | simple
individual_103,OLPAULBR1,roni,compound_leaf_type,odd-pinnate,5,4,imparipinada | imparipinada | imparipinada | imparipinada | N/A
individual_103,OLPAULBR1,roni,leaflet_arrangement,opposite,5,4,opuesto | opuesto | opuesto | opuesto | N/A
individual_103,OLPAULBR1,roni,leaf_margin,toothed,5,5,dentado | dentado | dentado | dentado | dentado
individual_103,OLPAULBR1,roni,leaf_shape,elliptic,5,5,eliptica | eliptica | eliptica | eliptica | eliptica
individual_103,OLPAULBR1,roni,leaf_apex,acuminate,5,4,acuminado | acuminado | acuminado | acuminado | no visible
individual_103,OLPAULBR1,roni,leaf_base,rounded,5,5,redondeada | redondeada | redondeada | redondeada | redondeada
individual_103,OLPAULBR1,roni,venation,pinnate,5,5,pinnada | pinnada | pinnada | pinnada | pinnada
individual_103,OLPAULBR1,roni,leaf_trichomes,absent,5,2,no visible | no visible | ausentes | no visible | ausentes
individual_103,OLPAULBR1,roni,petiole_length,long,5,5,largo | largo | largo | largo | largo
individual_103,OLPAULBR1,roni,petiole_features,winged,5,5,alado | alado | alado | alado | alado
individual_103,OLPAULBR1,roni,stem_type,woody,5,1,no visible | no visible | no visible | lenoso | no visible
individual_103,OLPAULBR1,roni,stem_trichomes,__missing__,5,0,no visible | no visible | no visible | no visible | no visible
individual_103,OLPAULBR1,roni,stem_texture,__missing__,5,0,no visible | no visible | no visible | no visible | no visible
individual_103,OLPAULBR1,roni,stipules,present,5,3,presentes | presentes | no visible | presentes | no visible
individual_103,OLPAULBR1,roni,latex,__missing__,5,0,no visible | no visible | no visible | no visible | no visible
individual_103,OLPAULBR1,roni,pulvinus,__missing__,5,0,no visible | no visible | no visible | no visible | no visible
individual_103,OLPAULBR1,roni,tendrils,absent,5,5,ausente | ausente | ausente | ausente | ausente
individual_103,OLPAULBR1,roni,damage,present,5,5,presente | presente | presente | presente | presente
individual_104,MESERJME1,roni,leaf_relative_position,alternate,5,2,alterna | no visible | no visible | alterna | no visible
individual_104,MESERJME1,roni,leaf_spacing,clustered,5,3,agrupadas | no visible | agrupadas | agrupadas | no visible
individual_104,MESERJME1,roni,leaf_complexity_type,compound,5,5,compuesta | compuesta | compuesta | compuesta | compuesta
individual_104,MESERJME1,roni,compound_leaf_type,odd-pinnate,5,4,imparipinada | imparipinada | imparipinada | no visible | imparipinada
individual_104,MESERJME1,roni,leaflet_arrangement,opposite,5,4,opuesto | opuesto | opuesto | no visible | opuesto
individual_104,MESERJME1,roni,leaf_margin,toothed,5,5,dentado | dentado | dentado | dentado | dentado
individual_104,MESERJME1,roni,leaf_shape,elliptic,5,5,eliptica | eliptica | eliptica | eliptica | eliptica
individual_104,MESERJME1,roni,leaf_apex,acuminate,5,5,acuminado | acuminado | acuminado | acuminado | acuminado
individual_104,MESERJME1,roni,leaf_base,cuneate,5,2,no visible | cuneada | cuneada | no visible | no visible
individual_104,MESERJME1,roni,venation,pinnate,5,4,pinnada | pinnada | pinnada | no visible | pinnada
individual_104,MESERJME1,roni,leaf_trichomes,absent,5,1,no visible | no visible | no visible | no visible | ausentes
individual_104,MESERJME1,roni,petiole_length,long,5,3,largo | no visible | largo | largo | no visible
individual_104,MESERJME1,roni,petiole_features,winged,5,1,no visible | no visible | alado | no visible | no visible
individual_104,MESERJME1,roni,stem_type,woody,5,2,lenoso | no visible | no visible | lenoso | no visible
individual_104,MESERJME1,roni,stem_trichomes,__missing__,5,0,no visible | no visible | no visible | no visible | no visible
individual_104,MESERJME1,roni,stem_texture,__missing__,5,0,no visible | no visible | no visible | no visible | no visible
individual_104,MESERJME1,roni,stipules,__missing__,5,0,no visible | no visible | no visible | no visible | no visible
individual_104,MESERJME1,roni,latex,__missing__,5,0,no visible | no visible | no visible | no visible | no visible
individual_104,MESERJME1,roni,pulvinus,__missing__,5,0,no visible | no visible | no visible | no visible | no visible
individual_104,MESERJME1,roni,tendrils,absent,5,3,ausente | no visible | ausente | ausente | no visible
individual_104,MESERJME1,roni,damage,absent,5,4,ausente | ausente | ausente | no visible | ausente
individual_105,BVCHR2AR5,roni,leaf_relative_position,alternate,5,5,alterna | alterna | alterna | alterna | alterna
individual_105,BVCHR2AR5,roni,leaf_spacing,distal,5,5,distales | distales | distales | distales | distales
individual_105,BVCHR2AR5,roni,leaf_complexity_type,simple,5,5,simple | simple | simple | simple | simple
individual_105,BVCHR2AR5,roni,compound_leaf_type,__missing__,5,0,N/A | N/A | N/A | N/A | N/A
individual_105,BVCHR2AR5,roni,leaflet_arrangement,__missing__,5,0,N/A | N/A | N/A | N/A | N/A
individual_105,BVCHR2AR5,roni,leaf_margin,entire,5,5,entero | entero | entero | entero | entero
individual_105,BVCHR2AR5,roni,leaf_shape,elliptic,5,5,eliptica | eliptica | eliptica | eliptica | eliptica
individual_105,BVCHR2AR5,roni,leaf_apex,acute,5,5,agudo | agudo | agudo | agudo | agudo
individual_105,BVCHR2AR5,roni,leaf_base,cuneate,5,5,cuneada | cuneada | cuneada | cuneada | cuneada
individual_105,BVCHR2AR5,roni,venation,pinnate,5,5,pinnada | pinnada | pinnada | pinnada | pinnada
individual_105,BVCHR2AR5,roni,leaf_trichomes,absent,5,5,ausentes | ausentes | ausentes | ausentes | ausentes
individual_105,BVCHR2AR5,roni,petiole_length,short,5,5,corto | corto | corto | corto | corto
individual_105,BVCHR2AR5,roni,petiole_features,terete,5,5,terete | terete | terete | terete | terete
individual_105,BVCHR2AR5,roni,stem_type,woody,5,5,lenoso | lenoso | lenoso | lenoso | lenoso
individual_105,BVCHR2AR5,roni,stem_trichomes,absent,5,5,ausentes | ausentes | ausentes | ausentes | ausentes
individual_105,BVCHR2AR5,roni,stem_texture,ridged,5,5,estriada | estriada | estriada | estriada | estriada
individual_105,BVCHR2AR5,roni,stipules,absent,5,5,ausentes | ausentes | ausentes | ausentes | ausentes
individual_105,BVCHR2AR5,roni,latex,__missing__,5,0,no visible | no visible | no visible | no visible | no visible
individual_105,BVCHR2AR5,roni,pulvinus,absent,5,5,ausente | ausente | ausente | ausente | ausente
individual_105,BVCHR2AR5,roni,tendrils,absent,5,5,ausente | ausente | ausente | ausente | ausente
individual_105,BVCHR2AR5,roni,damage,present,5,5,presente | presente | presente | presente | presente
individual_106,SHMANIBI9,roni,leaf_relative_position,alternate,5,5,alterna | alterna | alterna | alterna | alterna
individual_106,SHMANIBI9,roni,leaf_spacing,clustered,5,1,no visible | no visible | agrupadas | no visible | no visible
individual_106,SHMANIBI9,roni,leaf_complexity_type,simple,5,5,simple | simple | simple | simple | simple
individual_106,SHMANIBI9,roni,compound_leaf_type,__missing__,5,0,N/A | N/A | N/A | N/A | N/A
individual_106,SHMANIBI9,roni,leaflet_arrangement,__missing__,5,0,N/A | N/A | N/A | N/A | N/A
individual_106,SHMANIBI9,roni,leaf_margin,entire,5,5,entero | entero | entero | entero | entero
individual_106,SHMANIBI9,roni,leaf_shape,elliptic,5,4,eliptica | eliptica | eliptica | eliptica | no visible
individual_106,SHMANIBI9,roni,leaf_apex,acuminate,5,4,acuminado | acuminado | acuminado | acuminado | no visible
individual_106,SHMANIBI9,roni,leaf_base,cuneate,5,5,cuneada | cuneada | cuneada | cuneada | cuneada
individual_106,SHMANIBI9,roni,venation,pinnate,5,5,pinnada | pinnada | pinnada | pinnada | pinnada
individual_106,SHMANIBI9,roni,leaf_trichomes,absent,5,5,ausentes | ausentes | ausentes | ausentes | ausentes
individual_106,SHMANIBI9,roni,petiole_length,short,5,5,corto | corto | corto | corto | corto
individual_106,SHMANIBI9,roni,petiole_features,terete,5,5,terete | terete | terete | terete | terete
individual_106,SHMANIBI9,roni,stem_type,woody,5,5,lenoso | lenoso | lenoso | lenoso | lenoso
individual_106,SHMANIBI9,roni,stem_trichomes,absent,5,5,ausentes | ausentes | ausentes | ausentes | ausentes
individual_106,SHMANIBI9,roni,stem_texture,smooth,5,5,lisa | lisa | lisa | lisa | lisa
individual_106,SHMANIBI9,roni,stipules,absent,5,5,ausentes | ausentes | ausentes | ausentes | ausentes
individual_106,SHMANIBI9,roni,latex,__missing__,5,0,no visible | no visible | no visible | no visible | no visible
individual_106,SHMANIBI9,roni,pulvinus,absent,5,5,ausente | ausente | ausente | ausente | ausente
individual_106,SHMANIBI9,roni,tendrils,absent,5,5,ausente | ausente | ausente | ausente | ausente
individual_106,SHMANIBI9,roni,damage,present,5,5,presente | presente | presente | presente | presente
individual_107,BAR0401,roni,leaf_relative_position,alternate,5,5,alterna | alterna | alterna | alterna | alterna
individual_107,BAR0401,roni,leaf_spacing,distal,5,2,no visible | distales | distales | no visible | no visible
individual_107,BAR0401,roni,leaf_complexity_type,simple,5,5,simple | simple | simple | simple | simple
individual_107,BAR0401,roni,compound_leaf_type,__missing__,5,0,N/A | N/A | N/A | N/A | N/A
individual_107,BAR0401,roni,leaflet_arrangement,__missing__,5,0,N/A | N/A | N/A | N/A | N/A
individual_107,BAR0401,roni,leaf_margin,entire,5,5,entero | entero | entero | entero | entero
individual_107,BAR0401,roni,leaf_shape,lanceolate,5,5,lanceolada | lanceolada | lanceolada | lanceolada | lanceolada
individual_107,BAR0401,roni,leaf_apex,acute,5,4,agudo | agudo | no visible | agudo | agudo
individual_107,BAR0401,roni,leaf_base,cuneate,5,4,cuneada | cuneada | no visible | cuneada | cuneada
individual_107,BAR0401,roni,venation,pinnate,5,4,pinnada | pinnada | no visible | pinnada | pinnada
individual_107,BAR0401,roni,leaf_trichomes,absent,5,4,ausentes | ausentes | no visible | ausentes | ausentes
individual_107,BAR0401,roni,petiole_length,short,5,5,corto | corto | corto | corto | corto
individual_107,BAR0401,roni,petiole_features,terete,5,5,terete | terete | terete | terete | terete
individual_107,BAR0401,roni,stem_type,woody,5,2,no visible | lenoso | lenoso | no visible | no visible
individual_107,BAR0401,roni,stem_trichomes,__missing__,5,0,no visible | no visible | no visible | no visible | no visible
individual_107,BAR0401,roni,stem_texture,__missing__,5,0,no visible | no visible | no visible | no visible | no visible
individual_107,BAR0401,roni,stipules,absent,5,5,ausentes | ausentes | ausentes | ausentes | ausentes
individual_107,BAR0401,roni,latex,__missing__,5,0,no visible | no visible | no visible | no visible | no visible
individual_107,BAR0401,roni,pulvinus,absent,5,2,no visible | ausente | ausente | no visible | no visible
individual_107,BAR0401,roni,tendrils,absent,5,5,ausente | ausente | ausente | ausente | ausente
individual_107,BAR0401,roni,damage,present,5,5,presente | presente | presente | presente | presente
individual_108,ANSIPAGU5,roni,leaf_relative_position,opposite,5,5,opuesta | opuesta | opuesta | opuesta | opuesta
individual_108,ANSIPAGU5,roni,leaf_spacing,distal,5,5,distales | distales | distales | distales | distales
individual_108,ANSIPAGU5,roni,leaf_complexity_type,simple,5,5,simple | simple | simple | simple | simple
individual_108,ANSIPAGU5,roni,compound_leaf_type,__missing__,5,0,N/A | N/A | N/A | N/A | N/A
individual_108,ANSIPAGU5,roni,leaflet_arrangement,__missing__,5,0,N/A | N/A | N/A | N/A | N/A
individual_108,ANSIPAGU5,roni,leaf_margin,toothed,5,3,no visible | no visible | serrado | serrado | serrado
individual_108,ANSIPAGU5,roni,leaf_shape,lanceolate,5,5,lanceolada | lanceolada | lanceolada | lanceolada | lanceolada
individual_108,ANSIPAGU5,roni,leaf_apex,acuminate,5,5,acuminado | acuminado | acuminado | acuminado | acuminado
individual_108,ANSIPAGU5,roni,leaf_base,cuneate,5,5,cuneada | cuneada | cuneada | cuneada | cuneada
individual_108,ANSIPAGU5,roni,venation,pinnate,5,5,pinnada | pinnada | pinnada | pinnada | pinnada
individual_108,ANSIPAGU5,roni,leaf_trichomes,absent,5,3,no visible | no visible | ausentes | ausentes | ausentes
individual_108,ANSIPAGU5,roni,petiole_length,short,5,5,corto | corto | corto | corto | corto
individual_108,ANSIPAGU5,roni,petiole_features,terete,5,3,no visible | no visible | terete | terete | terete
individual_108,ANSIPAGU5,roni,stem_type,woody,5,5,lenoso | lenoso | lenoso | lenoso | lenoso
individual_108,ANSIPAGU5,roni,stem_trichomes,absent,5,2,no visible | no visible | ausentes | ausentes | no visible
individual_108,ANSIPAGU5,roni,stem_texture,smooth,5,2,no visible | no visible | lisa | lisa | no visible
individual_108,ANSIPAGU5,roni,stipules,absent,5,2,no visible | no visible | ausentes | ausentes | no visible
individual_108,ANSIPAGU5,roni,latex,__missing__,5,0,no visible | no visible | no visible | no visible | no visible
individual_108,ANSIPAGU5,roni,pulvinus,absent,5,2,no visible | no visible | ausente | ausente | no visible
individual_108,ANSIPAGU5,roni,tendrils,absent,5,5,ausente | ausente | ausente | ausente | ausente
individual_108,ANSIPAGU5,roni,damage,absent,5,5,ausente | ausente | ausente | ausente | ausente
individual_109,SHSMILS14,roni,leaf_relative_position,alternate,5,5,alterna | alterna | alterna | alterna | alterna
individual_109,SHSMILS14,roni,leaf_spacing,__missing__,5,0,no visible | no visible | no visible | no visible | no visible
individual_109,SHSMILS14,roni,leaf_complexity_type,simple,5,5,simple | simple | simple | simple | simple
individual_109,SHSMILS14,roni,compound_leaf_type,__missing__,5,0,N/A | N/A | N/A | N/A | N/A
individual_109,SHSMILS14,roni,leaflet_arrangement,__missing__,5,0,N/A | N/A | N/A | N/A | N/A
individual_109,SHSMILS14,roni,leaf_margin,entire,5,5,entero | entero | entero | entero | entero
individual_109,SHSMILS14,roni,leaf_shape,obovate,5,5,obovada | obovada | obovada | obovada | obovada
individual_109,SHSMILS14,roni,leaf_apex,acuminate,5,5,acuminado | acuminado | acuminado | acuminado | acuminado
individual_109,SHSMILS14,roni,leaf_base,rounded,5,5,redondeada | redondeada | redondeada | redondeada | redondeada
individual_109,SHSMILS14,roni,venation,parallel,5,5,paralela | paralela | paralela | paralela | paralela
individual_109,SHSMILS14,roni,leaf_trichomes,absent,5,5,ausentes | ausentes | ausentes | ausentes | ausentes
individual_109,SHSMILS14,roni,petiole_length,long,5,5,largo | largo | largo | largo | largo
individual_109,SHSMILS14,roni,petiole_features,grooved,5,5,acanalado | acanalado | acanalado | acanalado | acanalado
individual_109,SHSMILS14,roni,stem_type,woody,5,1,no visible | no visible | no visible | lenoso | no visible
individual_109,SHSMILS14,roni,stem_trichomes,__missing__,5,0,no visible | no visible | no visible | no visible | no visible
individual_109,SHSMILS14,roni,stem_texture,smooth,5,1,no visible | no visible | no visible | lisa | no visible
individual_109,SHSMILS14,roni,stipules,absent,5,5,ausentes | ausentes | ausentes | ausentes | ausentes
individual_109,SHSMILS14,roni,latex,__missing__,5,0,no visible | no visible | no visible | no visible | no visible
individual_109,SHSMILS14,roni,pulvinus,present,5,5,basal y apical | basal y apical | basal y apical | basal y apical | basal y apical
individual_109,SHSMILS14,roni,tendrils,absent,5,5,ausente | ausente | ausente | ausente | ausente
individual_109,SHSMILS14,roni,damage,absent,5,5,ausente | ausente | ausente | ausente | ausente
individual_110,OLPOURBI4,roni,leaf_relative_position,alternate,5,3,no visible | no visible | alterna | alterna | alterna
individual_110,OLPOURBI4,roni,leaf_spacing,clustered,5,3,no visible | no visible | agrupadas | agrupadas | agrupadas
individual_110,OLPOURBI4,roni,leaf_complexity_type,simple,5,5,simple | simple | simple | simple | simple
individual_110,OLPOURBI4,roni,compound_leaf_type,__missing__,5,0,N/A | N/A | N/A | N/A | N/A
individual_110,OLPOURBI4,roni,leaflet_arrangement,__missing__,5,0,N/A | N/A | N/A | N/A | N/A
individual_110,OLPOURBI4,roni,leaf_margin,toothed,5,3,dentado | dentado | dentado | no visible | no visible
individual_110,OLPOURBI4,roni,leaf_shape,obovate,5,5,obovada | obovada | obovada | obovada | obovada
individual_110,OLPOURBI4,roni,leaf_apex,acuminate,5,5,acuminado | acuminado | acuminado | acuminado | acuminado
individual_110,OLPOURBI4,roni,leaf_base,rounded,5,5,redondeada | redondeada | redondeada | redondeada | redondeada
individual_110,OLPOURBI4,roni,venation,pinnate,5,5,pinnada | pinnada | pinnada | pinnada | pinnada
individual_110,OLPOURBI4,roni,leaf_trichomes,absent,5,4,ausentes | ausentes | ausentes | no visible | ausentes
individual_110,OLPOURBI4,roni,petiole_length,long,5,5,largo | largo | largo | largo | largo
individual_110,OLPOURBI4,roni,petiole_features,terete,5,5,terete | terete | terete | terete | terete
individual_110,OLPOURBI4,roni,stem_type,woody,5,2,no visible | no visible | no visible | lenoso | lenoso
individual_110,OLPOURBI4,roni,stem_trichomes,__missing__,5,0,no visible | no visible | no visible | no visible | no visible
individual_110,OLPOURBI4,roni,stem_texture,ridged,5,2,no visible | no visible | no visible | estriada | estriada
individual_110,OLPOURBI4,roni,stipules,present,5,5,presentes | presentes | presentes | presentes | presentes
individual_110,OLPOURBI4,roni,latex,__missing__,5,0,no visible | no visible | no visible | no visible | no visible
individual_110,OLPOURBI4,roni,pulvinus,absent,5,2,no visible | no visible | no visible | ausente | ausente
individual_110,OLPOURBI4,roni,tendrils,absent,5,5,ausente | ausente | ausente | ausente | ausente
individual_110,OLPOURBI4,roni,damage,present,5,5,presente | presente | presente | presente | presente
individual_111,BVPETRAS9,roni,leaf_relative_position,opposite,5,5,opuesta | opuesta | opuesta | opuesta | opuesta
individual_111,BVPETRAS9,roni,leaf_spacing,distal,5,3,no visible | distales | no visible | distales | distales
individual_111,BVPETRAS9,roni,leaf_complexity_type,simple,5,5,simple | simple | simple | simple | simple
individual_111,BVPETRAS9,roni,compound_leaf_type,__missing__,5,0,N/A | N/A | N/A | N/A | N/A
individual_111,BVPETRAS9,roni,leaflet_arrangement,__missing__,5,0,N/A | N/A | N/A | N/A | N/A
individual_111,BVPETRAS9,roni,leaf_margin,entire,5,5,entero | entero | entero | entero | entero
individual_111,BVPETRAS9,roni,leaf_shape,lanceolate,5,5,lanceolada | lanceolada | lanceolada | lanceolada | lanceolada
individual_111,BVPETRAS9,roni,leaf_apex,acute,5,4,agudo | agudo | agudo | agudo | no visible
individual_111,BVPETRAS9,roni,leaf_base,cuneate,5,5,cuneada | cuneada | cuneada | cuneada | cuneada
individual_111,BVPETRAS9,roni,venation,pinnate,5,5,pinnada | pinnada | pinnada | pinnada | pinnada
individual_111,BVPETRAS9,roni,leaf_trichomes,absent,5,5,ausentes | ausentes | ausentes | ausentes | ausentes
individual_111,BVPETRAS9,roni,petiole_length,short,5,5,corto | corto | corto | corto | corto
individual_111,BVPETRAS9,roni,petiole_features,terete,5,3,no visible | terete | no visible | terete | terete
individual_111,BVPETRAS9,roni,stem_type,woody,5,3,no visible | lenoso | no visible | lenoso | lenoso
individual_111,BVPETRAS9,roni,stem_trichomes,absent,5,1,no visible | no visible | no visible | no visible | ausentes
individual_111,BVPETRAS9,roni,stem_texture,lenticellate,5,1,no visible | no visible | no visible | no visible | lenticelada
individual_111,BVPETRAS9,roni,stipules,absent,5,2,no visible | ausentes | no visible | no visible | ausentes
individual_111,BVPETRAS9,roni,latex,__missing__,5,0,no visible | no visible | no visible | no visible | no visible
individual_111,BVPETRAS9,roni,pulvinus,absent,5,2,no visible | ausente | no visible | no visible | ausente
individual_111,BVPETRAS9,roni,tendrils,absent,5,5,ausente | ausente | ausente | ausente | ausente
individual_111,BVPETRAS9,roni,damage,present,5,5,presente | presente | presente | presente | presente
individual_112,PEA0040,roni,leaf_relative_position,alternate,5,4,alterna | alterna | alterna | alterna | no visible
individual_112,PEA0040,roni,leaf_spacing,clustered,5,5,agrupadas | agrupadas | agrupadas | agrupadas | agrupadas
individual_112,PEA0040,roni,leaf_complexity_type,simple,5,5,simple | simple | simple | simple | simple
individual_112,PEA0040,roni,compound_leaf_type,__missing__,5,0,N/A | N/A | N/A | N/A | N/A
individual_112,PEA0040,roni,leaflet_arrangement,__missing__,5,0,N/A | N/A | N/A | N/A | N/A
individual_112,PEA0040,roni,leaf_margin,toothed,5,4,dentado | dentado | dentado | dentado | no visible
individual_112,PEA0040,roni,leaf_shape,elliptic,5,4,eliptica | eliptica | eliptica | eliptica | no visible
individual_112,PEA0040,roni,leaf_apex,acute,5,4,agudo | agudo | agudo | agudo | no visible
individual_112,PEA0040,roni,leaf_base,rounded,5,4,redondeada | redondeada | redondeada | redondeada | no visible
individual_112,PEA0040,roni,venation,pinnate,5,4,pinnada | pinnada | pinnada | pinnada | no visible
individual_112,PEA0040,roni,leaf_trichomes,absent,5,4,ausentes | ausentes | ausentes | ausentes | no visible
individual_112,PEA0040,roni,petiole_length,short,5,5,corto | corto | corto | corto | corto
individual_112,PEA0040,roni,petiole_features,__missing__,5,0,no visible | no visible | no visible | no visible | no visible
individual_112,PEA0040,roni,stem_type,woody,5,5,lenoso | lenoso | lenoso | lenoso | lenoso
individual_112,PEA0040,roni,stem_trichomes,absent,5,5,ausentes | ausentes | ausentes | ausentes | ausentes
individual_112,PEA0040,roni,stem_texture,lenticellate,5,5,lenticelada | lenticelada | lenticelada | lenticelada | lenticelada
individual_112,PEA0040,roni,stipules,__missing__,5,0,no visible | no visible | no visible | no visible | no visible
individual_112,PEA0040,roni,latex,__missing__,5,0,no visible | no visible | no visible | no visible | no visible
individual_112,PEA0040,roni,pulvinus,__missing__,5,0,no visible | no visible | no visible | no visible | no visible
individual_112,PEA0040,roni,tendrils,absent,5,5,ausente | ausente | ausente | ausente | ausente
individual_112,PEA0040,roni,damage,present,5,5,presente | presente | presente | presente | presente
individual_113,BAR0450,roni,leaf_relative_position,opposite,5,5,opuesta | opuesta | opuesta | opuesta | opuesta
individual_113,BAR0450,roni,leaf_spacing,clustered,5,2,no visible | agrupadas | agrupadas | no visible | no visible
individual_113,BAR0450,roni,leaf_complexity_type,simple,5,5,simple | simple | simple | simple | simple
individual_113,BAR0450,roni,compound_leaf_type,__missing__,5,0,N/A | N/A | N/A | N/A | N/A
individual_113,BAR0450,roni,leaflet_arrangement,__missing__,5,0,N/A | N/A | N/A | N/A | N/A
individual_113,BAR0450,roni,leaf_margin,toothed,5,5,dentado | dentado | dentado | dentado | dentado
individual_113,BAR0450,roni,leaf_shape,obovate,5,5,obovada | obovada | obovada | obovada | obovada
individual_113,BAR0450,roni,leaf_apex,acute,5,5,agudo | agudo | agudo | agudo | agudo
individual_113,BAR0450,roni,leaf_base,cordate,5,5,cordada | cordada | cordada | cordada | cordada
individual_113,BAR0450,roni,venation,pinnate,5,5,pinnada | pinnada | pinnada | pinnada | pinnada
individual_113,BAR0450,roni,leaf_trichomes,absent,5,5,ausentes | ausentes | ausentes | ausentes | ausentes
individual_113,BAR0450,roni,petiole_length,short,5,5,corto | corto | corto | corto | corto
individual_113,BAR0450,roni,petiole_features,__missing__,5,0,no visible | no visible | no visible | no visible | no visible
individual_113,BAR0450,roni,stem_type,woody,5,5,lenoso | lenoso | lenoso | lenoso | lenoso
individual_113,BAR0450,roni,stem_trichomes,__missing__,5,0,no visible | no visible | no visible | no visible | no visible
individual_113,BAR0450,roni,stem_texture,__missing__,5,0,no visible | no visible | no visible | no visible | no visible
individual_113,BAR0450,roni,stipules,__missing__,5,0,no visible | no visible | no visible | no visible | no visible
individual_113,BAR0450,roni,latex,__missing__,5,0,no visible | no visible | no visible | no visible | no visible
individual_113,BAR0450,roni,pulvinus,__missing__,5,0,no visible | no visible | no visible | no visible | no visible
individual_113,BAR0450,roni,tendrils,absent,5,5,ausente | ausente | ausente | ausente | ausente
individual_113,BAR0450,roni,damage,present,5,5,presente | presente | presente | presente | presente
individual_114,SHVOCHFE2,roni,leaf_relative_position,opposite,5,5,opuesta | opuesta | opuesta | opuesta | opuesta
individual_114,SHVOCHFE2,roni,leaf_spacing,clustered,5,5,agrupadas | agrupadas | agrupadas | agrupadas | agrupadas
individual_114,SHVOCHFE2,roni,leaf_complexity_type,simple,5,5,simple | simple | simple | simple | simple
individual_114,SHVOCHFE2,roni,compound_leaf_type,__missing__,5,0,N/A | N/A | N/A | N/A | N/A
individual_114,SHVOCHFE2,roni,leaflet_arrangement,__missing__,5,0,N/A | N/A | N/A | N/A | N/A
individual_114,SHVOCHFE2,roni,leaf_margin,entire,5,5,entero | entero | entero | entero | entero
individual_114,SHVOCHFE2,roni,leaf_shape,lanceolate,5,5,lanceolada | lanceolada | lanceolada | lanceolada | lanceolada
individual_114,SHVOCHFE2,roni,leaf_apex,acute,5,5,agudo | agudo | agudo | agudo | agudo
individual_114,SHVOCHFE2,roni,leaf_base,cuneate,5,5,cuneada | cuneada | cuneada | cuneada | cuneada
individual_114,SHVOCHFE2,roni,venation,pinnate,5,5,pinnada | pinnada | pinnada | pinnada | pinnada
individual_114,SHVOCHFE2,roni,leaf_trichomes,absent,5,5,ausentes | ausentes | ausentes | ausentes | ausentes
individual_114,SHVOCHFE2,roni,petiole_length,short,5,5,corto | corto | corto | corto | corto
individual_114,SHVOCHFE2,roni,petiole_features,terete,5,5,terete | terete | terete | terete | terete
individual_114,SHVOCHFE2,roni,stem_type,woody,5,5,lenoso | lenoso | lenoso | lenoso | lenoso
individual_114,SHVOCHFE2,roni,stem_trichomes,present,5,1,no visible | no visible | no visible | no visible | presentes
individual_114,SHVOCHFE2,roni,stem_texture,ridged,5,4,estriada | estriada | estriada | no visible | estriada
individual_114,SHVOCHFE2,roni,stipules,present,5,4,presentes | presentes | presentes | no visible | presentes
individual_114,SHVOCHFE2,roni,latex,__missing__,5,0,no visible | no visible | no visible | no visible | no visible
individual_114,SHVOCHFE2,roni,pulvinus,absent,5,4,ausente | ausente | ausente | no visible | ausente
individual_114,SHVOCHFE2,roni,tendrils,absent,5,5,ausente | ausente | ausente | ausente | ausente
individual_114,SHVOCHFE2,roni,damage,present,5,5,presente | presente | presente | presente | presente
individual_001,SRAPHEDE2,carmen,leaf_relative_position,opposite,5,3,no visible | no visible | opuesta | opuesta | opuesta
individual_001,SRAPHEDE2,carmen,leaf_spacing,clustered,5,5,agrupada | agrupada | agrupada | agrupada | agrupada
individual_001,SRAPHEDE2,carmen,leaf_complexity_type,simple,5,5,simple | simple | simple | simple | simple
individual_001,SRAPHEDE2,carmen,compound_leaf_type,__missing__,5,0,N/A | N/A | N/A | N/A | N/A
individual_001,SRAPHEDE2,carmen,leaflet_arrangement,__missing__,5,0,N/A | N/A | N/A | N/A | N/A
individual_001,SRAPHEDE2,carmen,leaf_margin,entire,5,5,entero | entero | entero | entero | entero
individual_001,SRAPHEDE2,carmen,leaf_shape,lanceolate,5,5,lanceolada | lanceolada | lanceolada | lanceolada | lanceolada
individual_001,SRAPHEDE2,carmen,leaf_apex,acute,5,5,agudo | agudo | agudo | agudo | agudo
individual_001,SRAPHEDE2,carmen,leaf_base,cuneate,5,5,cuneada | cuneada | cuneada | cuneada | cuneada
individual_001,SRAPHEDE2,carmen,venation,pinnate,5,5,pinnada | pinnada | pinnada | pinnada | pinnada
individual_001,SRAPHEDE2,carmen,leaf_trichomes,absent,5,5,ausente | ausente | ausente | ausente | ausente
individual_001,SRAPHEDE2,carmen,petiole_length,short,5,1,no visible | no visible | no visible | no claro | corto
individual_001,SRAPHEDE2,carmen,petiole_features,__missing__,5,0,no visible | no visible | no visible | no visible | no claro
individual_001,SRAPHEDE2,carmen,stem_type,herbaceous,5,2,no visible | herbaceo | herbaceo | no visible | no visible
individual_001,SRAPHEDE2,carmen,stem_trichomes,absent,5,1,no visible | ausente | no visible | no visible | no visible
individual_001,SRAPHEDE2,carmen,stem_texture,smooth,5,1,no visible | lisa | no visible | no visible | no visible
individual_001,SRAPHEDE2,carmen,stipules,absent,5,2,no visible | ausentes | no claro | ausentes | no visible
individual_001,SRAPHEDE2,carmen,latex,__missing__,5,0,no visible | no visible | no visible | no observado | no observado
individual_001,SRAPHEDE2,carmen,pulvinus,absent,5,3,no visible | no visible | ausente | ausente | ausente
individual_001,SRAPHEDE2,carmen,tendrils,absent,5,5,ausentes | ausentes | ausentes | ausentes | ausentes
individual_001,SRAPHEDE2,carmen,damage,present,5,5,presente | presente | presente | presente | presente
individual_002,SRRUELFU3,carmen,leaf_relative_position,opposite,5,5,opuesta | opuesta | opuesta | opuesta | opuesta
individual_002,SRRUELFU3,carmen,leaf_spacing,distal,5,3,no claro | distales | distales | no visible | distales
individual_002,SRRUELFU3,carmen,leaf_complexity_type,simple,5,5,simple | simple | simple | simple | simple
individual_002,SRRUELFU3,carmen,compound_leaf_type,__missing__,5,0,N/A | N/A | N/A | N/A | N/A
individual_002,SRRUELFU3,carmen,leaflet_arrangement,__missing__,5,0,N/A | N/A | N/A | N/A | N/A
individual_002,SRRUELFU3,carmen,leaf_margin,entire,5,5,entero | entero | entero | entero | entero
individual_002,SRRUELFU3,carmen,leaf_shape,elliptic,5,5,eliptica | eliptica | eliptica | eliptica | eliptica
individual_002,SRRUELFU3,carmen,leaf_apex,acute,5,5,agudo | agudo | agudo | agudo | agudo
individual_002,SRRUELFU3,carmen,leaf_base,rounded,5,5,redondeada | redondeada | redondeada | cuneada | cuneada
individual_002,SRRUELFU3,carmen,venation,pinnate,5,5,pinnada | pinnada | pinnada | pinnada | pinnada
individual_002,SRRUELFU3,carmen,leaf_trichomes,present,5,5,presentes | presentes | presentes | presentes | presentes
individual_002,SRRUELFU3,carmen,petiole_length,long,5,2,no visible | no visible | largo | no claro | largo
individual_002,SRRUELFU3,carmen,petiole_features,terete,5,2,no visible | no claro | terete | no claro | terete
individual_002,SRRUELFU3,carmen,stem_type,herbaceous,5,3,no visible | herbaceo | herbaceo | no visible | herbaceo
individual_002,SRRUELFU3,carmen,stem_trichomes,present,5,3,no visible | presente | presente | no visible | presente
individual_002,SRRUELFU3,carmen,stem_texture,smooth,5,3,no visible | lisa | lisa | no visible | lisa
individual_002,SRRUELFU3,carmen,stipules,absent,5,2,no visible | no visible | ausentes | no visible | ausentes
individual_002,SRRUELFU3,carmen,latex,__missing__,5,0,no observado | no observado | no observado | no observado | no observado
individual_002,SRRUELFU3,carmen,pulvinus,__missing__,5,0,no visible | no visible | no visible | no visible | no visible
individual_002,SRRUELFU3,carmen,tendrils,absent,5,5,ausentes | ausentes | ausentes | ausentes | ausentes
individual_002,SRRUELFU3,carmen,damage,present,5,5,presente | presente | presente | presente | presente
individual_003,ANLINDLA8,carmen,leaf_relative_position,alternate,4,3,no visible | alterna | alterna | alterna
individual_003,ANLINDLA8,carmen,leaf_spacing,distal,4,3,no claro | distales | distales | distales
individual_003,ANLINDLA8,carmen,leaf_complexity_type,simple,4,4,simple | simple | simple | simple
individual_003,ANLINDLA8,carmen,compound_leaf_type,__missing__,4,0,N/A | N/A | N/A | N/A
individual_003,ANLINDLA8,carmen,leaflet_arrangement,__missing__,4,0,N/A | N/A | N/A | N/A
individual_003,ANLINDLA8,carmen,leaf_margin,entire,4,4,entero | entero | entero | entero
individual_003,ANLINDLA8,carmen,leaf_shape,ovate,4,4,ovada | ovada | ovada | ovada
individual_003,ANLINDLA8,carmen,leaf_apex,acuminate,4,4,acuminado | acuminado | acuminado | acuminado
individual_003,ANLINDLA8,carmen,leaf_base,cuneate,4,4,cuneada | cuneada | cuneada | cuneada
individual_003,ANLINDLA8,carmen,venation,pinnate,4,4,pinnada | pinnada | pinnada | pinnada
individual_003,ANLINDLA8,carmen,leaf_trichomes,absent,4,4,ausente | ausente | ausente | ausente
individual_003,ANLINDLA8,carmen,petiole_length,long,4,3,no claro | largo | largo | largo
individual_003,ANLINDLA8,carmen,petiole_features,terete,4,3,no claro | terete | terete | terete
individual_003,ANLINDLA8,carmen,stem_type,herbaceous,4,4,herbaceo | herbaceo | herbaceo | herbaceo
individual_003,ANLINDLA8,carmen,stem_trichomes,absent,4,4,ausente | ausente | ausente | ausente
individual_003,ANLINDLA8,carmen,stem_texture,smooth,4,4,lisa | lisa | lisa | lisa
individual_003,ANLINDLA8,carmen,stipules,present,4,4,presentes | presentes | presentes | presentes
individual_003,ANLINDLA8,carmen,latex,__missing__,4,0,no observado | no observado | no observado | no observado
individual_003,ANLINDLA8,carmen,pulvinus,present,4,3,no visible | ausente | presente  basal | presente  basal
individual_003,ANLINDLA8,carmen,tendrils,absent,4,4,ausentes | ausentes | ausentes | ausentes
individual_003,ANLINDLA8,carmen,damage,present,4,4,presente | presente | presente | presente
individual_004,OLANACEX4,carmen,leaf_relative_position,opposite,5,5,opuesta | opuesta | opuesta | opuesta | opuesta
individual_004,OLANACEX4,carmen,leaf_spacing,clustered,5,4,agrupada | agrupada | no visible | distales | distales
individual_004,OLANACEX4,carmen,leaf_complexity_type,simple,5,5,simple | simple | simple | simple | simple
individual_004,OLANACEX4,carmen,compound_leaf_type,__missing__,5,0,N/A | N/A | N/A | N/A | N/A
individual_004,OLANACEX4,carmen,leaflet_arrangement,__missing__,5,0,N/A | N/A | N/A | N/A | N/A
individual_004,OLANACEX4,carmen,leaf_margin,entire,5,5,entero | entero | entero | entero | entero
individual_004,OLANACEX4,carmen,leaf_shape,lanceolate,5,5,lanceolada | lanceolada | lanceolada | lanceolada | lanceolada
individual_004,OLANACEX4,carmen,leaf_apex,acuminate,5,5,acuminado | acuminado | acuminado | acuminado | acuminado
individual_004,OLANACEX4,carmen,leaf_base,cuneate,5,5,cuneada | cuneada | cuneada | cuneada | cuneada
individual_004,OLANACEX4,carmen,venation,pinnate,5,5,pinnada | pinnada | pinnada | pinnada | pinnada
individual_004,OLANACEX4,carmen,leaf_trichomes,absent,5,5,ausente | ausente | ausente | ausente | ausente
individual_004,OLANACEX4,carmen,petiole_length,short,5,5,corto | corto | corto | corto | corto
individual_004,OLANACEX4,carmen,petiole_features,terete,5,4,no claro | terete | terete | terete | terete
individual_004,OLANACEX4,carmen,stem_type,herbaceous,5,3,no visible | no visible | herbaceo | herbaceo | herbaceo
individual_004,OLANACEX4,carmen,stem_trichomes,absent,5,2,no visible | no visible | no visible | ausente | ausente
individual_004,OLANACEX4,carmen,stem_texture,smooth,5,2,no visible | no visible | no visible | lisa | lisa
individual_004,OLANACEX4,carmen,stipules,__missing__,5,0,no visible | no visible | no visible | no visible | no visible
individual_004,OLANACEX4,carmen,latex,__missing__,5,0,no observado | no observado | no observado | no observado | no observado
individual_004,OLANACEX4,carmen,pulvinus,absent,5,2,no visible | no visible | no visible | ausente | ausente
individual_004,OLANACEX4,carmen,tendrils,absent,5,5,ausentes | ausentes | ausentes | ausentes | ausentes
individual_004,OLANACEX4,carmen,damage,present,5,4,presente | presente | presente | presente | no visible
individual_005,SHTAPIGU7,carmen,leaf_relative_position,alternate,5,5,alterna | alterna | alterna | verticilada | verticilada
individual_005,SHTAPIGU7,carmen,leaf_spacing,clustered,5,5,distales | agrupada | agrupada | agrupada | agrupada
individual_005,SHTAPIGU7,carmen,leaf_complexity_type,compound,5,5,compuesta | compuesta | compuesta | compuesta | compuesta
individual_005,SHTAPIGU7,carmen,compound_leaf_type,odd-pinnate,5,5,imparipinnada | imparipinnada | imparipinnada | imparipinnada | imparipinnada
individual_005,SHTAPIGU7,carmen,leaflet_arrangement,opposite,5,5,opuesto | opuesto | opuesto | opuesto | opuesto
individual_005,SHTAPIGU7,carmen,leaf_margin,entire,5,5,entero | entero | entero | entero | entero
individual_005,SHTAPIGU7,carmen,leaf_shape,elliptic,5,5,eliptica | eliptica | eliptica | eliptica | eliptica
individual_005,SHTAPIGU7,carmen,leaf_apex,acuminate,5,5,acuminado | acuminado | acuminado | acuminado | acuminado
individual_005,SHTAPIGU7,carmen,leaf_base,cuneate,5,5,cuneada | cuneada | cuneada | cuneada | cuneada
individual_005,SHTAPIGU7,carmen,venation,pinnate,5,5,pinnada | pinnada | pinnada | pinnada | pinnada
individual_005,SHTAPIGU7,carmen,leaf_trichomes,absent,5,5,ausente | ausente | ausente | ausente | ausente
individual_005,SHTAPIGU7,carmen,petiole_length,long,5,5,largo | largo | largo | largo | largo
individual_005,SHTAPIGU7,carmen,petiole_features,terete,5,5,terete | terete | terete | terete | terete
individual_005,SHTAPIGU7,carmen,stem_type,herbaceous,5,5,herbaceo | herbaceo | herbaceo | herbaceo | herbaceo
individual_005,SHTAPIGU7,carmen,stem_trichomes,absent,5,5,ausente | ausente | ausente | ausente | ausente
individual_005,SHTAPIGU7,carmen,stem_texture,__missing__,5,0,no claro | no claro | no claro | no visible | no claro
individual_005,SHTAPIGU7,carmen,stipules,present,5,3,presentes | presentes | no claro | no visible | presentes
individual_005,SHTAPIGU7,carmen,latex,__missing__,5,0,no observado | no observado | no observado | no observado | no observado
individual_005,SHTAPIGU7,carmen,pulvinus,present,5,1,no claro | no claro | presente  basal | no visible | no claro
individual_005,SHTAPIGU7,carmen,tendrils,absent,5,5,ausentes | ausentes | ausentes | ausentes | ausentes
individual_005,SHTAPIGU7,carmen,damage,present,5,5,presente | presente | presente | presente | presente
individual_006,SRANAXAL1,carmen,leaf_relative_position,alternate,5,5,alterna | alterna | alterna | alterna | alterna
individual_006,SRANAXAL1,carmen,leaf_spacing,distal,5,5,distales | distales | distales | distales | distales
individual_006,SRANAXAL1,carmen,leaf_complexity_type,simple,5,5,simple | simple | simple | simple | simple
individual_006,SRANAXAL1,carmen,compound_leaf_type,__missing__,5,0,N/A | N/A | N/A | N/A | N/A
individual_006,SRANAXAL1,carmen,leaflet_arrangement,__missing__,5,0,N/A | N/A | N/A | N/A | N/A
individual_006,SRANAXAL1,carmen,leaf_margin,entire,5,5,entero | entero | entero | entero | entero
individual_006,SRANAXAL1,carmen,leaf_shape,lanceolate,5,5,lanceolada | lanceolada | lanceolada | lanceolada | lanceolada
individual_006,SRANAXAL1,carmen,leaf_apex,acuminate,5,5,acuminado | acuminado | acuminado | acuminado | acuminado
individual_006,SRANAXAL1,carmen,leaf_base,cuneate,5,5,cuneada | cuneada | cuneada | cuneada | cuneada
individual_006,SRANAXAL1,carmen,venation,pinnate,5,5,pinnada | pinnada | pinnada | pinnada | pinnada
individual_006,SRANAXAL1,carmen,leaf_trichomes,absent,5,5,ausente | ausente | ausente | ausente | ausente
individual_006,SRANAXAL1,carmen,petiole_length,short,5,5,corto | corto | corto | corto | corto
individual_006,SRANAXAL1,carmen,petiole_features,grooved,5,3,no visible | acanalado | no claro | terete | acanalado
individual_006,SRANAXAL1,carmen,stem_type,herbaceous,5,5,herbaceo | herbaceo | herbaceo | herbaceo | herbaceo
individual_006,SRANAXAL1,carmen,stem_trichomes,absent,5,5,ausente | ausente | ausente | ausente | ausente
individual_006,SRANAXAL1,carmen,stem_texture,smooth,5,5,lisa | lisa | lisa | lisa | lisa
individual_006,SRANAXAL1,carmen,stipules,__missing__,5,0,no visible | no visible | no claro | no claro | no visible
individual_006,SRANAXAL1,carmen,latex,__missing__,5,0,no observado | no observado | no observado | no observado | no observado
individual_006,SRANAXAL1,carmen,pulvinus,absent,5,4,no claro | ausente | ausente | ausente | ausente
individual_006,SRANAXAL1,carmen,tendrils,absent,5,5,ausentes | ausentes | ausentes | ausentes | ausentes
individual_006,SRANAXAL1,carmen,damage,present,5,5,presente | presente | ausente | presente | presente
individual_007,CHANNOHA10,carmen,leaf_relative_position,alternate,5,5,alterna | alterna | alterna | alterna | alterna
individual_007,CHANNOHA10,carmen,leaf_spacing,distal,5,5,distales | distales | distales | distales | distales
individual_007,CHANNOHA10,carmen,leaf_complexity_type,simple,5,5,simple | simple | simple | simple | simple
individual_007,CHANNOHA10,carmen,compound_leaf_type,__missing__,5,0,N/A | N/A | N/A | N/A | N/A
individual_007,CHANNOHA10,carmen,leaflet_arrangement,__missing__,5,0,N/A | N/A | N/A | N/A | N/A
individual_007,CHANNOHA10,carmen,leaf_margin,entire,5,5,entero | entero | entero | entero | entero
individual_007,CHANNOHA10,carmen,leaf_shape,elliptic,5,5,eliptica | eliptica | eliptica | eliptica | eliptica
individual_007,CHANNOHA10,carmen,leaf_apex,acuminate,5,5,acuminado | acuminado | acuminado | agudo | acuminado
individual_007,CHANNOHA10,carmen,leaf_base,cuneate,5,5,cuneada | cuneada | cuneada | cuneada | cuneada
individual_007,CHANNOHA10,carmen,venation,pinnate,5,5,pinnada | pinnada | pinnada | pinnada | pinnada
individual_007,CHANNOHA10,carmen,leaf_trichomes,absent,5,5,ausente | ausente | ausente | ausente | ausente
individual_007,CHANNOHA10,carmen,petiole_length,short,5,5,corto | corto | corto | corto | corto
individual_007,CHANNOHA10,carmen,petiole_features,terete,5,4,terete | terete | no claro | terete | terete
individual_007,CHANNOHA10,carmen,stem_type,herbaceous,5,5,herbaceo | herbaceo | herbaceo | herbaceo | herbaceo
individual_007,CHANNOHA10,carmen,stem_trichomes,absent,5,5,ausente | ausente | ausente | ausente | ausente
individual_007,CHANNOHA10,carmen,stem_texture,lenticellate,5,2,lenticelado | no claro | no claro | lisa | no claro
individual_007,CHANNOHA10,carmen,stipules,present,5,1,no claro | no visible | no visible | no claro | presentes
individual_007,CHANNOHA10,carmen,latex,__missing__,5,0,no observado | no observado | no observado | no observado | no observado
individual_007,CHANNOHA10,carmen,pulvinus,absent,5,2,no visible | no visible | no claro | ausente | ausente
individual_007,CHANNOHA10,carmen,tendrils,absent,5,5,ausentes | ausentes | ausentes | ausentes | ausentes
individual_007,CHANNOHA10,carmen,damage,present,5,5,presente | presente | presente | presente | presente
individual_008,SHCREMPA5,carmen,leaf_relative_position,alternate,5,5,alterna | alterna | alterna | alterna | alterna
individual_008,SHCREMPA5,carmen,leaf_spacing,distal,5,5,distales | distales | distales | distales | distales
individual_008,SHCREMPA5,carmen,leaf_complexity_type,simple,5,5,simple | simple | simple | simple | simple
individual_008,SHCREMPA5,carmen,compound_leaf_type,__missing__,5,0,N/A | N/A | N/A | N/A | N/A
individual_008,SHCREMPA5,carmen,leaflet_arrangement,__missing__,5,0,N/A | N/A | N/A | N/A | N/A
individual_008,SHCREMPA5,carmen,leaf_margin,entire,5,5,entero | entero | entero | entero | entero
individual_008,SHCREMPA5,carmen,leaf_shape,elliptic,5,5,eliptica | eliptica | eliptica | eliptica | eliptica
individual_008,SHCREMPA5,carmen,leaf_apex,acuminate,5,5,acuminado | acuminado | acuminado | acuminado | acuminado
individual_008,SHCREMPA5,carmen,leaf_base,cuneate,5,5,cuneada | cuneada | cuneada | cuneada | cuneada
individual_008,SHCREMPA5,carmen,venation,pinnate,5,5,pinnada | pinnada | pinnada | pinnada | pinnada
individual_008,SHCREMPA5,carmen,leaf_trichomes,absent,5,5,ausente | ausente | ausente | ausente | ausente
individual_008,SHCREMPA5,carmen,petiole_length,short,5,5,corto | corto | corto | corto | corto
individual_008,SHCREMPA5,carmen,petiole_features,terete,5,4,terete | terete | terete | no claro | terete
individual_008,SHCREMPA5,carmen,stem_type,herbaceous,5,5,herbaceo | herbaceo | herbaceo | herbaceo | herbaceo
individual_008,SHCREMPA5,carmen,stem_trichomes,absent,5,5,ausente | ausente | ausente | ausente | ausente
individual_008,SHCREMPA5,carmen,stem_texture,smooth,5,5,lisa | lisa | lisa | lisa | lisa
individual_008,SHCREMPA5,carmen,stipules,present,5,1,no claro | no claro | no claro | no claro | presentes
individual_008,SHCREMPA5,carmen,latex,__missing__,5,0,no observado | no observado | no observado | no observado | no observado
individual_008,SHCREMPA5,carmen,pulvinus,absent,5,5,ausente | ausente | ausente | ausente | ausente
individual_008,SHCREMPA5,carmen,tendrils,absent,5,5,ausentes | ausentes | ausentes | ausentes | ausentes
individual_008,SHCREMPA5,carmen,damage,absent,5,5,ausente | ausente | ausente | ausente | ausente
individual_009,PEA0147,carmen,leaf_relative_position,alternate,5,5,alterna | alterna | alterna | alterna | alterna
individual_009,PEA0147,carmen,leaf_spacing,distal,5,5,distales | distales | distales | distales | distales
individual_009,PEA0147,carmen,leaf_complexity_type,simple,5,5,simple | simple | simple | simple | simple
individual_009,PEA0147,carmen,compound_leaf_type,__missing__,5,0,N/A | N/A | N/A | N/A | N/A
individual_009,PEA0147,carmen,leaflet_arrangement,__missing__,5,0,N/A | N/A | N/A | N/A | N/A
individual_009,PEA0147,carmen,leaf_margin,entire,5,5,entero | entero | entero | entero | entero
individual_009,PEA0147,carmen,leaf_shape,elliptic,5,5,eliptica | eliptica | eliptica | eliptica | eliptica
individual_009,PEA0147,carmen,leaf_apex,obtuse,5,4,no visible | obtuso | obtuso | obtuso | obtuso
individual_009,PEA0147,carmen,leaf_base,cuneate,5,5,cuneada | cuneada | cuneada | cuneada | cuneada
individual_009,PEA0147,carmen,venation,pinnate,5,5,pinnada | pinnada | pinnada | pinnada | pinnada
individual_009,PEA0147,carmen,leaf_trichomes,absent,5,5,ausente | ausente | ausente | ausente | ausente
individual_009,PEA0147,carmen,petiole_length,short,5,5,corto | corto | corto | corto | corto
individual_009,PEA0147,carmen,petiole_features,terete,5,5,terete | terete | terete | terete | terete
individual_009,PEA0147,carmen,stem_type,woody,5,5,leñoso | leñoso | leñoso | leñoso | leñoso
individual_009,PEA0147,carmen,stem_trichomes,absent,5,5,ausente | ausente | ausente | ausente | ausente
individual_009,PEA0147,carmen,stem_texture,smooth,5,5,lisa | lisa | lisa | lisa | lisa
individual_009,PEA0147,carmen,stipules,present,5,4,presentes | presentes | presentes | presentes | no claro
individual_009,PEA0147,carmen,latex,__missing__,5,0,no observado | no observado | no observado | no observado | no observado
individual_009,PEA0147,carmen,pulvinus,absent,5,5,ausente | ausente | ausente | ausente | ausente
individual_009,PEA0147,carmen,tendrils,absent,5,5,ausentes | ausentes | ausentes | ausentes | ausentes
individual_009,PEA0147,carmen,damage,present,5,5,presente | presente | presente | presente | presente
individual_010,BVGUATAM5,carmen,leaf_relative_position,alternate,6,6,alterna | opuesta | alterna | alterna | alterna | alterna
individual_010,BVGUATAM5,carmen,leaf_spacing,distal,6,5,distales | no visible | distales | distales | distales | distales
individual_010,BVGUATAM5,carmen,leaf_complexity_type,simple,6,6,simple | simple | simple | simple | simple | simple
individual_010,BVGUATAM5,carmen,compound_leaf_type,__missing__,6,0,N/A | N/A | N/A | N/A | N/A | N/A
individual_010,BVGUATAM5,carmen,leaflet_arrangement,__missing__,6,0,N/A | N/A | N/A | N/A | N/A | N/A
individual_010,BVGUATAM5,carmen,leaf_margin,entire,6,6,entero | entero | entero | entero | entero | entero
individual_010,BVGUATAM5,carmen,leaf_shape,elliptic,6,6,eliptica | eliptica | eliptica | eliptica | eliptica | eliptica
individual_010,BVGUATAM5,carmen,leaf_apex,acuminate,6,5,acuminado | acuminado | acuminado | acuminado | acuminado | no visible
individual_010,BVGUATAM5,carmen,leaf_base,cuneate,6,6,cuneada | cuneada | cuneada | cuneada | cuneada | cuneada
individual_010,BVGUATAM5,carmen,venation,pinnate,6,6,pinnada | pinnada | pinnada | pinnada | pinnada | pinnada
individual_010,BVGUATAM5,carmen,leaf_trichomes,absent,6,6,ausente | ausente | ausente | ausente | ausente | ausente
individual_010,BVGUATAM5,carmen,petiole_length,short,6,6,corto | corto | corto | corto | corto | corto
individual_010,BVGUATAM5,carmen,petiole_features,terete,6,3,no claro | no claro | no visible | terete | terete | terete
individual_010,BVGUATAM5,carmen,stem_type,herbaceous,6,5,herbaceo | no visible | herbaceo | herbaceo | herbaceo | herbaceo
individual_010,BVGUATAM5,carmen,stem_trichomes,absent,6,4,ausente | no visible | no visible | ausente | ausente | ausente
individual_010,BVGUATAM5,carmen,stem_texture,smooth,6,4,lisa | no visible | no visible | lisa | lisa | lisa
individual_010,BVGUATAM5,carmen,stipules,present,6,3,presentes | no visible | no visible | no visible | presentes | presentes
individual_010,BVGUATAM5,carmen,latex,__missing__,6,0,no observado | no observado | no observado | no observado | no observado | no observado
individual_010,BVGUATAM5,carmen,pulvinus,absent,6,3,no visible | no visible | no visible | ausente | ausente | ausente
individual_010,BVGUATAM5,carmen,tendrils,absent,6,6,ausentes | ausentes | ausentes | ausentes | ausentes | ausentes
individual_010,BVGUATAM5,carmen,damage,absent,6,6,ausente | ausente | ausente | ausente | ausente | ausente
individual_011,OLOXANLO5,carmen,leaf_relative_position,alternate,5,5,alterna | alterna | alterna | alterna | alterna
individual_011,OLOXANLO5,carmen,leaf_spacing,distal,5,5,distales | distales | distales | distales | distales
individual_011,OLOXANLO5,carmen,leaf_complexity_type,simple,5,5,simple | simple | simple | simple | simple
individual_011,OLOXANLO5,carmen,compound_leaf_type,__missing__,5,0,N/A | N/A | N/A | N/A | N/A
individual_011,OLOXANLO5,carmen,leaflet_arrangement,__missing__,5,0,N/A | N/A | N/A | N/A | N/A
individual_011,OLOXANLO5,carmen,leaf_margin,__missing__,5,0,entero ondulada | entero ondulada | entero ondulada | entero ondulada | entero ondulada
individual_011,OLOXANLO5,carmen,leaf_shape,elliptic,5,5,eliptica | eliptica | eliptica | eliptica | eliptica
individual_011,OLOXANLO5,carmen,leaf_apex,acuminate,5,5,acuminado | acuminado | acuminado | acuminado | agudo
individual_011,OLOXANLO5,carmen,leaf_base,cuneate,5,5,cuneada | cuneada | cuneada | cuneada | cuneada
individual_011,OLOXANLO5,carmen,venation,pinnate,5,5,pinnada | pinnada | pinnada | pinnada | pinnada
individual_011,OLOXANLO5,carmen,leaf_trichomes,absent,5,5,ausente | ausente | ausente | ausente | ausente
individual_011,OLOXANLO5,carmen,petiole_length,short,5,5,corto | corto | corto | corto | corto
individual_011,OLOXANLO5,carmen,petiole_features,terete,5,2,no claro | no claro | no claro | terete | terete
individual_011,OLOXANLO5,carmen,stem_type,woody,5,5,leñoso | leñoso | leñoso | leñoso | leñoso
individual_011,OLOXANLO5,carmen,stem_trichomes,absent,5,5,ausente | ausente | ausente | ausente | ausente
individual_011,OLOXANLO5,carmen,stem_texture,smooth,5,5,lisa | lisa | lisa | lisa | lisa
individual_011,OLOXANLO5,carmen,stipules,absent,5,3,no visible | no visible | ausentes | ausentes | ausentes
individual_011,OLOXANLO5,carmen,latex,__missing__,5,0,no observado | no observado | no observado | no observado | no observado
individual_011,OLOXANLO5,carmen,pulvinus,absent,5,4,no visible | ausente | ausente | ausente | ausente
individual_011,OLOXANLO5,carmen,tendrils,absent,5,5,ausentes | ausentes | ausentes | ausentes | ausentes
individual_011,OLOXANLO5,carmen,damage,present,5,5,ausente | presente | presente | presente | presente
individual_012,SHASPICR4,carmen,leaf_relative_position,opposite,5,5,opuesta | opuesta | opuesta | opuesta | alterna
individual_012,SHASPICR4,carmen,leaf_spacing,distal,5,5,distales | distales | distales | distales | distales
individual_012,SHASPICR4,carmen,leaf_complexity_type,simple,5,5,simple | simple | simple | simple | simple
individual_012,SHASPICR4,carmen,compound_leaf_type,__missing__,5,0,N/A | N/A | N/A | N/A | N/A
individual_012,SHASPICR4,carmen,leaflet_arrangement,__missing__,5,0,N/A | N/A | N/A | N/A | N/A
individual_012,SHASPICR4,carmen,leaf_margin,entire,5,5,entero | entero | entero | entero | entero
individual_012,SHASPICR4,carmen,leaf_shape,lanceolate,5,5,lanceolada | lanceolada | lanceolada | lanceolada | lanceolada
individual_012,SHASPICR4,carmen,leaf_apex,acute,5,5,agudo | agudo | agudo | agudo | agudo
individual_012,SHASPICR4,carmen,leaf_base,cuneate,5,5,cuneada | cuneada | cuneada | cuneada | cuneada
individual_012,SHASPICR4,carmen,venation,pinnate,5,5,pinnada | pinnada | pinnada | pinnada | pinnada
individual_012,SHASPICR4,carmen,leaf_trichomes,absent,5,5,ausente | ausente | ausente | ausente | ausente
individual_012,SHASPICR4,carmen,petiole_length,short,5,5,corto | corto | corto | corto | corto
individual_012,SHASPICR4,carmen,petiole_features,terete,5,5,terete | terete | terete | terete | terete
individual_012,SHASPICR4,carmen,stem_type,herbaceous,5,5,herbaceo | herbaceo | leñoso | herbaceo | herbaceo
individual_012,SHASPICR4,carmen,stem_trichomes,absent,5,4,ausente | ausente | ausente | no visible | ausente
individual_012,SHASPICR4,carmen,stem_texture,smooth,5,4,lisa | lisa | lisa | no visible | lisa
individual_012,SHASPICR4,carmen,stipules,present,5,1,no visible | no visible | no visible | no visible | presentes
individual_012,SHASPICR4,carmen,latex,__missing__,5,0,no observado | no observado | no observado | no observado | no observado
individual_012,SHASPICR4,carmen,pulvinus,absent,5,2,ausente | no visible | no visible | no visible | ausente
individual_012,SHASPICR4,carmen,tendrils,absent,5,5,ausentes | ausentes | ausentes | ausentes | ausentes
individual_012,SHASPICR4,carmen,damage,present,5,5,presente | presente | presente | presente | presente
individual_013,CHFORSVI6,carmen,leaf_relative_position,opposite,5,5,opuesta | opuesta | opuesta | opuesta | opuesta
individual_013,CHFORSVI6,carmen,leaf_spacing,distal,5,5,distales | distales | distales | distales | distales
individual_013,CHFORSVI6,carmen,leaf_complexity_type,simple,5,5,simple | simple | simple | simple | simple
individual_013,CHFORSVI6,carmen,compound_leaf_type,__missing__,5,0,N/A | N/A | N/A | N/A | N/A
individual_013,CHFORSVI6,carmen,leaflet_arrangement,__missing__,5,0,N/A | N/A | N/A | N/A | N/A
individual_013,CHFORSVI6,carmen,leaf_margin,entire,5,5,entero | entero | entero | entero | entero
individual_013,CHFORSVI6,carmen,leaf_shape,lanceolate,5,5,lanceolada | lanceolada | lanceolada | lanceolada | lanceolada
individual_013,CHFORSVI6,carmen,leaf_apex,acuminate,5,5,acuminado | acuminado | acuminado | acuminado | acuminado
individual_013,CHFORSVI6,carmen,leaf_base,cuneate,5,5,cuneada | cuneada | cuneada | cuneada | cuneada
individual_013,CHFORSVI6,carmen,venation,pinnate,5,5,pinnada | pinnada | pinnada | pinnada | pinnada
individual_013,CHFORSVI6,carmen,leaf_trichomes,absent,5,5,ausente | ausente | ausente | ausente | ausente
individual_013,CHFORSVI6,carmen,petiole_length,short,5,2,no visible | no visible | corto | no visible | corto
individual_013,CHFORSVI6,carmen,petiole_features,terete,5,2,no visible | ausente | terete | no visible | terete
individual_013,CHFORSVI6,carmen,stem_type,herbaceous,5,5,herbaceo | herbaceo | herbaceo | herbaceo | herbaceo
individual_013,CHFORSVI6,carmen,stem_trichomes,absent,5,1,no visible | no visible | no visible | no visible | ausente
individual_013,CHFORSVI6,carmen,stem_texture,smooth,5,4,lisa | lisa | lisa | no visible | lisa
individual_013,CHFORSVI6,carmen,stipules,present,5,4,no visible | presentes | presentes | presentes | presentes
individual_013,CHFORSVI6,carmen,latex,__missing__,5,0,no observado | no observado | no observado | no observado | no observado
individual_013,CHFORSVI6,carmen,pulvinus,absent,5,5,ausente | ausente | ausente | ausente | ausente
individual_013,CHFORSVI6,carmen,tendrils,absent,5,5,ausentes | ausentes | ausentes | ausentes | ausentes
individual_013,CHFORSVI6,carmen,damage,present,5,5,ausente | presente | presente | presente | ausente
individual_014,SRTAB2UN5,carmen,leaf_relative_position,opposite,5,5,opuesta | opuesta | opuesta | opuesta | opuesta
individual_014,SRTAB2UN5,carmen,leaf_spacing,distal,5,5,distales | distales | distales | distales | distales
individual_014,SRTAB2UN5,carmen,leaf_complexity_type,simple,5,5,simple | simple | simple | simple | simple
individual_014,SRTAB2UN5,carmen,compound_leaf_type,__missing__,5,0,N/A | N/A | N/A | N/A | N/A
individual_014,SRTAB2UN5,carmen,leaflet_arrangement,__missing__,5,0,N/A | N/A | N/A | N/A | N/A
individual_014,SRTAB2UN5,carmen,leaf_margin,entire,5,5,entero | entero | entero | entero | entero
individual_014,SRTAB2UN5,carmen,leaf_shape,lanceolate,5,5,lanceolada | lanceolada | lanceolada | lanceolada | lanceolada
individual_014,SRTAB2UN5,carmen,leaf_apex,acuminate,5,5,acuminado | acuminado | acuminado | acuminado | acuminado
individual_014,SRTAB2UN5,carmen,leaf_base,cuneate,5,5,cuneada | cuneada | cuneada | cuneada | cuneada
individual_014,SRTAB2UN5,carmen,venation,pinnate,5,5,pinnada | pinnada | pinnada | pinnada | pinnada
individual_014,SRTAB2UN5,carmen,leaf_trichomes,absent,5,5,ausente | ausente | ausente | ausente | ausente
individual_014,SRTAB2UN5,carmen,petiole_length,short,5,5,corto | corto | corto | corto | corto
individual_014,SRTAB2UN5,carmen,petiole_features,terete,5,5,terete | terete | terete | terete | terete
individual_014,SRTAB2UN5,carmen,stem_type,herbaceous,5,5,herbaceo | herbaceo | herbaceo | herbaceo | herbaceo
individual_014,SRTAB2UN5,carmen,stem_trichomes,absent,5,5,ausente | ausente | ausente | ausente | ausente
individual_014,SRTAB2UN5,carmen,stem_texture,smooth,5,5,lisa | lisa | lisa | lisa | lisa
individual_014,SRTAB2UN5,carmen,stipules,absent,5,5,ausentes | ausentes | ausentes | ausentes | ausentes
individual_014,SRTAB2UN5,carmen,latex,__missing__,5,0,no observado | no observado | no observado | no observado | no observado
individual_014,SRTAB2UN5,carmen,pulvinus,absent,5,5,ausente | ausente | ausente | ausente | ausente
individual_014,SRTAB2UN5,carmen,tendrils,absent,5,5,ausentes | ausentes | ausentes | ausentes | ausentes
individual_014,SRTAB2UN5,carmen,damage,absent,5,5,ausente | ausente | ausente | presente | presente
individual_015,CHPHRYCO10,carmen,leaf_relative_position,opposite,5,5,opuesta | opuesta | opuesta | opuesta | opuesta
individual_015,CHPHRYCO10,carmen,leaf_spacing,distal,5,5,distales | distales | distales | distales | distales
individual_015,CHPHRYCO10,carmen,leaf_complexity_type,simple,5,5,simple | simple | simple | simple | simple
individual_015,CHPHRYCO10,carmen,compound_leaf_type,__missing__,5,0,N/A | N/A | N/A | N/A | N/A
individual_015,CHPHRYCO10,carmen,leaflet_arrangement,__missing__,5,0,N/A | N/A | N/A | N/A | N/A
individual_015,CHPHRYCO10,carmen,leaf_margin,entire,5,5,entero | entero | entero | entero | entero
individual_015,CHPHRYCO10,carmen,leaf_shape,elliptic,5,5,eliptica | eliptica | eliptica | eliptica | eliptica
individual_015,CHPHRYCO10,carmen,leaf_apex,acute,5,5,agudo | agudo | agudo | agudo | agudo
individual_015,CHPHRYCO10,carmen,leaf_base,cuneate,5,5,cuneada | cuneada | cuneada | cuneada | cuneada
individual_015,CHPHRYCO10,carmen,venation,pinnate,5,5,pinnada | pinnada | pinnada | pinnada | pinnada
individual_015,CHPHRYCO10,carmen,leaf_trichomes,absent,5,5,ausente | ausente | ausente | ausente | ausente
individual_015,CHPHRYCO10,carmen,petiole_length,long,5,5,largo | largo | largo | largo | largo
individual_015,CHPHRYCO10,carmen,petiole_features,terete,5,2,terete | no visible | no claro | no claro | acanalado
individual_015,CHPHRYCO10,carmen,stem_type,herbaceous,5,3,herbaceo | no visible | no claro | herbaceo | herbaceo
individual_015,CHPHRYCO10,carmen,stem_trichomes,__missing__,5,0,no visible | no visible | no claro | no visible | no visible
individual_015,CHPHRYCO10,carmen,stem_texture,smooth,5,2,lisa | no visible | no claro | no claro | lisa
individual_015,CHPHRYCO10,carmen,stipules,present,5,2,no visible | no visible | no visible | presentes | presentes
individual_015,CHPHRYCO10,carmen,latex,__missing__,5,0,no observado | no observado | no observado | no observado | no observado
individual_015,CHPHRYCO10,carmen,pulvinus,present,5,1,no visible | no visible | no visible | no claro | presente  basal
individual_015,CHPHRYCO10,carmen,tendrils,absent,5,5,ausentes | ausentes | ausentes | ausentes | ausentes
individual_015,CHPHRYCO10,carmen,damage,present,5,5,ausente | presente | presente | presente | presente
individual_016,PPCALLLA6,carmen,leaf_relative_position,opposite,5,4,opuesta | opuesta | no visible | opuesta | opuesta
individual_016,PPCALLLA6,carmen,leaf_spacing,distal,5,4,distales | distales | no visible | distales | distales
individual_016,PPCALLLA6,carmen,leaf_complexity_type,compound,5,5,compuesta | compuesta | simple | compuesta | compuesta
individual_016,PPCALLLA6,carmen,compound_leaf_type,odd-pinnate,5,4,imparipinnada | imparipinnada | N/A | imparipinnada | imparipinnada
individual_016,PPCALLLA6,carmen,leaflet_arrangement,opposite,5,4,opuesto | opuesto | N/A | opuesto | opuesto
individual_016,PPCALLLA6,carmen,leaf_margin,entire,5,5,entero | entero | entero | entero | entero
individual_016,PPCALLLA6,carmen,leaf_shape,elliptic,5,5,eliptica | eliptica | eliptica | eliptica | eliptica
individual_016,PPCALLLA6,carmen,leaf_apex,acuminate,5,5,acuminado | acuminado | acuminado | acuminado | acuminado
individual_016,PPCALLLA6,carmen,leaf_base,cuneate,5,5,cuneada | cuneada | cuneada | cuneada | cuneada
individual_016,PPCALLLA6,carmen,venation,pinnate,5,5,pinnada | pinnada | pinnada | pinnada | pinnada
individual_016,PPCALLLA6,carmen,leaf_trichomes,absent,5,5,ausente | ausente | ausente | ausente | ausente
individual_016,PPCALLLA6,carmen,petiole_length,long,5,5,largo | largo | largo | largo | largo
individual_016,PPCALLLA6,carmen,petiole_features,terete,5,5,terete | terete | terete | terete | terete
individual_016,PPCALLLA6,carmen,stem_type,herbaceous,5,4,herbaceo | herbaceo | herbaceo | no visible | herbaceo
individual_016,PPCALLLA6,carmen,stem_trichomes,absent,5,1,no visible | no visible | ausente | no visible | no claro
individual_016,PPCALLLA6,carmen,stem_texture,smooth,5,1,no visible | no visible | lisa | no claro | no claro
individual_016,PPCALLLA6,carmen,stipules,absent,5,1,no claro | no claro | ausentes | no claro | no claro
individual_016,PPCALLLA6,carmen,latex,__missing__,5,0,no observado | no observado | no observado | no observado | no observado
individual_016,PPCALLLA6,carmen,pulvinus,absent,5,1,no claro | no visible | ausente | no claro | no claro
individual_016,PPCALLLA6,carmen,tendrils,absent,5,5,ausentes | ausentes | ausentes | ausentes | ausentes
individual_016,PPCALLLA6,carmen,damage,absent,5,5,ausente | ausente | presente | ausente | presente
individual_017,BVMANSKE10,carmen,leaf_relative_position,opposite,5,5,opuesta | opuesta | opuesta | opuesta | opuesta
individual_017,BVMANSKE10,carmen,leaf_spacing,distal,5,5,distales | distales | distales | distales | distales
individual_017,BVMANSKE10,carmen,leaf_complexity_type,compound,5,5,compuesta | compuesta | simple | simple | compuesta
individual_017,BVMANSKE10,carmen,compound_leaf_type,odd-pinnate,5,3,imparipinnada | imparipinnada | N/A | N/A | imparipinnada
individual_017,BVMANSKE10,carmen,leaflet_arrangement,opposite,5,3,opuesto | opuesto | N/A | N/A | opuesto
individual_017,BVMANSKE10,carmen,leaf_margin,entire,5,5,entero | entero | entero | entero | entero
individual_017,BVMANSKE10,carmen,leaf_shape,lanceolate,5,5,lanceolada | lanceolada | lanceolada | lanceolada | lanceolada
individual_017,BVMANSKE10,carmen,leaf_apex,acuminate,5,5,acuminado | acuminado | acuminado | acuminado | acuminado
individual_017,BVMANSKE10,carmen,leaf_base,rounded,5,5,redondeada | redondeada | redondeada | redondeada | redondeada
individual_017,BVMANSKE10,carmen,venation,pinnate,5,5,pinnada | pinnada | pinnada | pinnada | pinnada
individual_017,BVMANSKE10,carmen,leaf_trichomes,absent,5,3,ausente | ausente | ausente | no visible | no visible
individual_017,BVMANSKE10,carmen,petiole_length,long,5,5,largo | largo | largo | largo | largo
individual_017,BVMANSKE10,carmen,petiole_features,terete,5,3,terete | terete | no claro | no visible | acanalado
individual_017,BVMANSKE10,carmen,stem_type,herbaceous,5,5,herbaceo | herbaceo | herbaceo | herbaceo | herbaceo
individual_017,BVMANSKE10,carmen,stem_trichomes,absent,5,1,no visible | no visible | no visible | no visible | ausente
individual_017,BVMANSKE10,carmen,stem_texture,smooth,5,1,no claro | lisa | no claro | no visible | no claro
individual_017,BVMANSKE10,carmen,stipules,absent,5,2,ausentes | ausentes | no visible | no visible | no visible
individual_017,BVMANSKE10,carmen,latex,__missing__,5,0,no observado | no observado | no observado | no observado | no observado
individual_017,BVMANSKE10,carmen,pulvinus,__missing__,5,0,no claro | no claro | no visible | no visible | no claro
individual_017,BVMANSKE10,carmen,tendrils,absent,5,5,ausentes | ausentes | ausentes | ausentes | ausentes
individual_017,BVMANSKE10,carmen,damage,present,5,5,presente | presente | presente | presente | presente
individual_018,ANPLEOVA1,carmen,leaf_relative_position,opposite,5,4,no claro | opuesta | opuesta | opuesta | opuesta
individual_018,ANPLEOVA1,carmen,leaf_spacing,distal,5,4,no claro | distales | distales | distales | distales
individual_018,ANPLEOVA1,carmen,leaf_complexity_type,compound,5,4,no claro | compuesta | compuesta | simple | compuesta
individual_018,ANPLEOVA1,carmen,compound_leaf_type,odd-pinnate,5,3,N/A | imparipinnada | imparipinnada | N/A | imparipinnada
individual_018,ANPLEOVA1,carmen,leaflet_arrangement,opposite,5,3,N/A | opuesto | opuesto | N/A | opuesto
individual_018,ANPLEOVA1,carmen,leaf_margin,entire,5,5,entero | entero | entero | entero | entero
individual_018,ANPLEOVA1,carmen,leaf_shape,elliptic,5,5,eliptica | eliptica | eliptica | eliptica | eliptica
individual_018,ANPLEOVA1,carmen,leaf_apex,acute,5,5,acuminado | agudo | agudo | agudo | agudo
individual_018,ANPLEOVA1,carmen,leaf_base,cuneate,5,5,redondeada | cuneada | cuneada | cuneada | cuneada
individual_018,ANPLEOVA1,carmen,venation,pinnate,5,5,pinnada | pinnada | pinnada | pinnada | pinnada
individual_018,ANPLEOVA1,carmen,leaf_trichomes,absent,5,3,no visible | ausente | no claro | ausente | ausente
individual_018,ANPLEOVA1,carmen,petiole_length,long,5,4,no claro | largo | largo | largo | largo
individual_018,ANPLEOVA1,carmen,petiole_features,terete,5,3,no visible | terete | no claro | terete | terete
individual_018,ANPLEOVA1,carmen,stem_type,herbaceous,5,5,herbaceo | herbaceo | herbaceo | herbaceo | herbaceo
individual_018,ANPLEOVA1,carmen,stem_trichomes,absent,5,2,no visible | ausente | no claro | no claro | ausente
individual_018,ANPLEOVA1,carmen,stem_texture,smooth,5,2,lisa | no claro | no claro | no claro | lisa
individual_018,ANPLEOVA1,carmen,stipules,absent,5,1,no visible | no claro | no visible | no visible | ausentes
individual_018,ANPLEOVA1,carmen,latex,__missing__,5,0,no visible | no observado | no visible | no observado | no observado
individual_018,ANPLEOVA1,carmen,pulvinus,__missing__,5,0,no visible | no claro | no claro | no claro | no claro
individual_018,ANPLEOVA1,carmen,tendrils,absent,5,4,ausentes | ausentes | no claro | ausentes | ausentes
individual_018,ANPLEOVA1,carmen,damage,present,5,5,presente | presente | presente | ausente | presente
individual_019,OLSTIZRI3,carmen,leaf_relative_position,opposite,5,4,no claro | opuesta | opuesta | opuesta | opuesta
individual_019,OLSTIZRI3,carmen,leaf_spacing,distal,5,4,no claro | distales | distales | distales | distales
individual_019,OLSTIZRI3,carmen,leaf_complexity_type,compound,5,5,compuesta | compuesta | compuesta | compuesta | compuesta
individual_019,OLSTIZRI3,carmen,compound_leaf_type,odd-pinnate,5,5,imparipinnada | imparipinnada | imparipinnada | imparipinnada | imparipinnada
individual_019,OLSTIZRI3,carmen,leaflet_arrangement,opposite,5,5,opuesto | opuesto | opuesto | opuesto | opuesto
individual_019,OLSTIZRI3,carmen,leaf_margin,toothed,5,5,dentado | dentado | dentado | dentado | dentado
individual_019,OLSTIZRI3,carmen,leaf_shape,elliptic,5,5,eliptica | eliptica | eliptica | eliptica | eliptica
individual_019,OLSTIZRI3,carmen,leaf_apex,acute,5,5,agudo | agudo | agudo | agudo | agudo
individual_019,OLSTIZRI3,carmen,leaf_base,cordate,5,5,cordada | cordada | cordada | cordada | cordada
individual_019,OLSTIZRI3,carmen,venation,pinnate,5,5,pinnada | pinnada | pinnada | pinnada | pinnada
individual_019,OLSTIZRI3,carmen,leaf_trichomes,absent,5,5,ausente | ausente | ausente | ausente | ausente
individual_019,OLSTIZRI3,carmen,petiole_length,long,5,5,largo | largo | largo | largo | largo
individual_019,OLSTIZRI3,carmen,petiole_features,terete,5,5,terete | terete | terete | terete | terete
individual_019,OLSTIZRI3,carmen,stem_type,herbaceous,5,5,herbaceo | herbaceo | herbaceo | herbaceo | herbaceo
individual_019,OLSTIZRI3,carmen,stem_trichomes,absent,5,3,no visible | no claro | ausente | ausente | ausente
individual_019,OLSTIZRI3,carmen,stem_texture,smooth,5,2,no visible | no claro | lisa | no claro | lisa
individual_019,OLSTIZRI3,carmen,stipules,present,5,2,no claro | no claro | presentes | no claro | presentes
individual_019,OLSTIZRI3,carmen,latex,__missing__,5,0,no observado | no observado | no observado | no observado | no observado
individual_019,OLSTIZRI3,carmen,pulvinus,present,5,4,presente  basal | presente  basal | presente  basal | no claro | presente  basal
individual_019,OLSTIZRI3,carmen,tendrils,absent,5,5,ausentes | ausentes | ausentes | ausentes | ausentes
individual_019,OLSTIZRI3,carmen,damage,present,5,5,presente | presente | presente | ausente | ausente
individual_020,CHPAR1PY2,carmen,leaf_relative_position,opposite,5,2,no visible | opuesta | no claro | no claro | opuesta
individual_020,CHPAR1PY2,carmen,leaf_spacing,clustered,5,3,no visible | distales | no visible | agrupada | agrupada
individual_020,CHPAR1PY2,carmen,leaf_complexity_type,simple,5,5,simple | simple | simple | simple | simple
individual_020,CHPAR1PY2,carmen,compound_leaf_type,__missing__,5,0,N/A | N/A | N/A | N/A | N/A
individual_020,CHPAR1PY2,carmen,leaflet_arrangement,__missing__,5,0,N/A | N/A | N/A | N/A | N/A
individual_020,CHPAR1PY2,carmen,leaf_margin,entire,5,5,entero | entero | entero | entero | entero
individual_020,CHPAR1PY2,carmen,leaf_shape,elliptic,5,5,eliptica | eliptica | eliptica | eliptica | eliptica
individual_020,CHPAR1PY2,carmen,leaf_apex,acuminate,5,5,acuminado | acuminado | acuminado | acuminado | acuminado
individual_020,CHPAR1PY2,carmen,leaf_base,cuneate,5,5,cuneada | cuneada | cuneada | cuneada | cuneada
individual_020,CHPAR1PY2,carmen,venation,pinnate,5,5,pinnada | pinnada | pinnada | pinnada | pinnada
individual_020,CHPAR1PY2,carmen,leaf_trichomes,absent,5,5,ausente | ausente | ausente | ausente | ausente
individual_020,CHPAR1PY2,carmen,petiole_length,short,5,4,no visible | corto | corto | corto | corto
individual_020,CHPAR1PY2,carmen,petiole_features,terete,5,3,no visible | no claro | terete | terete | terete
individual_020,CHPAR1PY2,carmen,stem_type,herbaceous,5,5,herbaceo | herbaceo | herbaceo | herbaceo | leñoso
individual_020,CHPAR1PY2,carmen,stem_trichomes,absent,5,3,ausente | ausente | no claro | no visible | ausente
individual_020,CHPAR1PY2,carmen,stem_texture,smooth,5,1,no claro | no claro | no claro | no claro | lisa
individual_020,CHPAR1PY2,carmen,stipules,absent,5,1,no visible | no claro | no visible | no claro | ausentes
individual_020,CHPAR1PY2,carmen,latex,__missing__,5,0,no observado | no observado | no observado | no observado | no observado
individual_020,CHPAR1PY2,carmen,pulvinus,absent,5,1,no visible | no visible | no claro | no visible | ausente
individual_020,CHPAR1PY2,carmen,tendrils,absent,5,5,ausentes | ausentes | ausentes | ausentes | ausentes
individual_020,CHPAR1PY2,carmen,damage,present,5,5,presente | presente | presente | presente | presente
individual_021,METYNACR4,carmen,leaf_relative_position,opposite,5,2,no visible | no claro | no visible | opuesta | opuesta
individual_021,METYNACR4,carmen,leaf_spacing,distal,5,3,no visible | no visible | agrupada | distales | distales
individual_021,METYNACR4,carmen,leaf_complexity_type,compound,5,5,compuesta | compuesta | compuesta | compuesta | compuesta
individual_021,METYNACR4,carmen,compound_leaf_type,odd-pinnate,5,5,imparipinnada | imparipinnada | imparipinnada | imparipinnada | imparipinnada
individual_021,METYNACR4,carmen,leaflet_arrangement,opposite,5,5,opuesto | opuesto | opuesto | opuesto | opuesto
individual_021,METYNACR4,carmen,leaf_margin,entire,5,5,entero | entero | entero | entero | entero
individual_021,METYNACR4,carmen,leaf_shape,elliptic,5,5,eliptica | eliptica | eliptica | eliptica | eliptica
individual_021,METYNACR4,carmen,leaf_apex,acute,5,5,agudo | agudo | agudo | agudo | agudo
individual_021,METYNACR4,carmen,leaf_base,cordate,5,5,cordada | cordada | cordada | cordada | cordada
individual_021,METYNACR4,carmen,venation,pinnate,5,5,pinnada | pinnada | pinnada | pinnada | pinnada
individual_021,METYNACR4,carmen,leaf_trichomes,absent,5,5,ausente | ausente | ausente | ausente | ausente
individual_021,METYNACR4,carmen,petiole_length,long,5,5,largo | largo | largo | largo | largo
individual_021,METYNACR4,carmen,petiole_features,terete,5,5,terete | terete | terete | terete | terete
individual_021,METYNACR4,carmen,stem_type,herbaceous,5,4,herbaceo | herbaceo | no visible | herbaceo | herbaceo
individual_021,METYNACR4,carmen,stem_trichomes,absent,5,3,no visible | ausente | no visible | ausente | ausente
individual_021,METYNACR4,carmen,stem_texture,smooth,5,3,no claro | lisa | no visible | lisa | lisa
individual_021,METYNACR4,carmen,stipules,absent,5,2,ausentes | ausentes | no visible | no visible | no visible
individual_021,METYNACR4,carmen,latex,__missing__,5,0,no observado | no observado | no observado | no observado | no observado
individual_021,METYNACR4,carmen,pulvinus,absent,5,2,no visible | no visible | no visible | ausente | ausente
individual_021,METYNACR4,carmen,tendrils,absent,5,5,ausentes | ausentes | ausentes | ausentes | ausentes
individual_021,METYNACR4,carmen,damage,present,5,5,presente | presente | presente | presente | presente
individual_022,SHCORDBI3,carmen,leaf_relative_position,opposite,5,3,opuesta | opuesta | no claro | no claro | alterna
individual_022,SHCORDBI3,carmen,leaf_spacing,clustered,5,5,agrupada | agrupada | agrupada | agrupada | distales
individual_022,SHCORDBI3,carmen,leaf_complexity_type,simple,5,5,simple | simple | simple | simple | simple
individual_022,SHCORDBI3,carmen,compound_leaf_type,__missing__,5,0,N/A | N/A | N/A | N/A | N/A
individual_022,SHCORDBI3,carmen,leaflet_arrangement,__missing__,5,0,N/A | N/A | N/A | N/A | N/A
individual_022,SHCORDBI3,carmen,leaf_margin,toothed,5,5,dentado | dentado | dentado | dentado | dentado
individual_022,SHCORDBI3,carmen,leaf_shape,lanceolate,5,5,lanceolada | lanceolada | lanceolada | lanceolada | lanceolada
individual_022,SHCORDBI3,carmen,leaf_apex,acute,5,3,agudo | no claro | agudo | acuminado | no visible
individual_022,SHCORDBI3,carmen,leaf_base,cuneate,5,5,cuneada | cuneada | cuneada | cuneada | cuneada
individual_022,SHCORDBI3,carmen,venation,pinnate,5,5,pinnada | pinnada | pinnada | pinnada | pinnada
individual_022,SHCORDBI3,carmen,leaf_trichomes,absent,5,5,ausente | ausente | ausente | ausente | ausente
individual_022,SHCORDBI3,carmen,petiole_length,short,5,2,no claro | no visible | no claro | corto | corto
individual_022,SHCORDBI3,carmen,petiole_features,terete,5,1,no claro | no visible | no visible | no visible | terete
individual_022,SHCORDBI3,carmen,stem_type,herbaceous,5,2,herbaceo | no visible | no visible | no visible | leñoso
individual_022,SHCORDBI3,carmen,stem_trichomes,absent,5,1,no visible | no visible | no visible | no visible | ausente
individual_022,SHCORDBI3,carmen,stem_texture,lenticellate,5,1,no claro | no visible | no visible | no visible | lenticelado
individual_022,SHCORDBI3,carmen,stipules,present,5,1,no claro | no visible | no claro | no visible | presentes
individual_022,SHCORDBI3,carmen,latex,__missing__,5,0,no observado | no observado | no observado | no observado | no observado
individual_022,SHCORDBI3,carmen,pulvinus,absent,5,1,ausente | no visible | no visible | no visible | no visible
individual_022,SHCORDBI3,carmen,tendrils,absent,5,5,ausentes | ausentes | ausentes | ausentes | ausentes
individual_022,SHCORDBI3,carmen,damage,present,5,5,presente | presente | presente | presente | presente
individual_023,BAR0010,carmen,leaf_relative_position,alternate,5,3,alterna | alterna | alterna | no claro | no claro
individual_023,BAR0010,carmen,leaf_spacing,distal,5,3,distales | distales | distales | no visible | no visible
individual_023,BAR0010,carmen,leaf_complexity_type,simple,5,5,simple | simple | simple | simple | simple
individual_023,BAR0010,carmen,compound_leaf_type,__missing__,5,0,N/A | N/A | N/A | N/A | N/A
individual_023,BAR0010,carmen,leaflet_arrangement,__missing__,5,0,N/A | N/A | N/A | N/A | N/A
individual_023,BAR0010,carmen,leaf_margin,entire,5,5,entero | entero | entero | entero | entero
individual_023,BAR0010,carmen,leaf_shape,elliptic,5,5,eliptica | eliptica | eliptica | eliptica | eliptica
individual_023,BAR0010,carmen,leaf_apex,acuminate,5,5,acuminado | acuminado | acuminado | acuminado | acuminado
individual_023,BAR0010,carmen,leaf_base,cuneate,5,5,cuneada | cuneada | cuneada | cuneada | cuneada
individual_023,BAR0010,carmen,venation,pinnate,5,5,pinnada | pinnada | pinnada | pinnada | pinnada
individual_023,BAR0010,carmen,leaf_trichomes,absent,5,5,ausente | ausente | ausente | ausente | ausente
individual_023,BAR0010,carmen,petiole_length,long,5,5,corto | largo | largo | largo | largo
individual_023,BAR0010,carmen,petiole_features,terete,5,4,terete | terete | terete | terete | no claro
individual_023,BAR0010,carmen,stem_type,woody,5,2,leñoso | leñoso | no visible | no claro | no claro
individual_023,BAR0010,carmen,stem_trichomes,absent,5,2,ausente | ausente | no visible | no visible | no visible
individual_023,BAR0010,carmen,stem_texture,smooth,5,1,no claro | lisa | no visible | no claro | no visible
individual_023,BAR0010,carmen,stipules,__missing__,5,0,no claro | no claro | no claro | no visible | no visible
individual_023,BAR0010,carmen,latex,__missing__,5,0,no observado | no observado | no observado | no observado | no visible
individual_023,BAR0010,carmen,pulvinus,__missing__,5,0,no claro | no claro | no visible | no visible | no visible
individual_023,BAR0010,carmen,tendrils,absent,5,5,ausentes | ausentes | ausentes | ausentes | ausentes
individual_023,BAR0010,carmen,damage,present,5,5,presente | presente | presente | presente | presente
individual_024,SHCALOLO10,carmen,leaf_relative_position,opposite,4,4,opuesta | opuesta | opuesta | opuesta
individual_024,SHCALOLO10,carmen,leaf_spacing,distal,4,4,distales | distales | distales | agrupada
individual_024,SHCALOLO10,carmen,leaf_complexity_type,simple,4,4,simple | simple | simple | simple
individual_024,SHCALOLO10,carmen,compound_leaf_type,__missing__,4,0,N/A | N/A | N/A | N/A
individual_024,SHCALOLO10,carmen,leaflet_arrangement,__missing__,4,0,N/A | N/A | N/A | N/A
individual_024,SHCALOLO10,carmen,leaf_margin,entire,4,4,entero | entero | entero | entero
individual_024,SHCALOLO10,carmen,leaf_shape,lanceolate,4,4,lanceolada | lanceolada | lanceolada | lanceolada
individual_024,SHCALOLO10,carmen,leaf_apex,obtuse,4,4,obtuso | obtuso | obtuso | obtuso
individual_024,SHCALOLO10,carmen,leaf_base,cuneate,4,4,cuneada | cuneada | cuneada | cuneada
individual_024,SHCALOLO10,carmen,venation,pinnate,4,4,pinnada | pinnada | pinnada | pinnada
individual_024,SHCALOLO10,carmen,leaf_trichomes,absent,4,3,ausente | ausente | ausente | no visible
individual_024,SHCALOLO10,carmen,petiole_length,short,4,4,largo | corto | corto | corto
individual_024,SHCALOLO10,carmen,petiole_features,terete,4,4,terete | terete | terete | terete
individual_024,SHCALOLO10,carmen,stem_type,woody,4,2,no visible | leñoso | leñoso | no visible
individual_024,SHCALOLO10,carmen,stem_trichomes,absent,4,1,no visible | ausente | no claro | no visible
individual_024,SHCALOLO10,carmen,stem_texture,smooth,4,1,no claro | lisa | no claro | no visible
individual_024,SHCALOLO10,carmen,stipules,present,4,3,presentes | presentes | presentes | no visible
individual_024,SHCALOLO10,carmen,latex,__missing__,4,0,no observado | no observado | no observado | no observado
individual_024,SHCALOLO10,carmen,pulvinus,absent,4,2,no visible | ausente | ausente | no claro
individual_024,SHCALOLO10,carmen,tendrils,absent,4,4,ausentes | ausentes | ausentes | ausentes
individual_024,SHCALOLO10,carmen,damage,present,4,4,presente | presente | presente | presente
individual_025,BAR0018,carmen,leaf_relative_position,opposite,5,3,alterna | no claro | no claro | opuesta | opuesta
individual_025,BAR0018,carmen,leaf_spacing,distal,5,3,distales | no claro | no claro | distales | distales
individual_025,BAR0018,carmen,leaf_complexity_type,simple,5,5,simple | simple | simple | simple | simple
individual_025,BAR0018,carmen,compound_leaf_type,__missing__,5,0,N/A | N/A | N/A | N/A | N/A
individual_025,BAR0018,carmen,leaflet_arrangement,__missing__,5,0,N/A | N/A | N/A | N/A | N/A
individual_025,BAR0018,carmen,leaf_margin,entire,5,5,entero | entero | entero | entero | entero
individual_025,BAR0018,carmen,leaf_shape,elliptic,5,5,eliptica | eliptica | eliptica | eliptica | eliptica
individual_025,BAR0018,carmen,leaf_apex,acuminate,5,5,acuminado | acuminado | acuminado | acuminado | acuminado
individual_025,BAR0018,carmen,leaf_base,cuneate,5,5,cuneada | cuneada | cuneada | cuneada | cuneada
individual_025,BAR0018,carmen,venation,pinnate,5,5,pinnada | pinnada | pinnada | pinnada | pinnada
individual_025,BAR0018,carmen,leaf_trichomes,absent,5,5,ausente | ausente | ausente | ausente | ausente
individual_025,BAR0018,carmen,petiole_length,short,5,3,corto | no claro | no claro | corto | corto
individual_025,BAR0018,carmen,petiole_features,terete,5,1,no claro | no visible | no visible | no claro | terete
individual_025,BAR0018,carmen,stem_type,__missing__,5,0,no claro | no visible | no visible | no claro | no visible
individual_025,BAR0018,carmen,stem_trichomes,__missing__,5,0,no visible | no visible | no visible | no visible | no visible
individual_025,BAR0018,carmen,stem_texture,__missing__,5,0,no claro | no visible | no visible | no claro | no visible
individual_025,BAR0018,carmen,stipules,__missing__,5,0,no claro | no visible | no visible | no visible | no visible
individual_025,BAR0018,carmen,latex,__missing__,5,0,no observado | no visible | no visible | no observado | no observado
individual_025,BAR0018,carmen,pulvinus,__missing__,5,0,no visible | no visible | no visible | no claro | no visible
individual_025,BAR0018,carmen,tendrils,absent,5,5,ausentes | ausentes | ausentes | ausentes | ausentes
individual_025,BAR0018,carmen,damage,present,5,5,presente | presente | presente | presente | presente
individual_026,OLHIPPVO7,carmen,leaf_relative_position,opposite,5,5,opuesta | opuesta | opuesta | opuesta | opuesta
individual_026,OLHIPPVO7,carmen,leaf_spacing,distal,5,5,distales | distales | distales | distales | distales
individual_026,OLHIPPVO7,carmen,leaf_complexity_type,simple,5,5,simple | simple | simple | simple | simple
individual_026,OLHIPPVO7,carmen,compound_leaf_type,__missing__,5,0,N/A | N/A | N/A | N/A | N/A
individual_026,OLHIPPVO7,carmen,leaflet_arrangement,__missing__,5,0,N/A | N/A | N/A | N/A | N/A
individual_026,OLHIPPVO7,carmen,leaf_margin,toothed,5,5,dentado | dentado | dentado | dentado | dentado
individual_026,OLHIPPVO7,carmen,leaf_shape,elliptic,5,5,eliptica | eliptica | eliptica | eliptica | eliptica
individual_026,OLHIPPVO7,carmen,leaf_apex,acuminate,5,5,acuminado | acuminado | acuminado | acuminado | acuminado
individual_026,OLHIPPVO7,carmen,leaf_base,cuneate,5,5,cuneada | cuneada | cuneada | cuneada | cuneada
individual_026,OLHIPPVO7,carmen,venation,pinnate,5,5,pinnada | pinnada | pinnada | pinnada | pinnada
individual_026,OLHIPPVO7,carmen,leaf_trichomes,absent,5,5,ausente | ausente | ausente | ausente | ausente
individual_026,OLHIPPVO7,carmen,petiole_length,sessile,5,4,no claro | ausente | ausente | ausente | ausente
individual_026,OLHIPPVO7,carmen,petiole_features,__missing__,5,0,no claro | ausente | no visible | no visible | ausente
individual_026,OLHIPPVO7,carmen,stem_type,herbaceous,5,3,leñoso | no claro | no claro | herbaceo | herbaceo
individual_026,OLHIPPVO7,carmen,stem_trichomes,absent,5,2,no visible | no visible | ausente | no visible | ausente
individual_026,OLHIPPVO7,carmen,stem_texture,smooth,5,3,lisa | no claro | lisa | no claro | lisa
individual_026,OLHIPPVO7,carmen,stipules,absent,5,1,no visible | no visible | no claro | no claro | ausentes
individual_026,OLHIPPVO7,carmen,latex,__missing__,5,0,no observado | no observado | no observado | no observado | no observado
individual_026,OLHIPPVO7,carmen,pulvinus,absent,5,4,ausente | no visible | ausente | ausente | ausente
individual_026,OLHIPPVO7,carmen,tendrils,absent,5,5,ausentes | ausentes | ausentes | ausentes | ausentes
individual_026,OLHIPPVO7,carmen,damage,present,5,5,presente | presente | presente | presente | presente
individual_027,BAR0482,carmen,leaf_relative_position,__missing__,5,0,no visible | no claro | no visible | no claro | no claro
individual_027,BAR0482,carmen,leaf_spacing,__missing__,5,0,no visible | no claro | no visible | no claro | no claro
individual_027,BAR0482,carmen,leaf_complexity_type,simple,5,3,no visible | simple | no visible | simple | simple
individual_027,BAR0482,carmen,compound_leaf_type,__missing__,5,0,N/A | N/A | N/A | N/A | N/A
individual_027,BAR0482,carmen,leaflet_arrangement,__missing__,5,0,N/A | N/A | N/A | N/A | N/A
individual_027,BAR0482,carmen,leaf_margin,entire,5,5,entero | entero | entero | entero | entero
individual_027,BAR0482,carmen,leaf_shape,elliptic,5,5,eliptica | eliptica | eliptica | eliptica | eliptica
individual_027,BAR0482,carmen,leaf_apex,acuminate,5,5,acuminado | acuminado | acuminado | acuminado | acuminado
individual_027,BAR0482,carmen,leaf_base,rounded,5,5,redondeada | redondeada | redondeada | redondeada | redondeada
individual_027,BAR0482,carmen,venation,pinnate,5,5,pinnada | pinnada | pinnada | pinnada | pinnada
individual_027,BAR0482,carmen,leaf_trichomes,absent,5,5,ausente | ausente | ausente | ausente | ausente
individual_027,BAR0482,carmen,petiole_length,long,5,3,no visible | largo | no visible | largo | largo
individual_027,BAR0482,carmen,petiole_features,terete,5,3,no visible | terete | no visible | terete | terete
individual_027,BAR0482,carmen,stem_type,woody,5,3,no claro | leñoso | no visible | leñoso | leñoso
individual_027,BAR0482,carmen,stem_trichomes,absent,5,3,no claro | ausente | no visible | ausente | ausente
individual_027,BAR0482,carmen,stem_texture,smooth,5,2,no claro | lisa | no visible | lisa | no claro
individual_027,BAR0482,carmen,stipules,present,5,3,no visible | ausentes | no visible | presentes | presentes
individual_027,BAR0482,carmen,latex,__missing__,5,0,no visible | no observado | no visible | no observado | no observado
individual_027,BAR0482,carmen,pulvinus,absent,5,3,no visible | ausente | no visible | ausente | ausente
individual_027,BAR0482,carmen,tendrils,absent,5,3,no visible | ausentes | no visible | ausentes | ausentes
individual_027,BAR0482,carmen,damage,absent,5,5,ausente | ausente | ausente | ausente | ausente
individual_028,BVMAYTSC9,carmen,leaf_relative_position,alternate,5,5,alterna | alterna | alterna | alterna | alterna
individual_028,BVMAYTSC9,carmen,leaf_spacing,distal,5,5,distales | distales | distales | distales | distales
individual_028,BVMAYTSC9,carmen,leaf_complexity_type,simple,5,5,simple | simple | simple | simple | simple
individual_028,BVMAYTSC9,carmen,compound_leaf_type,__missing__,5,0,N/A | N/A | N/A | N/A | N/A
individual_028,BVMAYTSC9,carmen,leaflet_arrangement,__missing__,5,0,N/A | N/A | N/A | N/A | N/A
individual_028,BVMAYTSC9,carmen,leaf_margin,entire,5,5,entero | entero | entero | entero | entero
individual_028,BVMAYTSC9,carmen,leaf_shape,lanceolate,5,5,lanceolada | lanceolada | lanceolada | lanceolada | lanceolada
individual_028,BVMAYTSC9,carmen,leaf_apex,acuminate,5,5,acuminado | acuminado | acuminado | acuminado | acuminado
individual_028,BVMAYTSC9,carmen,leaf_base,cuneate,5,5,cuneada | cuneada | cuneada | cuneada | cuneada
individual_028,BVMAYTSC9,carmen,venation,pinnate,5,5,pinnada | pinnada | pinnada | pinnada | pinnada
individual_028,BVMAYTSC9,carmen,leaf_trichomes,absent,5,5,ausente | ausente | ausente | ausente | ausente
individual_028,BVMAYTSC9,carmen,petiole_length,short,5,5,corto | corto | corto | corto | corto
individual_028,BVMAYTSC9,carmen,petiole_features,terete,5,5,terete | terete | terete | terete | terete
individual_028,BVMAYTSC9,carmen,stem_type,woody,5,5,leñoso | leñoso | leñoso | leñoso | leñoso
individual_028,BVMAYTSC9,carmen,stem_trichomes,absent,5,5,ausente | ausente | ausente | ausente | ausente
individual_028,BVMAYTSC9,carmen,stem_texture,smooth,5,5,lisa | lisa | lisa | lisa | lisa
individual_028,BVMAYTSC9,carmen,stipules,present,5,4,presentes | no claro | presentes | presentes | presentes
individual_028,BVMAYTSC9,carmen,latex,__missing__,5,0,no observado | no observado | no observado | no observado | no observado
individual_028,BVMAYTSC9,carmen,pulvinus,absent,5,5,ausente | ausente | ausente | ausente | ausente
individual_028,BVMAYTSC9,carmen,tendrils,absent,5,5,ausentes | ausentes | ausentes | ausentes | ausentes
individual_028,BVMAYTSC9,carmen,damage,absent,5,5,ausente | ausente | ausente | ausente | ausente
individual_029,MEPERIPR9,carmen,leaf_relative_position,opposite,5,5,opuesta | opuesta | opuesta | opuesta | opuesta
individual_029,MEPERIPR9,carmen,leaf_spacing,distal,5,5,distales | distales | distales | distales | distales
individual_029,MEPERIPR9,carmen,leaf_complexity_type,simple,5,5,simple | simple | simple | simple | simple
individual_029,MEPERIPR9,carmen,compound_leaf_type,__missing__,5,0,N/A | N/A | N/A | N/A | N/A
individual_029,MEPERIPR9,carmen,leaflet_arrangement,__missing__,5,0,N/A | N/A | N/A | N/A | N/A
individual_029,MEPERIPR9,carmen,leaf_margin,entire,5,5,entero | entero | entero | entero | entero
individual_029,MEPERIPR9,carmen,leaf_shape,lanceolate,5,5,lanceolada | lanceolada | lanceolada | lanceolada | lanceolada
individual_029,MEPERIPR9,carmen,leaf_apex,acute,5,5,agudo | agudo | agudo | agudo | agudo
individual_029,MEPERIPR9,carmen,leaf_base,cuneate,5,5,cuneada | cuneada | cuneada | cuneada | cuneada
individual_029,MEPERIPR9,carmen,venation,pinnate,5,5,pinnada | pinnada | pinnada | pinnada | pinnada
individual_029,MEPERIPR9,carmen,leaf_trichomes,absent,5,5,ausente | ausente | ausente | ausente | ausente
individual_029,MEPERIPR9,carmen,petiole_length,short,5,5,corto | corto | corto | corto | corto
individual_029,MEPERIPR9,carmen,petiole_features,terete,5,5,terete | terete | terete | terete | terete
individual_029,MEPERIPR9,carmen,stem_type,woody,5,5,leñoso | leñoso | leñoso | leñoso | leñoso
individual_029,MEPERIPR9,carmen,stem_trichomes,absent,5,5,ausente | ausente | ausente | ausente | ausente
individual_029,MEPERIPR9,carmen,stem_texture,smooth,5,5,lisa | lisa | lisa | lisa | lisa
individual_029,MEPERIPR9,carmen,stipules,present,5,4,no claro | presentes | presentes | presentes | presentes
individual_029,MEPERIPR9,carmen,latex,__missing__,5,0,no observado | no observado | no observado | no observado | no observado
individual_029,MEPERIPR9,carmen,pulvinus,absent,5,5,ausente | ausente | ausente | ausente | ausente
individual_029,MEPERIPR9,carmen,tendrils,absent,5,5,ausentes | ausentes | ausentes | ausentes | ausentes
individual_029,MEPERIPR9,carmen,damage,present,5,5,presente | presente | presente | presente | presente
individual_030,BAR0305,carmen,leaf_relative_position,opposite,5,5,opuesta | opuesta | opuesta | opuesta | opuesta
individual_030,BAR0305,carmen,leaf_spacing,distal,5,5,distales | distales | distales | distales | distales
individual_030,BAR0305,carmen,leaf_complexity_type,simple,5,5,simple | simple | simple | simple | simple
individual_030,BAR0305,carmen,compound_leaf_type,__missing__,5,0,N/A | N/A | N/A | N/A | N/A
individual_030,BAR0305,carmen,leaflet_arrangement,__missing__,5,0,N/A | N/A | N/A | N/A | N/A
individual_030,BAR0305,carmen,leaf_margin,entire,5,5,entero | entero | entero | entero | entero
individual_030,BAR0305,carmen,leaf_shape,lanceolate,5,5,lanceolada | lanceolada | lanceolada | lanceolada | lanceolada
individual_030,BAR0305,carmen,leaf_apex,acute,5,4,agudo | agudo | no claro | agudo | agudo
individual_030,BAR0305,carmen,leaf_base,cuneate,5,5,cuneada | cuneada | cuneada | cuneada | cuneada
individual_030,BAR0305,carmen,venation,pinnate,5,5,pinnada | pinnada | pinnada | pinnada | pinnada
individual_030,BAR0305,carmen,leaf_trichomes,absent,5,5,ausente | ausente | ausente | ausente | ausente
individual_030,BAR0305,carmen,petiole_length,short,5,5,corto | corto | corto | corto | corto
individual_030,BAR0305,carmen,petiole_features,terete,5,5,terete | terete | terete | terete | terete
individual_030,BAR0305,carmen,stem_type,woody,5,5,leñoso | leñoso | leñoso | leñoso | leñoso
individual_030,BAR0305,carmen,stem_trichomes,absent,5,3,ausente | ausente | no claro | ausente | no claro
individual_030,BAR0305,carmen,stem_texture,lenticellate,5,2,no claro | no claro | lenticelado | lenticelado | no claro
individual_030,BAR0305,carmen,stipules,present,5,4,presentes | presentes | presentes | presentes | no claro
individual_030,BAR0305,carmen,latex,__missing__,5,0,no observado | no observado | no observado | no observado | no observado
individual_030,BAR0305,carmen,pulvinus,absent,5,5,ausente | ausente | ausente | ausente | ausente
individual_030,BAR0305,carmen,tendrils,absent,5,5,ausentes | ausentes | ausentes | ausentes | ausentes
individual_030,BAR0305,carmen,damage,present,5,5,presente | presente | presente | ausente | ausente
individual_031,SHTONTOV3,carmen,leaf_relative_position,opposite,5,5,opuesta | opuesta | opuesta | opuesta | opuesta
individual_031,SHTONTOV3,carmen,leaf_spacing,distal,5,5,distales | distales | distales | distales | distales
individual_031,SHTONTOV3,carmen,leaf_complexity_type,simple,5,5,simple | simple | simple | simple | simple
individual_031,SHTONTOV3,carmen,compound_leaf_type,__missing__,5,0,N/A | N/A | N/A | N/A | N/A
individual_031,SHTONTOV3,carmen,leaflet_arrangement,__missing__,5,0,N/A | N/A | N/A | N/A | N/A
individual_031,SHTONTOV3,carmen,leaf_margin,entire,5,5,entero | entero | entero | entero | entero
individual_031,SHTONTOV3,carmen,leaf_shape,lanceolate,5,5,lanceolada | lanceolada | lanceolada | lanceolada | lanceolada
individual_031,SHTONTOV3,carmen,leaf_apex,acute,5,4,agudo | agudo | agudo | agudo | no claro
individual_031,SHTONTOV3,carmen,leaf_base,cuneate,5,5,cuneada | cuneada | cuneada | cuneada | cuneada
individual_031,SHTONTOV3,carmen,venation,pinnate,5,5,pinnada | pinnada | pinnada | pinnada | pinnada
individual_031,SHTONTOV3,carmen,leaf_trichomes,absent,5,5,ausente | ausente | ausente | ausente | ausente
individual_031,SHTONTOV3,carmen,petiole_length,short,5,5,corto | corto | corto | corto | corto
individual_031,SHTONTOV3,carmen,petiole_features,terete,5,5,terete | terete | terete | terete | terete
individual_031,SHTONTOV3,carmen,stem_type,herbaceous,5,5,herbaceo | herbaceo | leñoso | herbaceo | herbaceo
individual_031,SHTONTOV3,carmen,stem_trichomes,absent,5,5,ausente | ausente | ausente | ausente | ausente
individual_031,SHTONTOV3,carmen,stem_texture,smooth,5,5,lisa | lisa | lisa | lisa | lisa
individual_031,SHTONTOV3,carmen,stipules,present,5,5,presentes | presentes | presentes | presentes | presentes
individual_031,SHTONTOV3,carmen,latex,__missing__,5,0,no observado | no observado | no observado | no observado | no observado
individual_031,SHTONTOV3,carmen,pulvinus,absent,5,4,ausente | ausente | no claro | ausente | ausente
individual_031,SHTONTOV3,carmen,tendrils,absent,5,5,ausentes | ausentes | ausentes | ausentes | ausentes
individual_031,SHTONTOV3,carmen,damage,present,5,5,presente | presente | presente | presente | presente
individual_032,ANHIRTRA4,carmen,leaf_relative_position,alternate,5,5,alterna | alterna | alterna | alterna | alterna
individual_032,ANHIRTRA4,carmen,leaf_spacing,distal,5,5,distales | distales | distales | distales | distales
individual_032,ANHIRTRA4,carmen,leaf_complexity_type,simple,5,5,simple | simple | simple | simple | simple
individual_032,ANHIRTRA4,carmen,compound_leaf_type,__missing__,5,0,N/A | N/A | N/A | N/A | N/A
individual_032,ANHIRTRA4,carmen,leaflet_arrangement,__missing__,5,0,N/A | N/A | N/A | N/A | N/A
individual_032,ANHIRTRA4,carmen,leaf_margin,entire,5,5,entero | entero | entero | entero | entero
individual_032,ANHIRTRA4,carmen,leaf_shape,lanceolate,5,5,lanceolada | lanceolada | lanceolada | lanceolada | lanceolada
individual_032,ANHIRTRA4,carmen,leaf_apex,acuminate,5,5,acuminado | acuminado | acuminado | acuminado | acuminado
individual_032,ANHIRTRA4,carmen,leaf_base,cuneate,5,5,cuneada | cuneada | cuneada | cuneada | cuneada
individual_032,ANHIRTRA4,carmen,venation,pinnate,5,5,pinnada | pinnada | pinnada | pinnada | pinnada
individual_032,ANHIRTRA4,carmen,leaf_trichomes,absent,5,1,no visible | no visible | no visible | no claro | ausente
individual_032,ANHIRTRA4,carmen,petiole_length,short,5,1,no claro | no claro | no claro | no visible | corto
individual_032,ANHIRTRA4,carmen,petiole_features,terete,5,1,no visible | no visible | no visible | no visible | terete
individual_032,ANHIRTRA4,carmen,stem_type,woody,5,5,leñoso | leñoso | leñoso | leñoso | leñoso
individual_032,ANHIRTRA4,carmen,stem_trichomes,absent,5,2,ausente | no visible | no visible | no visible | ausente
individual_032,ANHIRTRA4,carmen,stem_texture,smooth,5,2,no claro | no claro | no claro | lisa | lisa
individual_032,ANHIRTRA4,carmen,stipules,__missing__,5,0,no visible | no visible | no visible | no visible | no claro
individual_032,ANHIRTRA4,carmen,latex,__missing__,5,0,no observado | no observado | no visible | no visible | no observado
individual_032,ANHIRTRA4,carmen,pulvinus,absent,5,1,no visible | no visible | no visible | no visible | ausente
individual_032,ANHIRTRA4,carmen,tendrils,absent,5,5,ausentes | ausentes | ausentes | ausentes | ausentes
individual_032,ANHIRTRA4,carmen,damage,present,5,5,presente | presente | presente | presente | presente
individual_033,SRLICAHY3,carmen,leaf_relative_position,alternate,5,5,alterna | alterna | alterna | alterna | alterna
individual_033,SRLICAHY3,carmen,leaf_spacing,distal,5,5,distales | distales | distales | distales | distales
individual_033,SRLICAHY3,carmen,leaf_complexity_type,simple,5,5,simple | simple | simple | simple | simple
individual_033,SRLICAHY3,carmen,compound_leaf_type,__missing__,5,0,N/A | N/A | N/A | N/A | N/A
individual_033,SRLICAHY3,carmen,leaflet_arrangement,__missing__,5,0,N/A | N/A | N/A | N/A | N/A
individual_033,SRLICAHY3,carmen,leaf_margin,entire,5,5,entero | entero | entero | entero | entero
individual_033,SRLICAHY3,carmen,leaf_shape,lanceolate,5,5,lanceolada | lanceolada | lanceolada | lanceolada | lanceolada
individual_033,SRLICAHY3,carmen,leaf_apex,acute,5,5,agudo | agudo | agudo | agudo | agudo
individual_033,SRLICAHY3,carmen,leaf_base,rounded,5,5,redondeada | redondeada | redondeada | redondeada | redondeada
individual_033,SRLICAHY3,carmen,venation,pinnate,5,5,pinnada | pinnada | pinnada | pinnada | pinnada
individual_033,SRLICAHY3,carmen,leaf_trichomes,absent,5,5,ausente | ausente | ausente | ausente | ausente
individual_033,SRLICAHY3,carmen,petiole_length,short,5,5,corto | corto | corto | corto | corto
individual_033,SRLICAHY3,carmen,petiole_features,terete,5,4,no claro | terete | terete | terete | terete
individual_033,SRLICAHY3,carmen,stem_type,woody,5,5,leñoso | leñoso | leñoso | leñoso | leñoso
individual_033,SRLICAHY3,carmen,stem_trichomes,absent,5,5,ausente | ausente | ausente | ausente | ausente
individual_033,SRLICAHY3,carmen,stem_texture,smooth,5,5,lisa | lisa | lisa | lisa | lisa
individual_033,SRLICAHY3,carmen,stipules,present,5,1,no visible | no claro | no visible | presentes | no visible
individual_033,SRLICAHY3,carmen,latex,__missing__,5,0,no visible | no observado | no observado | no observado | no visible
individual_033,SRLICAHY3,carmen,pulvinus,absent,5,4,no visible | ausente | ausente | ausente | ausente
individual_033,SRLICAHY3,carmen,tendrils,absent,5,4,no visible | ausentes | ausentes | ausentes | ausentes
individual_033,SRLICAHY3,carmen,damage,present,5,5,presente | presente | presente | presente | presente
individual_034,SRSYMPGL2,carmen,leaf_relative_position,opposite,5,5,opuesta | opuesta | opuesta | opuesta | opuesta
individual_034,SRSYMPGL2,carmen,leaf_spacing,distal,5,5,distales | distales | distales | distales | distales
individual_034,SRSYMPGL2,carmen,leaf_complexity_type,simple,5,5,simple | simple | simple | simple | simple
individual_034,SRSYMPGL2,carmen,compound_leaf_type,__missing__,5,0,N/A | N/A | N/A | N/A | N/A
individual_034,SRSYMPGL2,carmen,leaflet_arrangement,__missing__,5,0,N/A | N/A | N/A | N/A | N/A
individual_034,SRSYMPGL2,carmen,leaf_margin,entire,5,5,entero | entero | entero | entero | entero
individual_034,SRSYMPGL2,carmen,leaf_shape,lanceolate,5,5,lanceolada | lanceolada | lanceolada | lanceolada | lanceolada
individual_034,SRSYMPGL2,carmen,leaf_apex,acuminate,5,5,agudo | agudo | acuminado | acuminado | acuminado
individual_034,SRSYMPGL2,carmen,leaf_base,cuneate,5,5,cuneada | cuneada | cuneada | cuneada | cuneada
individual_034,SRSYMPGL2,carmen,venation,pinnate,5,5,pinnada | pinnada | pinnada | pinnada | pinnada
individual_034,SRSYMPGL2,carmen,leaf_trichomes,absent,5,5,ausente | ausente | ausente | ausente | ausente
individual_034,SRSYMPGL2,carmen,petiole_length,short,5,5,corto | corto | corto | corto | corto
individual_034,SRSYMPGL2,carmen,petiole_features,terete,5,4,no claro | terete | terete | terete | terete
individual_034,SRSYMPGL2,carmen,stem_type,herbaceous,5,5,herbaceo | herbaceo | herbaceo | herbaceo | herbaceo
individual_034,SRSYMPGL2,carmen,stem_trichomes,absent,5,4,no claro | ausente | ausente | ausente | ausente
individual_034,SRSYMPGL2,carmen,stem_texture,smooth,5,4,no claro | lisa | lisa | lisa | lisa
individual_034,SRSYMPGL2,carmen,stipules,present,5,3,no claro | presentes | presentes | no claro | presentes
individual_034,SRSYMPGL2,carmen,latex,__missing__,5,0,no observado | no observado | no observado | no observado | no observado
individual_034,SRSYMPGL2,carmen,pulvinus,absent,5,4,no claro | ausente | ausente | ausente | ausente
individual_034,SRSYMPGL2,carmen,tendrils,absent,5,5,ausentes | ausentes | ausentes | ausentes | ausentes
individual_034,SRSYMPGL2,carmen,damage,absent,5,5,presente | ausente | ausente | presente | ausente
individual_035,SHTOVOST2,carmen,leaf_relative_position,opposite,5,4,opuesta | opuesta | opuesta | no claro | opuesta
individual_035,SHTOVOST2,carmen,leaf_spacing,distal,5,5,distales | distales | distales | agrupada | distales
individual_035,SHTOVOST2,carmen,leaf_complexity_type,simple,5,5,simple | simple | simple | simple | simple
individual_035,SHTOVOST2,carmen,compound_leaf_type,__missing__,5,0,N/A | N/A | N/A | N/A | N/A
individual_035,SHTOVOST2,carmen,leaflet_arrangement,__missing__,5,0,N/A | N/A | N/A | N/A | N/A
individual_035,SHTOVOST2,carmen,leaf_margin,entire,5,5,entero | entero | entero | entero | entero
individual_035,SHTOVOST2,carmen,leaf_shape,elliptic,5,5,eliptica | eliptica | eliptica | eliptica | eliptica
individual_035,SHTOVOST2,carmen,leaf_apex,acuminate,5,4,acuminado | acuminado | acuminado | acuminado | no visible
individual_035,SHTOVOST2,carmen,leaf_base,cuneate,5,5,cuneada | cuneada | cuneada | cuneada | cuneada
individual_035,SHTOVOST2,carmen,venation,pinnate,5,5,pinnada | pinnada | pinnada | pinnada | pinnada
individual_035,SHTOVOST2,carmen,leaf_trichomes,absent,5,5,ausente | ausente | ausente | ausente | ausente
individual_035,SHTOVOST2,carmen,petiole_length,long,5,5,largo | largo | largo | largo | largo
individual_035,SHTOVOST2,carmen,petiole_features,terete,5,5,terete | terete | terete | terete | terete
individual_035,SHTOVOST2,carmen,stem_type,herbaceous,5,5,herbaceo | herbaceo | herbaceo | herbaceo | herbaceo
individual_035,SHTOVOST2,carmen,stem_trichomes,absent,5,5,ausente | ausente | ausente | ausente | ausente
individual_035,SHTOVOST2,carmen,stem_texture,smooth,5,1,no claro | no claro | no claro | no claro | lisa
individual_035,SHTOVOST2,carmen,stipules,absent,5,3,no claro | ausentes | ausentes | no visible | ausentes
individual_035,SHTOVOST2,carmen,latex,__missing__,5,0,no observado | no observado | no observado | no visible | no observado
individual_035,SHTOVOST2,carmen,pulvinus,absent,5,5,ausente | ausente | ausente | ausente | ausente
individual_035,SHTOVOST2,carmen,tendrils,absent,5,5,ausentes | ausentes | ausentes | ausentes | ausentes
individual_035,SHTOVOST2,carmen,damage,absent,5,5,ausente | ausente | presente | presente | ausente
individual_036,PPTERMOB5,carmen,leaf_relative_position,whorled,5,5,verticilada | verticilada | verticilada | verticilada | verticilada
individual_036,PPTERMOB5,carmen,leaf_spacing,clustered,5,4,no claro | agrupada | agrupada | agrupada | agrupada
individual_036,PPTERMOB5,carmen,leaf_complexity_type,simple,5,5,simple | simple | simple | simple | simple
individual_036,PPTERMOB5,carmen,compound_leaf_type,__missing__,5,0,N/A | N/A | N/A | N/A | N/A
individual_036,PPTERMOB5,carmen,leaflet_arrangement,__missing__,5,0,N/A | N/A | N/A | N/A | N/A
individual_036,PPTERMOB5,carmen,leaf_margin,__missing__,5,0,entero ondulada | entero ondulada | entero ondulada | entero ondulada | entero ondulada
individual_036,PPTERMOB5,carmen,leaf_shape,elliptic,5,5,eliptica | eliptica | eliptica | eliptica | eliptica
individual_036,PPTERMOB5,carmen,leaf_apex,acute,5,4,no claro | agudo | acuminado | agudo | acuminado
individual_036,PPTERMOB5,carmen,leaf_base,cuneate,5,5,cuneada | cuneada | cuneada | cuneada | cuneada
individual_036,PPTERMOB5,carmen,venation,pinnate,5,5,pinnada | pinnada | pinnada | pinnada | pinnada
individual_036,PPTERMOB5,carmen,leaf_trichomes,absent,5,5,ausente | ausente | ausente | ausente | ausente
individual_036,PPTERMOB5,carmen,petiole_length,sessile,5,2,no claro | no visible | no claro | ausente | ausente
individual_036,PPTERMOB5,carmen,petiole_features,__missing__,5,0,no visible | no visible | no visible | ausente | ausente
individual_036,PPTERMOB5,carmen,stem_type,herbaceous,5,4,herbaceo | herbaceo | herbaceo | herbaceo | no claro
individual_036,PPTERMOB5,carmen,stem_trichomes,absent,5,5,ausente | ausente | ausente | ausente | ausente
individual_036,PPTERMOB5,carmen,stem_texture,smooth,5,4,lisa | lisa | lisa | lisa | no claro
individual_036,PPTERMOB5,carmen,stipules,absent,5,2,no visible | no visible | no visible | ausentes | ausentes
individual_036,PPTERMOB5,carmen,latex,__missing__,5,0,no observado | no observado | no visible | no observado | no observado
individual_036,PPTERMOB5,carmen,pulvinus,__missing__,5,0,no visible | no visible | no visible | no claro | no visible
individual_036,PPTERMOB5,carmen,tendrils,absent,5,5,ausentes | ausentes | ausentes | ausentes | ausentes
individual_036,PPTERMOB5,carmen,damage,present,5,5,presente | presente | presente | presente | presente
individual_037,MECNESRU4,carmen,leaf_relative_position,alternate,5,5,alterna | opuesta | alterna | alterna | alterna
individual_037,MECNESRU4,carmen,leaf_spacing,distal,5,4,distales | no visible | distales | distales | distales
individual_037,MECNESRU4,carmen,leaf_complexity_type,compound,5,5,compuesta | simple | compuesta | compuesta | compuesta
individual_037,MECNESRU4,carmen,compound_leaf_type,odd-pinnate,5,4,imparipinnada | N/A | imparipinnada | imparipinnada | imparipinnada
individual_037,MECNESRU4,carmen,leaflet_arrangement,opposite,5,4,opuesto | N/A | opuesto | opuesto | opuesto
individual_037,MECNESRU4,carmen,leaf_margin,entire,5,5,entero | entero | entero | entero | entero
individual_037,MECNESRU4,carmen,leaf_shape,elliptic,5,5,eliptica | eliptica | eliptica | eliptica | eliptica
individual_037,MECNESRU4,carmen,leaf_apex,acute,5,4,agudo | no claro | agudo | agudo | agudo
individual_037,MECNESRU4,carmen,leaf_base,rounded,5,5,redondeada | redondeada | redondeada | redondeada | redondeada
individual_037,MECNESRU4,carmen,venation,pinnate,5,5,pinnada | pinnada | pinnada | pinnada | pinnada
individual_037,MECNESRU4,carmen,leaf_trichomes,absent,5,5,ausente | ausente | ausente | ausente | ausente
individual_037,MECNESRU4,carmen,petiole_length,long,5,4,largo | no visible | largo | largo | largo
individual_037,MECNESRU4,carmen,petiole_features,terete,5,4,terete | no visible | terete | terete | terete
individual_037,MECNESRU4,carmen,stem_type,herbaceous,5,3,herbaceo | no visible | no claro | herbaceo | herbaceo
individual_037,MECNESRU4,carmen,stem_trichomes,__missing__,5,0,no claro | no visible | no claro | no claro | no claro
individual_037,MECNESRU4,carmen,stem_texture,smooth,5,3,lisa | no visible | lisa | no claro | lisa
individual_037,MECNESRU4,carmen,stipules,absent,5,5,ausentes | ausentes | ausentes | ausentes | ausentes
individual_037,MECNESRU4,carmen,latex,__missing__,5,0,no observado | no observado | no observado | no observado | no observado
individual_037,MECNESRU4,carmen,pulvinus,present,5,2,no claro | no visible | presente  basal | no claro | presente  basal
individual_037,MECNESRU4,carmen,tendrils,absent,5,5,ausentes | ausentes | ausentes | ausentes | ausentes
individual_037,MECNESRU4,carmen,damage,present,5,5,presente | ausente | presente | presente | presente
individual_038,ANCONNPA5,carmen,leaf_relative_position,whorled,5,4,no visible | verticilada | verticilada | alterna | alterna
individual_038,ANCONNPA5,carmen,leaf_spacing,clustered,5,5,agrupada | agrupada | agrupada | distales | distales
individual_038,ANCONNPA5,carmen,leaf_complexity_type,simple,5,2,no claro | no claro | no claro | simple | simple
individual_038,ANCONNPA5,carmen,compound_leaf_type,__missing__,5,0,N/A | N/A | N/A | N/A | N/A
individual_038,ANCONNPA5,carmen,leaflet_arrangement,__missing__,5,0,N/A | N/A | N/A | N/A | N/A
individual_038,ANCONNPA5,carmen,leaf_margin,entire,5,5,entero | entero | entero | entero | entero
individual_038,ANCONNPA5,carmen,leaf_shape,elliptic,5,5,eliptica | eliptica | eliptica | eliptica | eliptica
individual_038,ANCONNPA5,carmen,leaf_apex,acuminate,5,5,acuminado | acuminado | acuminado | acuminado | acuminado
individual_038,ANCONNPA5,carmen,leaf_base,cuneate,5,5,cuneada | cuneada | cuneada | cuneada | cuneada
individual_038,ANCONNPA5,carmen,venation,pinnate,5,5,pinnada | pinnada | pinnada | pinnada | pinnada
individual_038,ANCONNPA5,carmen,leaf_trichomes,absent,5,4,no visible | ausente | ausente | ausente | ausente
individual_038,ANCONNPA5,carmen,petiole_length,long,5,5,largo | largo | largo | largo | largo
individual_038,ANCONNPA5,carmen,petiole_features,terete,5,5,terete | terete | terete | terete | terete
individual_038,ANCONNPA5,carmen,stem_type,woody,5,1,no visible | no visible | no visible | no visible | leñoso
individual_038,ANCONNPA5,carmen,stem_trichomes,absent,5,1,no visible | no claro | no visible | no claro | ausente
individual_038,ANCONNPA5,carmen,stem_texture,smooth,5,1,no visible | no visible | no visible | no claro | lisa
individual_038,ANCONNPA5,carmen,stipules,absent,5,1,no visible | no visible | no visible | no visible | ausentes
individual_038,ANCONNPA5,carmen,latex,__missing__,5,0,no visible | no visible | no visible | no observado | no observado
individual_038,ANCONNPA5,carmen,pulvinus,present,5,2,no visible | no visible | no claro | presente  basal | presente  basal
individual_038,ANCONNPA5,carmen,tendrils,absent,5,3,no visible | ausentes | no visible | ausentes | ausentes
individual_038,ANCONNPA5,carmen,damage,present,5,5,presente | presente | presente | presente | ausente
individual_039,PEA0224,carmen,leaf_relative_position,alternate,5,4,alterna | alterna | alterna | alterna | no claro
individual_039,PEA0224,carmen,leaf_spacing,distal,5,5,distales | distales | distales | distales | distales
individual_039,PEA0224,carmen,leaf_complexity_type,simple,5,4,simple | simple | simple | simple | no visible
individual_039,PEA0224,carmen,compound_leaf_type,__missing__,5,0,N/A | N/A | N/A | N/A | N/A
individual_039,PEA0224,carmen,leaflet_arrangement,__missing__,5,0,N/A | N/A | N/A | N/A | N/A
individual_039,PEA0224,carmen,leaf_margin,entire,5,5,entero | entero | entero | entero | entero
individual_039,PEA0224,carmen,leaf_shape,lanceolate,5,5,lanceolada | lanceolada | lanceolada | lanceolada | lanceolada
individual_039,PEA0224,carmen,leaf_apex,acuminate,5,5,acuminado | acuminado | acuminado | acuminado | acuminado
individual_039,PEA0224,carmen,leaf_base,cuneate,5,5,cuneada | cuneada | cuneada | cuneada | cuneada
individual_039,PEA0224,carmen,venation,pinnate,5,5,pinnada | pinnada | pinnada | pinnada | pinnada
individual_039,PEA0224,carmen,leaf_trichomes,absent,5,4,no visible | ausente | ausente | ausente | ausente
individual_039,PEA0224,carmen,petiole_length,short,5,4,ausente | corto | no claro | largo | corto
individual_039,PEA0224,carmen,petiole_features,terete,5,3,ausente | terete | no claro | terete | terete
individual_039,PEA0224,carmen,stem_type,herbaceous,5,4,no claro | herbaceo | herbaceo | herbaceo | herbaceo
individual_039,PEA0224,carmen,stem_trichomes,absent,5,2,no visible | ausente | no claro | no visible | ausente
individual_039,PEA0224,carmen,stem_texture,smooth,5,4,lisa | lisa | lisa | no claro | lisa
individual_039,PEA0224,carmen,stipules,absent,5,4,ausentes | ausentes | ausentes | ausentes | no visible
individual_039,PEA0224,carmen,latex,__missing__,5,0,no observado | no observado | no observado | no observado | no visible
individual_039,PEA0224,carmen,pulvinus,absent,5,2,ausente | no claro | no claro | no visible | ausente
individual_039,PEA0224,carmen,tendrils,absent,5,5,ausentes | ausentes | ausentes | ausentes | ausentes
individual_039,PEA0224,carmen,damage,absent,5,5,ausente | ausente | presente | ausente | ausente
individual_040,OLDICHGE2,carmen,leaf_relative_position,alternate,5,5,alterna | alterna | alterna | alterna | alterna
individual_040,OLDICHGE2,carmen,leaf_spacing,clustered,5,5,agrupada | agrupada | agrupada | agrupada | agrupada
individual_040,OLDICHGE2,carmen,leaf_complexity_type,simple,5,5,simple | simple | simple | simple | simple
individual_040,OLDICHGE2,carmen,compound_leaf_type,__missing__,5,0,N/A | N/A | N/A | N/A | N/A
individual_040,OLDICHGE2,carmen,leaflet_arrangement,__missing__,5,0,N/A | N/A | N/A | N/A | N/A
individual_040,OLDICHGE2,carmen,leaf_margin,entire,5,5,entero | entero | entero | entero | entero
individual_040,OLDICHGE2,carmen,leaf_shape,obovate,5,5,obovada | obovada | obovada | obovada | obovada
individual_040,OLDICHGE2,carmen,leaf_apex,acute,5,5,agudo | agudo | agudo | agudo | agudo
individual_040,OLDICHGE2,carmen,leaf_base,cuneate,5,5,cuneada | cuneada | cuneada | cuneada | cuneada
individual_040,OLDICHGE2,carmen,venation,pinnate,5,5,pinnada | pinnada | pinnada | pinnada | pinnada
individual_040,OLDICHGE2,carmen,leaf_trichomes,absent,5,5,ausente | ausente | ausente | ausente | ausente
individual_040,OLDICHGE2,carmen,petiole_length,short,5,3,corto | no claro | no claro | corto | corto
individual_040,OLDICHGE2,carmen,petiole_features,terete,5,2,no claro | no claro | no claro | terete | terete
individual_040,OLDICHGE2,carmen,stem_type,woody,5,5,leñoso | leñoso | leñoso | leñoso | leñoso
individual_040,OLDICHGE2,carmen,stem_trichomes,absent,5,3,no visible | ausente | no claro | ausente | ausente
individual_040,OLDICHGE2,carmen,stem_texture,smooth,5,4,lisa | lisa | no claro | lisa | lisa
individual_040,OLDICHGE2,carmen,stipules,absent,5,1,no claro | no claro | no visible | ausentes | no claro
individual_040,OLDICHGE2,carmen,latex,__missing__,5,0,no observado | no observado | no observado | no observado | no observado
individual_040,OLDICHGE2,carmen,pulvinus,absent,5,2,no claro | no claro | no claro | ausente | ausente
individual_040,OLDICHGE2,carmen,tendrils,absent,5,5,ausentes | ausentes | ausentes | ausentes | ausentes
individual_040,OLDICHGE2,carmen,damage,present,5,5,presente | presente | presente | presente | presente
individual_041,PEA0166,carmen,leaf_relative_position,alternate,4,3,alterna | alterna | alterna | no visible
individual_041,PEA0166,carmen,leaf_spacing,distal,4,3,distales | distales | distales | no visible
individual_041,PEA0166,carmen,leaf_complexity_type,simple,4,3,simple | simple | simple | no visible
individual_041,PEA0166,carmen,compound_leaf_type,__missing__,4,0,N/A | N/A | N/A | no visible
individual_041,PEA0166,carmen,leaflet_arrangement,__missing__,4,0,N/A | N/A | N/A | no visible
individual_041,PEA0166,carmen,leaf_margin,toothed,4,2,dentado | no claro | dentado | no visible
individual_041,PEA0166,carmen,leaf_shape,elliptic,4,3,eliptica | eliptica | eliptica | no visible
individual_041,PEA0166,carmen,leaf_apex,acuminate,4,2,acuminado | no claro | acuminado | no visible
individual_041,PEA0166,carmen,leaf_base,cuneate,4,3,cuneada | cuneada | cuneada | no visible
individual_041,PEA0166,carmen,venation,pinnate,4,3,pinnada | pinnada | pinnada | no visible
individual_041,PEA0166,carmen,leaf_trichomes,absent,4,2,no claro | ausente | ausente | no visible
individual_041,PEA0166,carmen,petiole_length,long,4,1,largo | no claro | no claro | no visible
individual_041,PEA0166,carmen,petiole_features,terete,4,1,terete | no claro | no claro | no visible
individual_041,PEA0166,carmen,stem_type,woody,4,3,leñoso | leñoso | no visible | leñoso
individual_041,PEA0166,carmen,stem_trichomes,__missing__,4,0,no claro | no claro | no visible | no claro
individual_041,PEA0166,carmen,stem_texture,smooth,4,2,lisa | lisa | no claro | no claro
individual_041,PEA0166,carmen,stipules,__missing__,4,0,no visible | no visible | no claro | no visible
individual_041,PEA0166,carmen,latex,__missing__,4,0,no visible | no visible | no visible | no visible
individual_041,PEA0166,carmen,pulvinus,__missing__,4,0,no claro | no visible | no claro | no visible
individual_041,PEA0166,carmen,tendrils,absent,4,1,no claro | ausentes | no claro | no visible
individual_041,PEA0166,carmen,damage,absent,4,3,ausente | ausente | ausente | no visible
individual_042,BVTET1PO6,carmen,leaf_relative_position,whorled,5,5,verticilada | verticilada | alterna | verticilada | verticilada
individual_042,BVTET1PO6,carmen,leaf_spacing,clustered,5,5,agrupada | agrupada | agrupada | distales | agrupada
individual_042,BVTET1PO6,carmen,leaf_complexity_type,simple,5,5,simple | simple | simple | simple | simple
individual_042,BVTET1PO6,carmen,compound_leaf_type,__missing__,5,0,N/A | N/A | N/A | N/A | N/A
individual_042,BVTET1PO6,carmen,leaflet_arrangement,__missing__,5,0,N/A | N/A | N/A | N/A | N/A
individual_042,BVTET1PO6,carmen,leaf_margin,toothed,5,5,dentado | dentado | dentado | dentado | dentado
individual_042,BVTET1PO6,carmen,leaf_shape,lanceolate,5,5,lanceolada | lanceolada | lanceolada | lanceolada | lanceolada
individual_042,BVTET1PO6,carmen,leaf_apex,acute,5,4,agudo | agudo | agudo | agudo | no claro
individual_042,BVTET1PO6,carmen,leaf_base,cuneate,5,5,cuneada | cuneada | cuneada | cuneada | cuneada
individual_042,BVTET1PO6,carmen,venation,pinnate,5,5,pinnada | pinnada | pinnada | pinnada | pinnada
individual_042,BVTET1PO6,carmen,leaf_trichomes,absent,5,4,ausente | ausente | ausente | no claro | ausente
individual_042,BVTET1PO6,carmen,petiole_length,__missing__,5,0,no claro | no visible | no visible | no visible | no visible
individual_042,BVTET1PO6,carmen,petiole_features,__missing__,5,0,no visible | no visible | no visible | no visible | no visible
individual_042,BVTET1PO6,carmen,stem_type,herbaceous,5,4,herbaceo | no visible | herbaceo | herbaceo | herbaceo
individual_042,BVTET1PO6,carmen,stem_trichomes,present,5,2,no claro | no visible | no claro | presente | presente
individual_042,BVTET1PO6,carmen,stem_texture,ridged,5,1,no claro | no visible | no claro | estriada | no claro
individual_042,BVTET1PO6,carmen,stipules,absent,5,2,no claro | no claro | no claro | ausentes | ausentes
individual_042,BVTET1PO6,carmen,latex,__missing__,5,0,no visible | no observado | no observado | no observado | no observado
individual_042,BVTET1PO6,carmen,pulvinus,absent,5,3,no claro | no visible | ausente | ausente | ausente
individual_042,BVTET1PO6,carmen,tendrils,absent,5,3,no visible | no visible | ausentes | ausentes | ausentes
individual_042,BVTET1PO6,carmen,damage,present,5,5,presente | presente | presente | presente | ausente
individual_043,SRSLOAOB3,carmen,leaf_relative_position,alternate,5,5,opuesta | verticilada | alterna | alterna | alterna
individual_043,SRSLOAOB3,carmen,leaf_spacing,distal,5,5,distales | agrupada | distales | distales | distales
individual_043,SRSLOAOB3,carmen,leaf_complexity_type,simple,5,5,simple | simple | simple | simple | simple
individual_043,SRSLOAOB3,carmen,compound_leaf_type,__missing__,5,0,N/A | N/A | N/A | N/A | N/A
individual_043,SRSLOAOB3,carmen,leaflet_arrangement,__missing__,5,0,N/A | N/A | N/A | N/A | N/A
individual_043,SRSLOAOB3,carmen,leaf_margin,entire,5,5,entero | entero | entero | entero | entero
individual_043,SRSLOAOB3,carmen,leaf_shape,lanceolate,5,5,lanceolada | lanceolada | lanceolada | lanceolada | lanceolada
individual_043,SRSLOAOB3,carmen,leaf_apex,acuminate,5,4,acuminado | acuminado | acuminado | acuminado | no claro
individual_043,SRSLOAOB3,carmen,leaf_base,cuneate,5,5,cuneada | cuneada | cuneada | cuneada | cuneada
individual_043,SRSLOAOB3,carmen,venation,pinnate,5,5,pinnada | pinnada | pinnada | pinnada | pinnada
individual_043,SRSLOAOB3,carmen,leaf_trichomes,absent,5,5,ausente | ausente | ausente | ausente | ausente
individual_043,SRSLOAOB3,carmen,petiole_length,short,5,4,no claro | corto | corto | corto | corto
individual_043,SRSLOAOB3,carmen,petiole_features,terete,5,3,no claro | no claro | terete | terete | terete
individual_043,SRSLOAOB3,carmen,stem_type,woody,5,3,no claro | no visible | leñoso | leñoso | leñoso
individual_043,SRSLOAOB3,carmen,stem_trichomes,absent,5,3,no visible | no visible | ausente | ausente | ausente
individual_043,SRSLOAOB3,carmen,stem_texture,smooth,5,3,no claro | no visible | lisa | lisa | lisa
individual_043,SRSLOAOB3,carmen,stipules,absent,5,4,no claro | ausentes | ausentes | ausentes | ausentes
individual_043,SRSLOAOB3,carmen,latex,__missing__,5,0,no observado | no observado | no observado | no observado | no observado
individual_043,SRSLOAOB3,carmen,pulvinus,present,5,2,no visible | no visible | no claro | presente ambos | presente ambos
individual_043,SRSLOAOB3,carmen,tendrils,absent,5,5,ausentes | ausentes | ausentes | ausentes | ausentes
individual_043,SRSLOAOB3,carmen,damage,present,5,5,presente | presente | presente | presente | presente
individual_044,PEA0208,carmen,leaf_relative_position,opposite,5,4,no claro | opuesta | opuesta | opuesta | opuesta
individual_044,PEA0208,carmen,leaf_spacing,__missing__,5,0,no claro | no claro | no claro | no claro | no claro
individual_044,PEA0208,carmen,leaf_complexity_type,simple,5,4,no claro | simple | simple | simple | simple
individual_044,PEA0208,carmen,compound_leaf_type,__missing__,5,0,N/A | N/A | N/A | N/A | N/A
individual_044,PEA0208,carmen,leaflet_arrangement,__missing__,5,0,N/A | N/A | N/A | N/A | N/A
individual_044,PEA0208,carmen,leaf_margin,toothed,5,5,dentado | dentado | dentado | dentado | dentado
individual_044,PEA0208,carmen,leaf_shape,elliptic,5,5,eliptica | eliptica | eliptica | eliptica | eliptica
individual_044,PEA0208,carmen,leaf_apex,acute,5,5,agudo | agudo | agudo | agudo | agudo
individual_044,PEA0208,carmen,leaf_base,cuneate,5,5,cuneada | cuneada | cuneada | cuneada | cuneada
individual_044,PEA0208,carmen,venation,pinnate,5,5,pinnada | pinnada | pinnada | pinnada | pinnada
individual_044,PEA0208,carmen,leaf_trichomes,present,5,3,no claro | no claro | presentes | presentes | presentes
individual_044,PEA0208,carmen,petiole_length,short,5,4,no claro | corto | corto | corto | corto
individual_044,PEA0208,carmen,petiole_features,terete,5,2,no claro | no claro | terete | terete-piloso | no claro
individual_044,PEA0208,carmen,stem_type,herbaceous,5,5,leñoso | herbaceo | leñoso | herbaceo | herbaceo
individual_044,PEA0208,carmen,stem_trichomes,absent,5,5,ausente | ausente | ausente | ausente | ausente
individual_044,PEA0208,carmen,stem_texture,smooth,5,5,lisa | lisa | lisa | lisa | lisa
individual_044,PEA0208,carmen,stipules,absent,5,1,no visible | ausentes | no visible | no visible | no visible
individual_044,PEA0208,carmen,latex,__missing__,5,0,no observado | no observado | no observado | no observado | no observado
individual_044,PEA0208,carmen,pulvinus,absent,5,1,no visible | ausente | no visible | no visible | no visible
individual_044,PEA0208,carmen,tendrils,absent,5,4,ausentes | ausentes | ausentes | ausentes | no visible
individual_044,PEA0208,carmen,damage,absent,5,5,ausente | ausente | ausente | ausente | ausente
individual_045,OLCROTBI2,carmen,leaf_relative_position,alternate,5,5,alterna | alterna | alterna | alterna | opuesta
individual_045,OLCROTBI2,carmen,leaf_spacing,distal,5,5,distales | distales | distales | distales | distales
individual_045,OLCROTBI2,carmen,leaf_complexity_type,simple,5,5,simple | simple | simple | simple | simple
individual_045,OLCROTBI2,carmen,compound_leaf_type,__missing__,5,0,N/A | N/A | N/A | N/A | N/A
individual_045,OLCROTBI2,carmen,leaflet_arrangement,__missing__,5,0,N/A | N/A | N/A | N/A | N/A
individual_045,OLCROTBI2,carmen,leaf_margin,entire,5,5,entero | entero | entero | entero | entero
individual_045,OLCROTBI2,carmen,leaf_shape,__missing__,5,0,cordada | cordada | cordada | cordada | cordada
individual_045,OLCROTBI2,carmen,leaf_apex,acute,5,5,agudo | agudo | agudo | agudo | agudo
individual_045,OLCROTBI2,carmen,leaf_base,cordate,5,5,cordada | cordada | cordada | cordada | cordada
individual_045,OLCROTBI2,carmen,venation,pinnate,5,5,pinnada | pinnada | pinnada | pinnada | pinnada
individual_045,OLCROTBI2,carmen,leaf_trichomes,absent,5,4,no claro | ausente | ausente | presentes | presentes
individual_045,OLCROTBI2,carmen,petiole_length,long,5,5,largo | largo | largo | largo | largo
individual_045,OLCROTBI2,carmen,petiole_features,terete,5,5,terete | terete | terete | terete | terete
individual_045,OLCROTBI2,carmen,stem_type,herbaceous,5,5,herbaceo | herbaceo | herbaceo | herbaceo | herbaceo
individual_045,OLCROTBI2,carmen,stem_trichomes,absent,5,5,ausente | ausente | ausente | ausente | ausente
individual_045,OLCROTBI2,carmen,stem_texture,lenticellate,5,4,lisa | lenticelado | lenticelado | lenticelado | no claro
individual_045,OLCROTBI2,carmen,stipules,present,5,3,no claro | presentes | presentes | presentes | no claro
individual_045,OLCROTBI2,carmen,latex,__missing__,5,0,no observado | no observado | no observado | no observado | no observado
individual_045,OLCROTBI2,carmen,pulvinus,absent,5,5,ausente | ausente | ausente | ausente | ausente
individual_045,OLCROTBI2,carmen,tendrils,absent,5,5,ausentes | ausentes | ausentes | ausentes | ausentes
individual_045,OLCROTBI2,carmen,damage,present,5,5,presente | presente | presente | presente | presente
individual_046,ANMAPRGU4,carmen,leaf_relative_position,alternate,5,5,alterna | alterna | alterna | alterna | alterna
individual_046,ANMAPRGU4,carmen,leaf_spacing,distal,5,5,distales | distales | distales | distales | distales
individual_046,ANMAPRGU4,carmen,leaf_complexity_type,simple,5,5,simple | simple | simple | simple | simple
individual_046,ANMAPRGU4,carmen,compound_leaf_type,__missing__,5,0,N/A | N/A | N/A | N/A | N/A
individual_046,ANMAPRGU4,carmen,leaflet_arrangement,__missing__,5,0,N/A | N/A | N/A | N/A | N/A
individual_046,ANMAPRGU4,carmen,leaf_margin,entire,5,5,entero | entero | entero | entero | entero
individual_046,ANMAPRGU4,carmen,leaf_shape,elliptic,5,5,eliptica | eliptica | eliptica | ovada | ovada
individual_046,ANMAPRGU4,carmen,leaf_apex,acute,5,5,agudo | agudo | agudo | agudo | agudo
individual_046,ANMAPRGU4,carmen,leaf_base,cuneate,5,4,cuneada | cuneada | cuneada | cuneada | obtuso
individual_046,ANMAPRGU4,carmen,venation,pinnate,5,5,pinnada | pinnada | pinnada | pinnada | pinnada
individual_046,ANMAPRGU4,carmen,leaf_trichomes,absent,5,5,ausente | ausente | ausente | ausente | ausente
individual_046,ANMAPRGU4,carmen,petiole_length,long,5,5,largo | largo | largo | largo | largo
individual_046,ANMAPRGU4,carmen,petiole_features,terete,5,5,terete | terete | terete | terete | terete
individual_046,ANMAPRGU4,carmen,stem_type,herbaceous,5,5,herbaceo | herbaceo | herbaceo | herbaceo | herbaceo
individual_046,ANMAPRGU4,carmen,stem_trichomes,absent,5,5,ausente | ausente | ausente | ausente | ausente
individual_046,ANMAPRGU4,carmen,stem_texture,smooth,5,5,lisa | lisa | lisa | lisa | lisa
individual_046,ANMAPRGU4,carmen,stipules,__missing__,5,0,no claro | no claro | no claro | no visible | no claro
individual_046,ANMAPRGU4,carmen,latex,__missing__,5,0,no observado | no observado | no observado | no observado | no observado
individual_046,ANMAPRGU4,carmen,pulvinus,absent,5,5,ausente | ausente | ausente | ausente | ausente
individual_046,ANMAPRGU4,carmen,tendrils,present,5,1,no claro | no claro | no claro | no claro | presente
individual_046,ANMAPRGU4,carmen,damage,absent,5,5,ausente | ausente | ausente | ausente | presente
individual_047,PPPIT1RU4,carmen,leaf_relative_position,opposite,5,4,opuesta | no claro | opuesta | opuesta | opuesta
individual_047,PPPIT1RU4,carmen,leaf_spacing,distal,5,5,distales | distales | distales | distales | distales
individual_047,PPPIT1RU4,carmen,leaf_complexity_type,simple,5,5,simple | compuesta | simple | simple | simple
individual_047,PPPIT1RU4,carmen,compound_leaf_type,even-pinnate,5,1,N/A | paripinnada | N/A | N/A | N/A
individual_047,PPPIT1RU4,carmen,leaflet_arrangement,opposite,5,1,N/A | opuesto | N/A | N/A | N/A
individual_047,PPPIT1RU4,carmen,leaf_margin,__missing__,5,0,entero ondulada | entero ondulada | entero ondulada | entero ondulada | entero ondulada
individual_047,PPPIT1RU4,carmen,leaf_shape,lanceolate,5,5,lanceolada | lanceolada | lanceolada | lanceolada | lanceolada
individual_047,PPPIT1RU4,carmen,leaf_apex,acute,5,5,agudo | agudo | agudo | agudo | agudo
individual_047,PPPIT1RU4,carmen,leaf_base,cuneate,5,5,cuneada | cuneada | cuneada | cuneada | cuneada
individual_047,PPPIT1RU4,carmen,venation,pinnate,5,5,pinnada | pinnada | pinnada | pinnada | pinnada
individual_047,PPPIT1RU4,carmen,leaf_trichomes,absent,5,5,ausente | ausente | ausente | ausente | ausente
individual_047,PPPIT1RU4,carmen,petiole_length,sessile,5,4,ausente | largo | ausente | no claro | ausente
individual_047,PPPIT1RU4,carmen,petiole_features,terete,5,1,ausente | terete | ausente | no claro | ausente
individual_047,PPPIT1RU4,carmen,stem_type,herbaceous,5,4,no claro | herbaceo | herbaceo | herbaceo | leñoso
individual_047,PPPIT1RU4,carmen,stem_trichomes,absent,5,2,no claro | no claro | no claro | ausente | ausente
individual_047,PPPIT1RU4,carmen,stem_texture,smooth,5,3,lisa | no claro | lisa | lisa | no claro
individual_047,PPPIT1RU4,carmen,stipules,absent,5,4,ausentes | no claro | ausentes | ausentes | ausentes
individual_047,PPPIT1RU4,carmen,latex,__missing__,5,0,no observado | no claro | no observado | no observado | no observado
individual_047,PPPIT1RU4,carmen,pulvinus,absent,5,4,ausente | no claro | ausente | ausente | ausente
individual_047,PPPIT1RU4,carmen,tendrils,absent,5,5,ausentes | ausentes | ausentes | ausentes | ausentes
individual_047,PPPIT1RU4,carmen,damage,absent,5,5,ausente | ausente | presente | presente | ausente
individual_048,CHINGASA4,carmen,leaf_relative_position,opposite,6,5,opuesta | opuesta | opuesta | alterna | no claro | alterna
individual_048,CHINGASA4,carmen,leaf_spacing,distal,6,4,distales | no claro | no claro | distales | distales | distales
individual_048,CHINGASA4,carmen,leaf_complexity_type,compound,6,6,compuesta | compuesta | compuesta | compuesta | compuesta | compuesta
individual_048,CHINGASA4,carmen,compound_leaf_type,even-pinnate,6,6,paripinnada | paripinnada | paripinnada | paripinnada | paripinnada | paripinnada
individual_048,CHINGASA4,carmen,leaflet_arrangement,opposite,6,6,opuesto | opuesto | opuesto | opuesto | opuesto | opuesto
individual_048,CHINGASA4,carmen,leaf_margin,entire,6,6,entero | entero | entero | entero | entero | entero
individual_048,CHINGASA4,carmen,leaf_shape,ovate,6,6,ovada | ovada | ovada | ovada | ovada | ovada
individual_048,CHINGASA4,carmen,leaf_apex,acuminate,6,5,no claro | acuminado | acuminado | acuminado | acuminado | acuminado
individual_048,CHINGASA4,carmen,leaf_base,cuneate,6,6,cuneada | cuneada | cuneada | cuneada | cuneada | cuneada
individual_048,CHINGASA4,carmen,venation,pinnate,6,6,pinnada | pinnada | pinnada | pinnada | pinnada | pinnada
individual_048,CHINGASA4,carmen,leaf_trichomes,absent,6,4,ausente | ausente | ausente | ausente | no claro | no visible
individual_048,CHINGASA4,carmen,petiole_length,long,6,6,largo | largo | largo | largo | largo | largo
individual_048,CHINGASA4,carmen,petiole_features,winged,6,5,alado | alado | alado | alado | no claro | alado
individual_048,CHINGASA4,carmen,stem_type,woody,6,1,no visible | no visible | no claro | leñoso | no visible | no claro
individual_048,CHINGASA4,carmen,stem_trichomes,absent,6,1,no visible | no visible | no visible | ausente | no visible | no claro
individual_048,CHINGASA4,carmen,stem_texture,smooth,6,1,no visible | no visible | no visible | lisa | no visible | no claro
individual_048,CHINGASA4,carmen,stipules,absent,6,2,no visible | no visible | no visible | ausentes | no visible | ausentes
individual_048,CHINGASA4,carmen,latex,__missing__,6,0,no visible | no visible | no visible | no observado | no visible | no observado
individual_048,CHINGASA4,carmen,pulvinus,present,6,1,no visible | no visible | no claro | presente  basal | no claro | no claro
individual_048,CHINGASA4,carmen,tendrils,absent,6,5,ausentes | no visible | ausentes | ausentes | ausentes | ausentes
individual_048,CHINGASA4,carmen,damage,present,6,6,presente | presente | presente | presente | presente | presente
individual_049,SRLONCAT1,carmen,leaf_relative_position,alternate,5,2,no visible | alterna | no claro | alterna | no claro
individual_049,SRLONCAT1,carmen,leaf_spacing,distal,5,2,no visible | distales | no claro | distales | no claro
individual_049,SRLONCAT1,carmen,leaf_complexity_type,compound,5,5,simple | compuesta | compuesta | compuesta | compuesta
individual_049,SRLONCAT1,carmen,compound_leaf_type,odd-pinnate,5,4,N/A | imparipinnada | imparipinnada | imparipinnada | imparipinnada
individual_049,SRLONCAT1,carmen,leaflet_arrangement,opposite,5,4,N/A | opuesto | opuesto | opuesto | opuesto
individual_049,SRLONCAT1,carmen,leaf_margin,entire,5,5,entero | entero | entero | entero | entero
individual_049,SRLONCAT1,carmen,leaf_shape,oblanceolate,5,5,oblanceolada. | oblanceolada. | oblanceolada. | oblanceolada. | oblanceolada.
individual_049,SRLONCAT1,carmen,leaf_apex,acuminate,5,5,acuminado | acuminado | acuminado | acuminado | acuminado
individual_049,SRLONCAT1,carmen,leaf_base,cuneate,5,5,cuneada | cuneada | cuneada | cuneada | cuneada
individual_049,SRLONCAT1,carmen,venation,pinnate,5,5,pinnada | pinnada | pinnada | pinnada | pinnada
individual_049,SRLONCAT1,carmen,leaf_trichomes,absent,5,3,ausente | ausente | no visible | no visible | ausente
individual_049,SRLONCAT1,carmen,petiole_length,long,5,4,no claro | largo | largo | largo | largo
individual_049,SRLONCAT1,carmen,petiole_features,terete,5,2,no claro | terete | no claro | terete | no claro
individual_049,SRLONCAT1,carmen,stem_type,woody,5,4,no visible | leñoso | leñoso | leñoso | leñoso
individual_049,SRLONCAT1,carmen,stem_trichomes,absent,5,3,no visible | ausente | no visible | ausente | ausente
individual_049,SRLONCAT1,carmen,stem_texture,lenticellate,5,3,no visible | lisa | no visible | lenticelado | lenticelado
individual_049,SRLONCAT1,carmen,stipules,absent,5,1,no visible | ausentes | no visible | no claro | no visible
individual_049,SRLONCAT1,carmen,latex,__missing__,5,0,no visible | no observado | no visible | no visible | no visible
individual_049,SRLONCAT1,carmen,pulvinus,absent,5,1,no visible | ausente | no visible | no visible | no visible
individual_049,SRLONCAT1,carmen,tendrils,absent,5,3,no visible | ausentes | no visible | ausentes | ausentes
individual_049,SRLONCAT1,carmen,damage,present,5,4,no visible | presente | ausente | presente | presente
individual_050,MEMACHM29,carmen,leaf_relative_position,alternate,5,5,alterna | alterna | alterna | alterna | alterna
individual_050,MEMACHM29,carmen,leaf_spacing,distal,5,5,distales | distales | distales | distales | distales
individual_050,MEMACHM29,carmen,leaf_complexity_type,compound,5,5,compuesta | compuesta | compuesta | compuesta | compuesta
individual_050,MEMACHM29,carmen,compound_leaf_type,even-pinnate,5,5,paripinnada | paripinnada | paripinnada | paripinnada | paripinnada
individual_050,MEMACHM29,carmen,leaflet_arrangement,alternate,5,5,alterna | alterna | alterna | alterna | alterna
individual_050,MEMACHM29,carmen,leaf_margin,entire,5,5,entero | entero | entero | entero | entero
individual_050,MEMACHM29,carmen,leaf_shape,oblong,5,5,oblonga | oblonga | oblonga | oblonga | oblonga
individual_050,MEMACHM29,carmen,leaf_apex,acute,5,5,agudo | agudo | agudo | agudo | agudo
individual_050,MEMACHM29,carmen,leaf_base,rounded,5,5,redondeada | redondeada | redondeada | redondeada | redondeada
individual_050,MEMACHM29,carmen,venation,pinnate,5,5,pinnada | pinnada | pinnada | pinnada | pinnada
individual_050,MEMACHM29,carmen,leaf_trichomes,__missing__,5,0,no claro | no visible | no claro | no claro | no claro
individual_050,MEMACHM29,carmen,petiole_length,long,5,5,largo | largo | largo | largo | largo
individual_050,MEMACHM29,carmen,petiole_features,terete,5,3,no claro | no claro | terete | terete | terete
individual_050,MEMACHM29,carmen,stem_type,woody,5,5,leñoso | leñoso | leñoso | leñoso | leñoso
individual_050,MEMACHM29,carmen,stem_trichomes,absent,5,1,no claro | no claro | no claro | no claro | ausente
individual_050,MEMACHM29,carmen,stem_texture,lenticellate,5,1,no claro | no claro | no claro | no claro | lenticelado
individual_050,MEMACHM29,carmen,stipules,absent,5,1,no claro | no visible | no claro | no claro | ausentes
individual_050,MEMACHM29,carmen,latex,__missing__,5,0,no claro | no visible | no visible | no visible | no observado
individual_050,MEMACHM29,carmen,pulvinus,absent,5,3,ausente | no visible | no claro | ausente | presente  basal
individual_050,MEMACHM29,carmen,tendrils,absent,5,5,ausentes | ausentes | ausentes | ausentes | ausentes
individual_050,MEMACHM29,carmen,damage,present,5,5,presente | presente | presente | presente | presente
individual_051,ANENTESC3,carmen,leaf_relative_position,opposite,5,2,no visible | opuesta | no visible | verticilada | no visible
individual_051,ANENTESC3,carmen,leaf_spacing,clustered,5,3,no visible | distales | no visible | agrupada | agrupada
individual_051,ANENTESC3,carmen,leaf_complexity_type,compound,5,5,compuesta | compuesta | compuesta | compuesta | compuesta
individual_051,ANENTESC3,carmen,compound_leaf_type,even-pinnate,5,5,paripinnada | paripinnada | paripinnada | paripinnada | paripinnada
individual_051,ANENTESC3,carmen,leaflet_arrangement,opposite,5,5,opuesto | opuesto | opuesto | opuesto | opuesto
individual_051,ANENTESC3,carmen,leaf_margin,entire,5,4,entero | entero | no claro | entero | entero
individual_051,ANENTESC3,carmen,leaf_shape,oblong,5,4,oblonga | oblonga | no claro | oblonga | oblonga
individual_051,ANENTESC3,carmen,leaf_apex,obtuse,5,4,obtuso | obtuso | no claro | obtuso | obtuso
individual_051,ANENTESC3,carmen,leaf_base,rounded,5,3,redondeada | redondeada | no claro | no claro | redondeada
individual_051,ANENTESC3,carmen,venation,pinnate,5,2,pinnada | pinnada | no claro | no claro | no claro
individual_051,ANENTESC3,carmen,leaf_trichomes,__missing__,5,0,no claro | no claro | no visible | no visible | no claro
individual_051,ANENTESC3,carmen,petiole_length,long,5,3,largo | largo | no claro | largo | no claro
individual_051,ANENTESC3,carmen,petiole_features,terete,5,2,no claro | terete | no claro | terete | no claro
individual_051,ANENTESC3,carmen,stem_type,__missing__,5,0,no claro | no visible | no visible | no visible | no claro
individual_051,ANENTESC3,carmen,stem_trichomes,__missing__,5,0,no claro | no visible | no visible | no visible | no claro
individual_051,ANENTESC3,carmen,stem_texture,__missing__,5,0,no claro | no visible | no visible | no visible | no claro
individual_051,ANENTESC3,carmen,stipules,__missing__,5,0,no visible | no claro | no visible | no claro | no claro
individual_051,ANENTESC3,carmen,latex,__missing__,5,0,no visible | no visible | no visible | no visible | no claro
individual_051,ANENTESC3,carmen,pulvinus,__missing__,5,0,no visible | no claro | no visible | no visible | no claro
individual_051,ANENTESC3,carmen,tendrils,absent,5,1,no visible | ausentes | no visible | no visible | no claro
individual_051,ANENTESC3,carmen,damage,absent,5,3,ausente | ausente | no claro | ausente | no claro
individual_052,BAR0350,carmen,leaf_relative_position,alternate,5,3,alterna | alterna | alterna | no claro | no claro
individual_052,BAR0350,carmen,leaf_spacing,distal,5,5,distales | distales | distales | distales | distales
individual_052,BAR0350,carmen,leaf_complexity_type,compound,5,5,compuesta | compuesta | compuesta | compuesta | compuesta
individual_052,BAR0350,carmen,compound_leaf_type,even-pinnate,5,5,paripinnada | paripinnada | paripinnada | paripinnada | paripinnada
individual_052,BAR0350,carmen,leaflet_arrangement,opposite,5,5,opuesto | opuesto | opuesto | opuesto | opuesto
individual_052,BAR0350,carmen,leaf_margin,entire,5,5,entero | entero | entero | entero | entero
individual_052,BAR0350,carmen,leaf_shape,oblong,5,5,oblonga | oblonga | oblonga | oblonga | oblonga
individual_052,BAR0350,carmen,leaf_apex,acute,5,5,agudo | agudo | obtuso | agudo | agudo
individual_052,BAR0350,carmen,leaf_base,rounded,5,5,redondeada | redondeada | redondeada | redondeada | redondeada
individual_052,BAR0350,carmen,venation,__missing__,5,0,no visible | no visible | no visible | no visible | no visible
individual_052,BAR0350,carmen,leaf_trichomes,absent,5,4,no claro | ausente | ausente | ausente | ausente
individual_052,BAR0350,carmen,petiole_length,long,5,5,largo | largo | largo | largo | largo
individual_052,BAR0350,carmen,petiole_features,terete,5,5,terete | terete | terete | terete | terete
individual_052,BAR0350,carmen,stem_type,herbaceous,5,5,herbaceo | herbaceo | herbaceo | herbaceo | herbaceo
individual_052,BAR0350,carmen,stem_trichomes,absent,5,4,ausente | no claro | ausente | ausente | ausente
individual_052,BAR0350,carmen,stem_texture,smooth,5,3,lisa | no claro | lisa | lisa | no claro
individual_052,BAR0350,carmen,stipules,present,5,1,no claro | no claro | no claro | presentes | no visible
individual_052,BAR0350,carmen,latex,__missing__,5,0,no observado | no observado | no observado | no observado | no visible
individual_052,BAR0350,carmen,pulvinus,present,5,1,no claro | no claro | presente  basal | no claro | no visible
individual_052,BAR0350,carmen,tendrils,absent,5,5,ausentes | ausentes | ausentes | ausentes | ausentes
individual_052,BAR0350,carmen,damage,present,5,5,presente | presente | presente | presente | presente
individual_053,CHSWARS13,carmen,leaf_relative_position,alternate,5,1,no visible | no claro | no claro | no visible | alterna
individual_053,CHSWARS13,carmen,leaf_spacing,distal,5,1,no visible | no visible | no visible | no visible | distales
individual_053,CHSWARS13,carmen,leaf_complexity_type,compound,5,4,no claro | compuesta | compuesta | simple | compuesta
individual_053,CHSWARS13,carmen,compound_leaf_type,even-pinnate,5,3,no claro | paripinnada | paripinnada | no claro | paripinnada
individual_053,CHSWARS13,carmen,leaflet_arrangement,opposite,5,3,no claro | opuesto | opuesto | no claro | opuesto
individual_053,CHSWARS13,carmen,leaf_margin,entire,5,5,entero | entero | entero | entero | entero
individual_053,CHSWARS13,carmen,leaf_shape,lanceolate,5,5,lanceolada | lanceolada | lanceolada | lanceolada | Eliptica
individual_053,CHSWARS13,carmen,leaf_apex,acuminate,5,5,acuminado | acuminado | acuminado | acuminado | acuminado
individual_053,CHSWARS13,carmen,leaf_base,rounded,5,5,redondeada | redondeada | redondeada | redondeada | cuneada
individual_053,CHSWARS13,carmen,venation,pinnate,5,5,pinnada | pinnada | pinnada | pinnada | pinnada
individual_053,CHSWARS13,carmen,leaf_trichomes,absent,5,5,ausente | ausente | ausente | ausente | ausente
individual_053,CHSWARS13,carmen,petiole_length,long,5,3,no claro | largo | largo | no visible | largo
individual_053,CHSWARS13,carmen,petiole_features,winged,5,3,no claro | alado | alado | no visible | acanalado
individual_053,CHSWARS13,carmen,stem_type,woody,5,1,no claro | no claro | no claro | no visible | leñoso
individual_053,CHSWARS13,carmen,stem_trichomes,absent,5,1,no claro | no visible | no visible | no visible | ausente
individual_053,CHSWARS13,carmen,stem_texture,__missing__,5,0,no claro | no visible | no visible | no visible | no claro
individual_053,CHSWARS13,carmen,stipules,absent,5,2,no visible | no visible | ausentes | no visible | presentes
individual_053,CHSWARS13,carmen,latex,__missing__,5,0,no visible | no visible | no visible | no visible | no observado
individual_053,CHSWARS13,carmen,pulvinus,present,5,1,no claro | no claro | no claro | no claro | presente  basal
individual_053,CHSWARS13,carmen,tendrils,present,5,1,presente | no claro | no claro | no claro | no visible
individual_053,CHSWARS13,carmen,damage,present,5,5,presente | presente | presente | presente | presente
individual_054,SHTACHVE3,carmen,leaf_relative_position,opposite,5,4,no visible | opuesta | opuesta | verticilada | verticilada
individual_054,SHTACHVE3,carmen,leaf_spacing,clustered,5,3,no visible | no visible | distales | agrupada | agrupada
individual_054,SHTACHVE3,carmen,leaf_complexity_type,compound,5,4,compuesta | compuesta | simple | compuesta | no visible
individual_054,SHTACHVE3,carmen,compound_leaf_type,even-pinnate,5,3,paripinnada | paripinnada | N/A | imparipinnada | no visible
individual_054,SHTACHVE3,carmen,leaflet_arrangement,opposite,5,3,opuesto | opuesto | N/A | opuesto | no visible
individual_054,SHTACHVE3,carmen,leaf_margin,entire,5,4,entero | entero | entero | entero | no claro
individual_054,SHTACHVE3,carmen,leaf_shape,oblong,5,4,oblonga | obovada | oblonga | obovada | no claro
individual_054,SHTACHVE3,carmen,leaf_apex,acuminate,5,4,acuminado | acuminado | acuminado | acuminado | no claro
individual_054,SHTACHVE3,carmen,leaf_base,cuneate,5,5,cuneada | cuneada | cuneada | cuneada | redondeada
individual_054,SHTACHVE3,carmen,venation,pinnate,5,5,pinnada | pinnada | pinnada | pinnada | pinnada
individual_054,SHTACHVE3,carmen,leaf_trichomes,absent,5,5,ausente | ausente | ausente | ausente | ausente
individual_054,SHTACHVE3,carmen,petiole_length,long,5,5,largo | largo | corto | largo | largo
individual_054,SHTACHVE3,carmen,petiole_features,terete,5,5,terete | terete | terete | terete | terete
individual_054,SHTACHVE3,carmen,stem_type,herbaceous,5,2,no visible | no visible | herbaceo | no claro | herbaceo
individual_054,SHTACHVE3,carmen,stem_trichomes,absent,5,2,no visible | no visible | ausente | no visible | ausente
individual_054,SHTACHVE3,carmen,stem_texture,smooth,5,2,no visible | no visible | lisa | no visible | lisa
individual_054,SHTACHVE3,carmen,stipules,absent,5,2,no visible | no visible | ausentes | no visible | ausentes
individual_054,SHTACHVE3,carmen,latex,absent,5,1,no visible | no visible | ausente | no visible | no observado
individual_054,SHTACHVE3,carmen,pulvinus,present,5,3,no visible | no claro | ausente | presente  basal | presente  basal
individual_054,SHTACHVE3,carmen,tendrils,absent,5,3,no visible | no visible | ausentes | ausentes | ausentes
individual_054,SHTACHVE3,carmen,damage,present,5,5,presente | presente | presente | presente | ausente
individual_055,SRLISIJE1,carmen,leaf_relative_position,opposite,5,5,opuesta | opuesta | opuesta | opuesta | opuesta
individual_055,SRLISIJE1,carmen,leaf_spacing,distal,5,5,distales | distales | distales | distales | distales
individual_055,SRLISIJE1,carmen,leaf_complexity_type,simple,5,5,simple | simple | simple | simple | simple
individual_055,SRLISIJE1,carmen,compound_leaf_type,__missing__,5,0,N/A | N/A | N/A | N/A | N/A
individual_055,SRLISIJE1,carmen,leaflet_arrangement,__missing__,5,0,N/A | N/A | N/A | N/A | N/A
individual_055,SRLISIJE1,carmen,leaf_margin,toothed,5,5,crenado | crenado | crenado | crenado | crenado
individual_055,SRLISIJE1,carmen,leaf_shape,obovate,5,4,obovada | obovada | obovada | obovada | no visible
individual_055,SRLISIJE1,carmen,leaf_apex,acuminate,5,4,acuminado | acuminado | acuminado | acuminado | no visible
individual_055,SRLISIJE1,carmen,leaf_base,cuneate,5,5,cuneada | cuneada | cuneada | cuneada | cuneada
individual_055,SRLISIJE1,carmen,venation,pinnate,5,5,pinnada | pinnada | pinnada | pinnada | pinnada
individual_055,SRLISIJE1,carmen,leaf_trichomes,absent,5,5,ausente | ausente | ausente | ausente | ausente
individual_055,SRLISIJE1,carmen,petiole_length,long,5,5,largo | largo | largo | largo | largo
individual_055,SRLISIJE1,carmen,petiole_features,grooved,5,5,acanalado | acanalado | acanalado | acanalado | acanalado
individual_055,SRLISIJE1,carmen,stem_type,herbaceous,5,5,herbaceo | herbaceo | herbaceo | herbaceo | herbaceo
individual_055,SRLISIJE1,carmen,stem_trichomes,absent,5,5,ausente | ausente | ausente | ausente | ausente
individual_055,SRLISIJE1,carmen,stem_texture,smooth,5,5,lisa | lisa | lisa | lisa | lisa
individual_055,SRLISIJE1,carmen,stipules,absent,5,5,ausentes | ausentes | ausentes | ausentes | ausentes
individual_055,SRLISIJE1,carmen,latex,__missing__,5,0,no observado | no observado | no observado | no observado | no observado
individual_055,SRLISIJE1,carmen,pulvinus,absent,5,5,ausente | ausente | ausente | ausente | ausente
individual_055,SRLISIJE1,carmen,tendrils,absent,5,5,ausentes | ausentes | ausentes | ausentes | ausentes
individual_055,SRLISIJE1,carmen,damage,present,5,5,presente | presente | presente | presente | ausente
individual_056,OLLACIAG2,carmen,leaf_relative_position,alternate,5,5,verticilada | alterna | alterna | verticilada | alterna
individual_056,OLLACIAG2,carmen,leaf_spacing,distal,5,5,agrupada | distales | distales | agrupada | distales
individual_056,OLLACIAG2,carmen,leaf_complexity_type,simple,5,5,simple | simple | simple | simple | simple
individual_056,OLLACIAG2,carmen,compound_leaf_type,__missing__,5,0,N/A | N/A | N/A | N/A | N/A
individual_056,OLLACIAG2,carmen,leaflet_arrangement,__missing__,5,0,N/A | N/A | N/A | N/A | N/A
individual_056,OLLACIAG2,carmen,leaf_margin,toothed,5,5,dentado | dentado | dentado | dentado | entero
individual_056,OLLACIAG2,carmen,leaf_shape,obovate,5,5,obovada | obovada | obovada | obovada | obovada
individual_056,OLLACIAG2,carmen,leaf_apex,acuminate,5,4,acuminado | acuminado | acuminado | agudo | no claro
individual_056,OLLACIAG2,carmen,leaf_base,cuneate,5,5,cuneada | cuneada | cuneada | cuneada | cuneada
individual_056,OLLACIAG2,carmen,venation,pinnate,5,5,pinnada | pinnada | pinnada | pinnada | pinnada
individual_056,OLLACIAG2,carmen,leaf_trichomes,absent,5,4,ausente | ausente | no claro | ausente | ausente
individual_056,OLLACIAG2,carmen,petiole_length,short,5,5,corto | corto | corto | corto | corto
individual_056,OLLACIAG2,carmen,petiole_features,terete,5,4,terete | terete | no claro | terete | terete
individual_056,OLLACIAG2,carmen,stem_type,herbaceous,5,5,herbaceo | herbaceo | herbaceo | herbaceo | herbaceo
individual_056,OLLACIAG2,carmen,stem_trichomes,absent,5,5,ausente | ausente | ausente | ausente | ausente
individual_056,OLLACIAG2,carmen,stem_texture,smooth,5,5,lisa | lisa | lisa | lisa | lisa
individual_056,OLLACIAG2,carmen,stipules,present,5,3,ausentes | no claro | no claro | presentes | presentes
individual_056,OLLACIAG2,carmen,latex,__missing__,5,0,no observado | no observado | no visible | no observado | no observado
individual_056,OLLACIAG2,carmen,pulvinus,absent,5,5,ausente | ausente | ausente | ausente | ausente
individual_056,OLLACIAG2,carmen,tendrils,absent,5,5,ausentes | ausentes | ausentes | ausentes | ausentes
individual_056,OLLACIAG2,carmen,damage,present,5,5,presente | presente | presente | presente | presente
individual_057,SHBELIPE5,carmen,leaf_relative_position,alternate,4,4,alterna | alterna | alterna | alterna
individual_057,SHBELIPE5,carmen,leaf_spacing,distal,4,4,distales | distales | distales | distales
individual_057,SHBELIPE5,carmen,leaf_complexity_type,simple,4,4,simple | simple | simple | simple
individual_057,SHBELIPE5,carmen,compound_leaf_type,__missing__,4,0,N/A | N/A | N/A | N/A
individual_057,SHBELIPE5,carmen,leaflet_arrangement,__missing__,4,0,N/A | N/A | N/A | N/A
individual_057,SHBELIPE5,carmen,leaf_margin,entire,4,4,entero | entero | entero | entero
individual_057,SHBELIPE5,carmen,leaf_shape,elliptic,4,4,eliptica | eliptica | eliptica | eliptica
individual_057,SHBELIPE5,carmen,leaf_apex,acuminate,4,4,acuminado | acuminado | acuminado | acuminado
individual_057,SHBELIPE5,carmen,leaf_base,cuneate,4,4,cuneada | cuneada | cuneada | cuneada
individual_057,SHBELIPE5,carmen,venation,pinnate,4,4,pinnada | pinnada | pinnada | pinnada
individual_057,SHBELIPE5,carmen,leaf_trichomes,absent,4,4,ausente | ausente | ausente | ausente
individual_057,SHBELIPE5,carmen,petiole_length,long,4,4,largo | largo | largo | largo
individual_057,SHBELIPE5,carmen,petiole_features,terete,4,4,terete | terete | terete | terete
individual_057,SHBELIPE5,carmen,stem_type,herbaceous,4,4,herbaceo | herbaceo | herbaceo | herbaceo
individual_057,SHBELIPE5,carmen,stem_trichomes,absent,4,4,ausente | ausente | ausente | ausente
individual_057,SHBELIPE5,carmen,stem_texture,smooth,4,4,lisa | lisa | lisa | lisa
individual_057,SHBELIPE5,carmen,stipules,present,4,3,ausentes | no claro | presentes | presentes
individual_057,SHBELIPE5,carmen,latex,__missing__,4,0,no visible | no visible | no observado | no observado
individual_057,SHBELIPE5,carmen,pulvinus,absent,4,4,ausente | ausente | ausente | ausente
individual_057,SHBELIPE5,carmen,tendrils,absent,4,4,ausentes | ausentes | ausentes | ausentes
individual_057,SHBELIPE5,carmen,damage,present,4,4,presente | presente | presente | presente
individual_058,SHNECTPU10,carmen,leaf_relative_position,alternate,5,5,alterna | alterna | verticilada | alterna | alterna
individual_058,SHNECTPU10,carmen,leaf_spacing,distal,5,5,distales | agrupada | agrupada | distales | distales
individual_058,SHNECTPU10,carmen,leaf_complexity_type,simple,5,5,simple | simple | simple | simple | simple
individual_058,SHNECTPU10,carmen,compound_leaf_type,__missing__,5,0,N/A | N/A | N/A | N/A | N/A
individual_058,SHNECTPU10,carmen,leaflet_arrangement,__missing__,5,0,N/A | N/A | N/A | N/A | N/A
individual_058,SHNECTPU10,carmen,leaf_margin,entire,5,5,entero | entero | entero | entero | entero
individual_058,SHNECTPU10,carmen,leaf_shape,elliptic,5,4,eliptica | eliptica | eliptica | eliptica | no visible
individual_058,SHNECTPU10,carmen,leaf_apex,acuminate,5,4,acuminado | acuminado | acuminado | agudo | no visible
individual_058,SHNECTPU10,carmen,leaf_base,cuneate,5,5,cuneada | cuneada | cuneada | cuneada | cuneada
individual_058,SHNECTPU10,carmen,venation,pinnate,5,5,pinnada | pinnada | pinnada | pinnada | pinnada
individual_058,SHNECTPU10,carmen,leaf_trichomes,absent,5,5,ausente | ausente | ausente | ausente | ausente
individual_058,SHNECTPU10,carmen,petiole_length,short,5,5,corto | corto | corto | corto | corto
individual_058,SHNECTPU10,carmen,petiole_features,terete,5,4,terete | terete | terete | no claro | terete
individual_058,SHNECTPU10,carmen,stem_type,herbaceous,5,4,herbaceo | herbaceo | no visible | herbaceo | herbaceo
individual_058,SHNECTPU10,carmen,stem_trichomes,absent,5,3,ausente | ausente | no visible | no claro | ausente
individual_058,SHNECTPU10,carmen,stem_texture,smooth,5,3,no visible | lisa | no visible | lisa | lisa
individual_058,SHNECTPU10,carmen,stipules,present,5,4,no claro | presentes | presentes | presentes | presentes
individual_058,SHNECTPU10,carmen,latex,__missing__,5,0,no visible | no observado | no visible | no observado | no observado
individual_058,SHNECTPU10,carmen,pulvinus,absent,5,3,ausente | ausente | no visible | no claro | ausente
individual_058,SHNECTPU10,carmen,tendrils,absent,5,3,no visible | ausentes | no visible | ausentes | ausentes
individual_058,SHNECTPU10,carmen,damage,present,5,5,presente | presente | presente | presente | presente
individual_059,ANNECTCU4,carmen,leaf_relative_position,alternate,5,5,alterna | alterna | opuesta | verticilada | verticilada
individual_059,ANNECTCU4,carmen,leaf_spacing,clustered,5,5,distales | distales | agrupada | agrupada | agrupada
individual_059,ANNECTCU4,carmen,leaf_complexity_type,simple,5,5,simple | simple | simple | simple | simple
individual_059,ANNECTCU4,carmen,compound_leaf_type,__missing__,5,0,N/A | N/A | N/A | N/A | N/A
individual_059,ANNECTCU4,carmen,leaflet_arrangement,__missing__,5,0,N/A | N/A | N/A | N/A | N/A
individual_059,ANNECTCU4,carmen,leaf_margin,entire,5,5,entero | entero | entero | entero | entero
individual_059,ANNECTCU4,carmen,leaf_shape,other,5,5,linear | linear | linear | linear | linear
individual_059,ANNECTCU4,carmen,leaf_apex,acuminate,5,5,acuminado | acuminado | acuminado | acuminado | acuminado
individual_059,ANNECTCU4,carmen,leaf_base,cuneate,5,5,cuneada | cuneada | cuneada | cuneada | cuneada
individual_059,ANNECTCU4,carmen,venation,pinnate,5,5,pinnada | pinnada | pinnada | pinnada | pinnada
individual_059,ANNECTCU4,carmen,leaf_trichomes,absent,5,5,ausente | ausente | ausente | ausente | ausente
individual_059,ANNECTCU4,carmen,petiole_length,short,5,5,corto | corto | corto | corto | corto
individual_059,ANNECTCU4,carmen,petiole_features,terete,5,3,no claro | no claro | terete | terete | terete
individual_059,ANNECTCU4,carmen,stem_type,herbaceous,5,5,herbaceo | herbaceo | herbaceo | herbaceo | herbaceo
individual_059,ANNECTCU4,carmen,stem_trichomes,absent,5,4,no claro | ausente | ausente | ausente | ausente
individual_059,ANNECTCU4,carmen,stem_texture,smooth,5,2,no claro | lisa | lenticelado | no visible | no visible
individual_059,ANNECTCU4,carmen,stipules,present,5,2,no claro | no claro | presentes | presentes | no claro
individual_059,ANNECTCU4,carmen,latex,__missing__,5,0,no visible | no observado | no observado | no visible | no observado
individual_059,ANNECTCU4,carmen,pulvinus,absent,5,3,no claro | no claro | ausente | ausente | ausente
individual_059,ANNECTCU4,carmen,tendrils,absent,5,5,ausentes | ausentes | ausentes | ausentes | ausentes
individual_059,ANNECTCU4,carmen,damage,present,5,5,presente | presente | presente | presente | presente
individual_060,BAR0090,carmen,leaf_relative_position,opposite,5,3,opuesta | no claro | no claro | opuesta | alterna
individual_060,BAR0090,carmen,leaf_spacing,clustered,5,1,no claro | no claro | no claro | no claro | agrupada
individual_060,BAR0090,carmen,leaf_complexity_type,simple,5,5,simple | simple | simple | simple | simple
individual_060,BAR0090,carmen,compound_leaf_type,__missing__,5,0,N/A | N/A | N/A | N/A | N/A
individual_060,BAR0090,carmen,leaflet_arrangement,__missing__,5,0,N/A | N/A | N/A | N/A | N/A
individual_060,BAR0090,carmen,leaf_margin,toothed,5,5,serrado | serrado | serrado | serrado | serrado
individual_060,BAR0090,carmen,leaf_shape,obovate,5,5,obovada | obovada | obovada | obovada | obovada
individual_060,BAR0090,carmen,leaf_apex,acute,5,3,agudo | obtuso | no claro | no claro | agudo
individual_060,BAR0090,carmen,leaf_base,cuneate,5,4,cuneada | cuneada | no claro | cuneada | cuneada
individual_060,BAR0090,carmen,venation,pinnate,5,5,pinnada | pinnada | pinnada | pinnada | pinnada
individual_060,BAR0090,carmen,leaf_trichomes,absent,5,5,ausente | ausente | ausente | ausente | ausente
individual_060,BAR0090,carmen,petiole_length,short,5,3,corto | no visible | no visible | corto | corto
individual_060,BAR0090,carmen,petiole_features,terete,5,1,no claro | no visible | no visible | no claro | terete
individual_060,BAR0090,carmen,stem_type,herbaceous,5,4,herbaceo | herbaceo | herbaceo | no claro | leñoso
individual_060,BAR0090,carmen,stem_trichomes,absent,5,3,no visible | ausente | ausente | no visible | ausente
individual_060,BAR0090,carmen,stem_texture,smooth,5,3,no claro | lisa | lisa | no visible | lenticelado
individual_060,BAR0090,carmen,stipules,absent,5,2,no visible | ausentes | no claro | no visible | ausentes
individual_060,BAR0090,carmen,latex,__missing__,5,0,no visible | no observado | no observado | no visible | no observado
individual_060,BAR0090,carmen,pulvinus,absent,5,1,no claro | no visible | no visible | no claro | ausente
individual_060,BAR0090,carmen,tendrils,absent,5,2,no visible | no visible | no visible | ausentes | ausentes
individual_060,BAR0090,carmen,damage,present,5,5,presente | presente | presente | presente | presente
individual_061,PPSTRYPA8,carmen,leaf_relative_position,opposite,5,5,opuesta | opuesta | opuesta | opuesta | opuesta
individual_061,PPSTRYPA8,carmen,leaf_spacing,distal,5,5,distales | distales | distales | distales | distales
individual_061,PPSTRYPA8,carmen,leaf_complexity_type,simple,5,5,simple | simple | simple | simple | simple
individual_061,PPSTRYPA8,carmen,compound_leaf_type,__missing__,5,0,N/A | N/A | N/A | N/A | N/A
individual_061,PPSTRYPA8,carmen,leaflet_arrangement,__missing__,5,0,N/A | N/A | N/A | N/A | N/A
individual_061,PPSTRYPA8,carmen,leaf_margin,entire,5,5,entero | entero | entero | entero | entero
individual_061,PPSTRYPA8,carmen,leaf_shape,elliptic,5,5,eliptica | eliptica | eliptica | eliptica | eliptica
individual_061,PPSTRYPA8,carmen,leaf_apex,acuminate,5,5,acuminado | acuminado | acuminado | acuminado | acuminado
individual_061,PPSTRYPA8,carmen,leaf_base,cuneate,5,5,cuneada | cuneada | cuneada | cuneada | cuneada
individual_061,PPSTRYPA8,carmen,venation,pinnate,5,5,pinnada | pinnada | pinnada | pinnada | pinnada
individual_061,PPSTRYPA8,carmen,leaf_trichomes,absent,5,5,ausente | ausente | ausente | ausente | presentes
individual_061,PPSTRYPA8,carmen,petiole_length,short,5,4,corto | corto | corto | no visible | corto
individual_061,PPSTRYPA8,carmen,petiole_features,terete,5,2,no claro | no claro | terete | no visible | terete
individual_061,PPSTRYPA8,carmen,stem_type,herbaceous,5,5,herbaceo | herbaceo | herbaceo | herbaceo | herbaceo
individual_061,PPSTRYPA8,carmen,stem_trichomes,absent,5,5,ausente | ausente | ausente | ausente | presente
individual_061,PPSTRYPA8,carmen,stem_texture,smooth,5,5,lisa | lisa | lisa | lisa | lisa
individual_061,PPSTRYPA8,carmen,stipules,present,5,3,presentes | presentes | presentes | no visible | no visible
individual_061,PPSTRYPA8,carmen,latex,__missing__,5,0,no observado | no observado | no observado | no visible | no observado
individual_061,PPSTRYPA8,carmen,pulvinus,absent,5,4,ausente | ausente | ausente | no visible | ausente
individual_061,PPSTRYPA8,carmen,tendrils,absent,5,5,ausentes | ausentes | ausentes | ausentes | ausentes
individual_061,PPSTRYPA8,carmen,damage,present,5,5,presente | presente | ausente | presente | presente
individual_062,SRBANICO6,carmen,leaf_relative_position,opposite,5,5,opuesta | opuesta | opuesta | opuesta | opuesta
individual_062,SRBANICO6,carmen,leaf_spacing,distal,5,5,distales | distales | distales | distales | distales
individual_062,SRBANICO6,carmen,leaf_complexity_type,simple,5,5,simple | simple | simple | simple | simple
individual_062,SRBANICO6,carmen,compound_leaf_type,__missing__,5,0,N/A | N/A | N/A | N/A | N/A
individual_062,SRBANICO6,carmen,leaflet_arrangement,__missing__,5,0,N/A | N/A | N/A | N/A | N/A
individual_062,SRBANICO6,carmen,leaf_margin,entire,5,5,entero | entero | entero | entero | entero
individual_062,SRBANICO6,carmen,leaf_shape,elliptic,5,5,eliptica | eliptica | eliptica | eliptica | eliptica
individual_062,SRBANICO6,carmen,leaf_apex,acute,5,5,agudo | agudo | agudo | agudo | agudo
individual_062,SRBANICO6,carmen,leaf_base,cuneate,5,5,cuneada | cuneada | cuneada | cuneada | cuneada
individual_062,SRBANICO6,carmen,venation,pinnate,5,4,pinnada | pinnada | pinnada | cuneada | pinnada
individual_062,SRBANICO6,carmen,leaf_trichomes,absent,5,5,ausente | ausente | ausente | ausente | ausente
individual_062,SRBANICO6,carmen,petiole_length,short,5,5,corto | corto | corto | corto | corto
individual_062,SRBANICO6,carmen,petiole_features,terete,5,5,terete | terete | terete | terete | terete
individual_062,SRBANICO6,carmen,stem_type,herbaceous,5,5,leñoso | herbaceo | herbaceo | herbaceo | herbaceo
individual_062,SRBANICO6,carmen,stem_trichomes,absent,5,5,ausente | ausente | ausente | ausente | ausente
individual_062,SRBANICO6,carmen,stem_texture,smooth,5,5,lisa | lisa | lisa | lisa | lisa
individual_062,SRBANICO6,carmen,stipules,absent,5,5,ausentes | ausentes | ausentes | ausentes | presentes
individual_062,SRBANICO6,carmen,latex,__missing__,5,0,no observado | no observado | no observado | no observado | no observado
individual_062,SRBANICO6,carmen,pulvinus,absent,5,5,ausente | ausente | ausente | ausente | ausente
individual_062,SRBANICO6,carmen,tendrils,absent,5,5,ausentes | ausentes | ausentes | ausentes | ausentes
individual_062,SRBANICO6,carmen,damage,present,5,5,presente | presente | presente | presente | presente
individual_063,BAR0538,carmen,leaf_relative_position,opposite,5,5,verticilada | verticilada | opuesta | opuesta | opuesta
individual_063,BAR0538,carmen,leaf_spacing,clustered,5,5,agrupada | agrupada | agrupada | agrupada | agrupada
individual_063,BAR0538,carmen,leaf_complexity_type,simple,5,5,simple | simple | simple | simple | simple
individual_063,BAR0538,carmen,compound_leaf_type,__missing__,5,0,N/A | N/A | N/A | N/A | N/A
individual_063,BAR0538,carmen,leaflet_arrangement,__missing__,5,0,N/A | N/A | N/A | N/A | N/A
individual_063,BAR0538,carmen,leaf_margin,entire,5,5,entero | entero | entero | entero | entero
individual_063,BAR0538,carmen,leaf_shape,elliptic,5,5,eliptica | eliptica | eliptica | eliptica | eliptica
individual_063,BAR0538,carmen,leaf_apex,acute,5,5,agudo | agudo | agudo | agudo | obtuso
individual_063,BAR0538,carmen,leaf_base,truncate,5,5,truncada | truncada | truncada | truncada | truncada
individual_063,BAR0538,carmen,venation,pinnate,5,5,pinnada | pinnada | pinnada | pinnada | pinnada
individual_063,BAR0538,carmen,leaf_trichomes,absent,5,5,ausente | ausente | ausente | ausente | ausente
individual_063,BAR0538,carmen,petiole_length,sessile,5,4,no visible | ausente | ausente | ausente | ausente
individual_063,BAR0538,carmen,petiole_features,__missing__,5,0,no visible | ausente | ausente | ausente | ausente
individual_063,BAR0538,carmen,stem_type,woody,5,1,no visible | no claro | no visible | leñoso | no visible
individual_063,BAR0538,carmen,stem_trichomes,__missing__,5,0,no visible | no claro | no visible | no claro | no visible
individual_063,BAR0538,carmen,stem_texture,smooth,5,1,no visible | no visible | no visible | lisa | no visible
individual_063,BAR0538,carmen,stipules,absent,5,2,no claro | no claro | ausentes | ausentes | no visible
individual_063,BAR0538,carmen,latex,__missing__,5,0,no visible | no visible | no observado | no observado | no visible
individual_063,BAR0538,carmen,pulvinus,absent,5,3,no visible | no visible | ausente | ausente | ausente
individual_063,BAR0538,carmen,tendrils,absent,5,3,no visible | no visible | ausentes | ausentes | ausentes
individual_063,BAR0538,carmen,damage,present,5,5,presente | presente | presente | presente | presente
individual_064,MEMASCNE4,carmen,leaf_relative_position,opposite,5,5,opuesta | opuesta | verticilada | opuesta | opuesta
individual_064,MEMASCNE4,carmen,leaf_spacing,distal,5,5,distales | distales | agrupada | distales | distales
individual_064,MEMASCNE4,carmen,leaf_complexity_type,simple,5,5,simple | simple | simple | simple | simple
individual_064,MEMASCNE4,carmen,compound_leaf_type,__missing__,5,0,N/A | N/A | N/A | N/A | N/A
individual_064,MEMASCNE4,carmen,leaflet_arrangement,__missing__,5,0,N/A | N/A | N/A | N/A | N/A
individual_064,MEMASCNE4,carmen,leaf_margin,entire,5,5,entero | entero | entero | entero | entero
individual_064,MEMASCNE4,carmen,leaf_shape,elliptic,5,5,eliptica | eliptica | obovada | obovada | eliptica
individual_064,MEMASCNE4,carmen,leaf_apex,acute,5,5,agudo | agudo | agudo | agudo | agudo
individual_064,MEMASCNE4,carmen,leaf_base,cuneate,5,5,cuneada | cuneada | cuneada | cuneada | cuneada
individual_064,MEMASCNE4,carmen,venation,pinnate,5,5,pinnada | pinnada | pinnada | pinnada | pinnada
individual_064,MEMASCNE4,carmen,leaf_trichomes,absent,5,4,no claro | ausente | ausente | ausente | ausente
individual_064,MEMASCNE4,carmen,petiole_length,long,5,5,largo | largo | largo | largo | largo
individual_064,MEMASCNE4,carmen,petiole_features,terete,5,3,no claro | terete | no claro | terete | terete
individual_064,MEMASCNE4,carmen,stem_type,woody,5,5,leñoso | leñoso | leñoso | herbaceo | herbaceo
individual_064,MEMASCNE4,carmen,stem_trichomes,absent,5,5,ausente | ausente | ausente | ausente | ausente
individual_064,MEMASCNE4,carmen,stem_texture,smooth,5,5,lisa | lisa | lisa | lisa | lisa
individual_064,MEMASCNE4,carmen,stipules,absent,5,1,no claro | no claro | no claro | no claro | ausentes
individual_064,MEMASCNE4,carmen,latex,__missing__,5,0,no observado | no observado | no observado | no observado | no observado
individual_064,MEMASCNE4,carmen,pulvinus,absent,5,3,no visible | ausente | no claro | ausente | ausente
individual_064,MEMASCNE4,carmen,tendrils,absent,5,5,ausentes | ausentes | ausentes | ausentes | ausentes
individual_064,MEMASCNE4,carmen,damage,present,5,5,presente | presente | presente | ausente | ausente
individual_065,SHMICOSI7,carmen,leaf_relative_position,opposite,5,5,opuesta | opuesta | opuesta | opuesta | opuesta
individual_065,SHMICOSI7,carmen,leaf_spacing,distal,5,5,distales | distales | distales | distales | distales
individual_065,SHMICOSI7,carmen,leaf_complexity_type,simple,5,5,simple | simple | simple | simple | simple
individual_065,SHMICOSI7,carmen,compound_leaf_type,__missing__,5,0,N/A | N/A | N/A | N/A | N/A
individual_065,SHMICOSI7,carmen,leaflet_arrangement,__missing__,5,0,N/A | N/A | N/A | N/A | N/A
individual_065,SHMICOSI7,carmen,leaf_margin,toothed,5,5,dentado | dentado | dentado | dentado | dentado
individual_065,SHMICOSI7,carmen,leaf_shape,elliptic,5,5,eliptica | eliptica | eliptica | eliptica | eliptica
individual_065,SHMICOSI7,carmen,leaf_apex,acute,5,5,agudo | agudo | agudo | agudo | agudo
individual_065,SHMICOSI7,carmen,leaf_base,truncate,5,5,cordada | truncada | truncada | truncada | truncada
individual_065,SHMICOSI7,carmen,venation,pinnate,5,5,pinnada | pinnada | pinnada | pinnada | pinnada
individual_065,SHMICOSI7,carmen,leaf_trichomes,absent,5,5,ausente | ausente | ausente | ausente | ausente
individual_065,SHMICOSI7,carmen,petiole_length,short,5,5,corto | corto | corto | corto | corto
individual_065,SHMICOSI7,carmen,petiole_features,terete,5,4,terete | terete | terete | no claro | terete
individual_065,SHMICOSI7,carmen,stem_type,herbaceous,5,2,herbaceo | no visible | no claro | no visible | leñoso
individual_065,SHMICOSI7,carmen,stem_trichomes,present,5,1,no claro | no visible | no claro | no visible | presente
individual_065,SHMICOSI7,carmen,stem_texture,__missing__,5,0,no visible | no visible | no visible | no visible | no claro
individual_065,SHMICOSI7,carmen,stipules,absent,5,1,no visible | no visible | no visible | no visible | ausentes
individual_065,SHMICOSI7,carmen,latex,__missing__,5,0,no visible | no observado | no observado | no observado | no observado
individual_065,SHMICOSI7,carmen,pulvinus,absent,5,2,no claro | ausente | no claro | no visible | ausente
individual_065,SHMICOSI7,carmen,tendrils,absent,5,5,ausentes | ausentes | ausentes | ausentes | ausentes
individual_065,SHMICOSI7,carmen,damage,present,5,5,presente | presente | presente | presente | presente
individual_066,BAR0586,carmen,leaf_relative_position,alternate,5,5,alterna | alterna | alterna | opuesta | alterna
individual_066,BAR0586,carmen,leaf_spacing,distal,5,5,distales | distales | distales | distales | distales
individual_066,BAR0586,carmen,leaf_complexity_type,compound,5,5,compuesta | compuesta | compuesta | simple | compuesta
individual_066,BAR0586,carmen,compound_leaf_type,even-pinnate,5,4,paripinnada | paripinnada | paripinnada | N/A | paripinnada
individual_066,BAR0586,carmen,leaflet_arrangement,opposite,5,4,opuesto | opuesto | opuesto | N/A | opuesto
individual_066,BAR0586,carmen,leaf_margin,__missing__,5,0,entero ondulada | entero ondulada | entero ondulada | entero ondulada | entero ondulada
individual_066,BAR0586,carmen,leaf_shape,lanceolate,5,5,lanceolada | lanceolada | lanceolada | lanceolada | lanceolada
individual_066,BAR0586,carmen,leaf_apex,acute,5,5,agudo | agudo | agudo | agudo | agudo
individual_066,BAR0586,carmen,leaf_base,rounded,5,5,redondeada | redondeada | redondeada | redondeada | redondeada
individual_066,BAR0586,carmen,venation,pinnate,5,5,pinnada | pinnada | pinnada | pinnada | pinnada
individual_066,BAR0586,carmen,leaf_trichomes,absent,5,5,ausente | ausente | ausente | ausente | ausente
individual_066,BAR0586,carmen,petiole_length,long,5,5,largo | largo | largo | ausente | ausente
individual_066,BAR0586,carmen,petiole_features,terete,5,3,terete | terete | no claro | no claro | terete
individual_066,BAR0586,carmen,stem_type,woody,5,4,leñoso | leñoso | no claro | leñoso | leñoso
individual_066,BAR0586,carmen,stem_trichomes,absent,5,4,ausente | ausente | no claro | ausente | ausente
individual_066,BAR0586,carmen,stem_texture,smooth,5,4,lisa | lisa | no claro | lisa | lisa
individual_066,BAR0586,carmen,stipules,absent,5,2,ausentes | no claro | no claro | ausentes | no claro
individual_066,BAR0586,carmen,latex,__missing__,5,0,no observado | no observado | no observado | no observado | no observado
individual_066,BAR0586,carmen,pulvinus,__missing__,5,0,no claro | no claro | no claro | no claro | no claro
individual_066,BAR0586,carmen,tendrils,absent,5,5,ausentes | ausentes | ausentes | ausentes | ausentes
individual_066,BAR0586,carmen,damage,present,5,5,ausente | ausente | presente | presente | presente
individual_067,CHGUARGU3,carmen,leaf_relative_position,opposite,5,4,alterna | no visible | verticilada | opuesta | opuesta
individual_067,CHGUARGU3,carmen,leaf_spacing,distal,5,4,distales | no visible | agrupada | agrupada | distales
individual_067,CHGUARGU3,carmen,leaf_complexity_type,compound,5,5,compuesta | compuesta | compuesta | compuesta | simple
individual_067,CHGUARGU3,carmen,compound_leaf_type,even-pinnate,5,4,paripinnada | paripinnada | paripinnada | paripinnada | N/A
individual_067,CHGUARGU3,carmen,leaflet_arrangement,opposite,5,4,opuesto | opuesto | opuesto | opuesto | N/A
individual_067,CHGUARGU3,carmen,leaf_margin,entire,5,5,entero | entero | entero | entero | entero
individual_067,CHGUARGU3,carmen,leaf_shape,elliptic,5,5,eliptica | eliptica | eliptica | lanceolada | lanceolada
individual_067,CHGUARGU3,carmen,leaf_apex,acuminate,5,5,acuminado | acuminado | acuminado | acuminado | acuminado
individual_067,CHGUARGU3,carmen,leaf_base,cuneate,5,5,cuneada | cuneada | cuneada | cuneada | cuneada
individual_067,CHGUARGU3,carmen,venation,pinnate,5,5,pinnada | pinnada | pinnada | pinnada | pinnada
individual_067,CHGUARGU3,carmen,leaf_trichomes,absent,5,5,ausente | ausente | ausente | ausente | ausente
individual_067,CHGUARGU3,carmen,petiole_length,long,5,5,largo | largo | largo | largo | corto
individual_067,CHGUARGU3,carmen,petiole_features,terete,5,5,terete | terete | terete | terete | terete
individual_067,CHGUARGU3,carmen,stem_type,woody,5,2,leñoso | no visible | no claro | no claro | leñoso
individual_067,CHGUARGU3,carmen,stem_trichomes,absent,5,2,ausente | no visible | no visible | no visible | ausente
individual_067,CHGUARGU3,carmen,stem_texture,smooth,5,1,no claro | no visible | no visible | no visible | lisa
individual_067,CHGUARGU3,carmen,stipules,absent,5,1,no visible | no visible | no claro | no claro | ausentes
individual_067,CHGUARGU3,carmen,latex,__missing__,5,0,no observado | no visible | no visible | no visible | no observado
individual_067,CHGUARGU3,carmen,pulvinus,absent,5,1,no visible | no visible | no claro | no claro | ausente
individual_067,CHGUARGU3,carmen,tendrils,absent,5,4,ausentes | no visible | ausentes | ausentes | ausentes
individual_067,CHGUARGU3,carmen,damage,present,5,5,presente | presente | presente | presente | presente
individual_068,OLTRI2TU6,carmen,leaf_relative_position,alternate,5,5,alterna | alterna | alterna | alterna | alterna
individual_068,OLTRI2TU6,carmen,leaf_spacing,distal,5,5,distales | distales | distales | distales | distales
individual_068,OLTRI2TU6,carmen,leaf_complexity_type,simple,5,5,simple | simple | simple | simple | simple
individual_068,OLTRI2TU6,carmen,compound_leaf_type,__missing__,5,0,N/A | N/A | N/A | N/A | N/A
individual_068,OLTRI2TU6,carmen,leaflet_arrangement,__missing__,5,0,N/A | N/A | N/A | N/A | N/A
individual_068,OLTRI2TU6,carmen,leaf_margin,entire,5,5,entero | entero | entero | entero | entero
individual_068,OLTRI2TU6,carmen,leaf_shape,elliptic,5,4,eliptica | eliptica | eliptica | eliptica | no claro
individual_068,OLTRI2TU6,carmen,leaf_apex,acute,5,4,agudo | agudo | agudo | agudo | no claro
individual_068,OLTRI2TU6,carmen,leaf_base,cuneate,5,5,cuneada | cuneada | cuneada | cuneada | cuneada
individual_068,OLTRI2TU6,carmen,venation,pinnate,5,5,pinnada | pinnada | pinnada | pinnada | pinnada
individual_068,OLTRI2TU6,carmen,leaf_trichomes,absent,5,5,ausente | ausente | ausente | ausente | ausente
individual_068,OLTRI2TU6,carmen,petiole_length,short,5,5,corto | corto | corto | corto | corto
individual_068,OLTRI2TU6,carmen,petiole_features,terete,5,5,terete | terete | terete | terete | terete
individual_068,OLTRI2TU6,carmen,stem_type,herbaceous,5,5,herbaceo | herbaceo | herbaceo | herbaceo | herbaceo
individual_068,OLTRI2TU6,carmen,stem_trichomes,absent,5,5,ausente | ausente | ausente | ausente | ausente
individual_068,OLTRI2TU6,carmen,stem_texture,smooth,5,5,lisa | lisa | lisa | lisa | lisa
individual_068,OLTRI2TU6,carmen,stipules,absent,5,5,ausentes | ausentes | ausentes | ausentes | ausentes
individual_068,OLTRI2TU6,carmen,latex,__missing__,5,0,no observado | no observado | no observado | no observado | no observado
individual_068,OLTRI2TU6,carmen,pulvinus,absent,5,1,no visible | no claro | ausente | no claro | no claro
individual_068,OLTRI2TU6,carmen,tendrils,absent,5,5,ausentes | ausentes | ausentes | ausentes | ausentes
individual_068,OLTRI2TU6,carmen,damage,absent,5,5,ausente | ausente | ausente | ausente | ausente
individual_069,PPABUTRA10,carmen,leaf_relative_position,alternate,5,5,opuesta | alterna | alterna | opuesta | alterna
individual_069,PPABUTRA10,carmen,leaf_spacing,distal,5,5,distales | distales | distales | distales | distales
individual_069,PPABUTRA10,carmen,leaf_complexity_type,simple,5,5,simple | simple | simple | simple | simple
individual_069,PPABUTRA10,carmen,compound_leaf_type,__missing__,5,0,N/A | N/A | N/A | N/A | N/A
individual_069,PPABUTRA10,carmen,leaflet_arrangement,__missing__,5,0,N/A | N/A | N/A | N/A | N/A
individual_069,PPABUTRA10,carmen,leaf_margin,entire,5,5,entero | entero | entero | entero | entero
individual_069,PPABUTRA10,carmen,leaf_shape,elliptic,5,5,eliptica | eliptica | eliptica | eliptica | eliptica
individual_069,PPABUTRA10,carmen,leaf_apex,acute,5,5,agudo | agudo | agudo | agudo | agudo
individual_069,PPABUTRA10,carmen,leaf_base,rounded,5,5,redondeada | redondeada | redondeada | redondeada | redondeada
individual_069,PPABUTRA10,carmen,venation,pinnate,5,5,pinnada | pinnada | pinnada | pinnada | pinnada
individual_069,PPABUTRA10,carmen,leaf_trichomes,absent,5,5,ausente | ausente | ausente | ausente | ausente
individual_069,PPABUTRA10,carmen,petiole_length,long,5,5,largo | largo | largo | largo | largo
individual_069,PPABUTRA10,carmen,petiole_features,terete,5,5,terete | terete | terete | terete | terete
individual_069,PPABUTRA10,carmen,stem_type,herbaceous,5,5,herbaceo | herbaceo | herbaceo | herbaceo | herbaceo
individual_069,PPABUTRA10,carmen,stem_trichomes,absent,5,4,ausente | ausente | ausente | ausente | no claro
individual_069,PPABUTRA10,carmen,stem_texture,smooth,5,3,lisa | no claro | lisa | lisa | no claro
individual_069,PPABUTRA10,carmen,stipules,present,5,2,presentes | no claro | no claro | ausentes | no claro
individual_069,PPABUTRA10,carmen,latex,__missing__,5,0,no observado | no observado | no observado | no observado | no observado
individual_069,PPABUTRA10,carmen,pulvinus,present,5,4,presente  basal | presente  basal | presente  basal | presente  basal | no claro
individual_069,PPABUTRA10,carmen,tendrils,absent,5,5,ausentes | ausentes | ausentes | ausentes | ausentes
individual_069,PPABUTRA10,carmen,damage,absent,5,5,ausente | ausente | ausente | ausente | ausente
individual_070,SHBROSGU5,carmen,leaf_relative_position,alternate,5,5,alterna | alterna | alterna | alterna | alterna
individual_070,SHBROSGU5,carmen,leaf_spacing,distal,5,5,distales | distales | distales | distales | distales
individual_070,SHBROSGU5,carmen,leaf_complexity_type,simple,5,5,simple | simple | simple | simple | simple
individual_070,SHBROSGU5,carmen,compound_leaf_type,__missing__,5,0,N/A | N/A | N/A | N/A | N/A
individual_070,SHBROSGU5,carmen,leaflet_arrangement,__missing__,5,0,N/A | N/A | N/A | N/A | N/A
individual_070,SHBROSGU5,carmen,leaf_margin,toothed,5,5,dentado | dentado | dentado | dentado | entero
individual_070,SHBROSGU5,carmen,leaf_shape,lanceolate,5,5,lanceolada | lanceolada | lanceolada | oblonga | oblonga
individual_070,SHBROSGU5,carmen,leaf_apex,acuminate,5,4,acuminado | acuminado | acuminado | acuminado | no claro
individual_070,SHBROSGU5,carmen,leaf_base,cuneate,5,5,cuneada | cuneada | cuneada | cuneada | cuneada
individual_070,SHBROSGU5,carmen,venation,pinnate,5,5,pinnada | pinnada | pinnada | pinnada | pinnada
individual_070,SHBROSGU5,carmen,leaf_trichomes,absent,5,5,ausente | ausente | ausente | ausente | ausente
individual_070,SHBROSGU5,carmen,petiole_length,short,5,5,corto | corto | corto | corto | corto
individual_070,SHBROSGU5,carmen,petiole_features,terete,5,5,terete | terete | terete | terete | terete
individual_070,SHBROSGU5,carmen,stem_type,woody,5,5,leñoso | leñoso | leñoso | leñoso | leñoso
individual_070,SHBROSGU5,carmen,stem_trichomes,present,5,5,presente | presente | presente | presente | presente
individual_070,SHBROSGU5,carmen,stem_texture,smooth,5,5,lisa | lisa | lisa | lisa | lisa
individual_070,SHBROSGU5,carmen,stipules,present,5,5,presentes | presentes | presentes | presentes | presentes
individual_070,SHBROSGU5,carmen,latex,__missing__,5,0,no observado | no observado | no observado | no observado | no observado
individual_070,SHBROSGU5,carmen,pulvinus,absent,5,5,ausente | ausente | ausente | ausente | ausente
individual_070,SHBROSGU5,carmen,tendrils,absent,5,5,ausentes | ausentes | ausentes | ausentes | ausentes
individual_070,SHBROSGU5,carmen,damage,present,5,5,presente | presente | presente | presente | ausente
individual_071,MECASTEL6,carmen,leaf_relative_position,alternate,5,3,no claro | no claro | alterna | verticilada | alterna
individual_071,MECASTEL6,carmen,leaf_spacing,distal,5,5,distales | distales | distales | agrupada | distales
individual_071,MECASTEL6,carmen,leaf_complexity_type,simple,5,5,simple | simple | simple | simple | simple
individual_071,MECASTEL6,carmen,compound_leaf_type,__missing__,5,0,N/A | N/A | N/A | N/A | N/A
individual_071,MECASTEL6,carmen,leaflet_arrangement,__missing__,5,0,N/A | N/A | N/A | N/A | N/A
individual_071,MECASTEL6,carmen,leaf_margin,toothed,5,5,serrado | serrado | serrado | serrado | serrado
individual_071,MECASTEL6,carmen,leaf_shape,obovate,5,5,obovada | obovada | obovada | obovada | obovada
individual_071,MECASTEL6,carmen,leaf_apex,acuminate,5,5,acuminado | acuminado | acuminado | acuminado | acuminado
individual_071,MECASTEL6,carmen,leaf_base,cordate,5,5,cordada | cordada | cordada | cordada | cordada
individual_071,MECASTEL6,carmen,venation,pinnate,5,5,pinnada | pinnada | pinnada | pinnada | pinnada
individual_071,MECASTEL6,carmen,leaf_trichomes,absent,5,5,ausente | ausente | ausente | ausente | ausente
individual_071,MECASTEL6,carmen,petiole_length,long,5,3,no visible | no visible | corto | largo | largo
individual_071,MECASTEL6,carmen,petiole_features,grooved,5,2,no visible | no visible | acanalado | no claro | terete
individual_071,MECASTEL6,carmen,stem_type,herbaceous,5,1,no visible | no visible | no claro | no visible | herbaceo
individual_071,MECASTEL6,carmen,stem_trichomes,__missing__,5,0,no visible | no visible | no claro | no claro | no claro
individual_071,MECASTEL6,carmen,stem_texture,__missing__,5,0,no visible | no visible | no claro | no visible | no claro
individual_071,MECASTEL6,carmen,stipules,present,5,4,presentes | presentes | presentes | no claro | presentes
individual_071,MECASTEL6,carmen,latex,__missing__,5,0,no observado | no observado | no observado | no observado | no observado
individual_071,MECASTEL6,carmen,pulvinus,absent,5,2,no visible | no visible | no claro | ausente | ausente
individual_071,MECASTEL6,carmen,tendrils,absent,5,3,no visible | no visible | ausentes | ausentes | ausentes
individual_071,MECASTEL6,carmen,damage,absent,5,5,ausente | ausente | ausente | ausente | ausente
individual_072,BVMAQUCO1,carmen,leaf_relative_position,alternate,5,5,alterna | alterna | verticilada | verticilada | alterna
individual_072,BVMAQUCO1,carmen,leaf_spacing,distal,5,5,distales | distales | agrupada | agrupada | distales
individual_072,BVMAQUCO1,carmen,leaf_complexity_type,simple,5,5,simple | simple | simple | simple | simple
individual_072,BVMAQUCO1,carmen,compound_leaf_type,__missing__,5,0,N/A | N/A | N/A | N/A | N/A
individual_072,BVMAQUCO1,carmen,leaflet_arrangement,__missing__,5,0,N/A | N/A | N/A | N/A | N/A
individual_072,BVMAQUCO1,carmen,leaf_margin,entire,5,5,entero | entero | entero | entero | entero
individual_072,BVMAQUCO1,carmen,leaf_shape,lanceolate,5,5,lanceolada | lanceolada | lanceolada | lanceolada | obovada
individual_072,BVMAQUCO1,carmen,leaf_apex,acuminate,5,4,acuminado | acuminado | acuminado | acuminado | no claro
individual_072,BVMAQUCO1,carmen,leaf_base,cuneate,5,5,cuneada | cuneada | cuneada | cuneada | cuneada
individual_072,BVMAQUCO1,carmen,venation,pinnate,5,5,pinnada | pinnada | pinnada | pinnada | pinnada
individual_072,BVMAQUCO1,carmen,leaf_trichomes,absent,5,5,ausente | ausente | ausente | ausente | ausente
individual_072,BVMAQUCO1,carmen,petiole_length,short,5,5,corto | corto | corto | corto | corto
individual_072,BVMAQUCO1,carmen,petiole_features,terete,5,3,terete | terete | no claro | no claro | terete
individual_072,BVMAQUCO1,carmen,stem_type,herbaceous,5,3,herbaceo | herbaceo | no claro | no visible | herbaceo
individual_072,BVMAQUCO1,carmen,stem_trichomes,absent,5,3,ausente | ausente | no visible | no visible | ausente
individual_072,BVMAQUCO1,carmen,stem_texture,smooth,5,3,lisa | lisa | no claro | no visible | lisa
individual_072,BVMAQUCO1,carmen,stipules,absent,5,2,ausentes | no claro | no visible | no claro | presentes
individual_072,BVMAQUCO1,carmen,latex,__missing__,5,0,no observado | no observado | no visible | no observado | no observado
individual_072,BVMAQUCO1,carmen,pulvinus,absent,5,3,ausente | ausente | no claro | no visible | ausente
individual_072,BVMAQUCO1,carmen,tendrils,absent,5,5,ausentes | ausentes | ausentes | ausentes | ausentes
individual_072,BVMAQUCO1,carmen,damage,present,5,5,presente | presente | presente | presente | presente
individual_073,SHPEREXA9,carmen,leaf_relative_position,whorled,5,5,verticilada | verticilada | verticilada | verticilada | alterna
individual_073,SHPEREXA9,carmen,leaf_spacing,clustered,5,5,agrupada | agrupada | agrupada | agrupada | agrupada
individual_073,SHPEREXA9,carmen,leaf_complexity_type,simple,5,5,simple | simple | simple | simple | simple
individual_073,SHPEREXA9,carmen,compound_leaf_type,__missing__,5,0,N/A | N/A | N/A | N/A | N/A
individual_073,SHPEREXA9,carmen,leaflet_arrangement,__missing__,5,0,N/A | N/A | N/A | N/A | N/A
individual_073,SHPEREXA9,carmen,leaf_margin,toothed,5,5,serrado | serrado | serrado | serrado | serrado
individual_073,SHPEREXA9,carmen,leaf_shape,lanceolate,5,5,lanceolada | lanceolada | lanceolada | lanceolada | lanceolada
individual_073,SHPEREXA9,carmen,leaf_apex,acuminate,5,5,acuminado | acuminado | acuminado | acuminado | acuminado
individual_073,SHPEREXA9,carmen,leaf_base,truncate,5,5,truncada | truncada | truncada | truncada | truncada
individual_073,SHPEREXA9,carmen,venation,pinnate,5,5,pinnada | pinnada | pinnada | pinnada | pinnada
individual_073,SHPEREXA9,carmen,leaf_trichomes,absent,5,5,ausente | ausente | ausente | ausente | ausente
individual_073,SHPEREXA9,carmen,petiole_length,sessile,5,2,ausente | no visible | no visible | no visible | corto
individual_073,SHPEREXA9,carmen,petiole_features,terete,5,1,no visible | no visible | no visible | no visible | terete
individual_073,SHPEREXA9,carmen,stem_type,woody,5,2,leñoso | no visible | no visible | no claro | leñoso
individual_073,SHPEREXA9,carmen,stem_trichomes,absent,5,2,ausente | no visible | no visible | no visible | ausente
individual_073,SHPEREXA9,carmen,stem_texture,ridged,5,1,no claro | no visible | no visible | no visible | estriada
individual_073,SHPEREXA9,carmen,stipules,present,5,5,ausentes | presentes | ausentes | presentes | presentes
individual_073,SHPEREXA9,carmen,latex,__missing__,5,0,no observado | no observado | no observado | no observado | no observado
individual_073,SHPEREXA9,carmen,pulvinus,absent,5,1,no visible | no visible | no visible | no visible | ausente
individual_073,SHPEREXA9,carmen,tendrils,absent,5,5,ausentes | ausentes | ausentes | ausentes | ausentes
individual_073,SHPEREXA9,carmen,damage,present,5,5,presente | presente | presente | presente | presente
individual_074,OLPOULAR2,carmen,leaf_relative_position,whorled,5,5,verticilada | verticilada | verticilada | verticilada | verticilada
individual_074,OLPOULAR2,carmen,leaf_spacing,clustered,5,5,agrupada | agrupada | agrupada | agrupada | agrupada
individual_074,OLPOULAR2,carmen,leaf_complexity_type,simple,5,5,simple | simple | simple | simple | simple
individual_074,OLPOULAR2,carmen,compound_leaf_type,__missing__,5,0,N/A | N/A | N/A | N/A | N/A
individual_074,OLPOULAR2,carmen,leaflet_arrangement,__missing__,5,0,N/A | N/A | N/A | N/A | N/A
individual_074,OLPOULAR2,carmen,leaf_margin,entire,5,5,entero | entero | entero | entero | entero
individual_074,OLPOULAR2,carmen,leaf_shape,lanceolate,5,4,lanceolada | lanceolada | obovada | lanceolada | no claro
individual_074,OLPOULAR2,carmen,leaf_apex,acute,5,4,agudo | agudo | agudo | agudo | no visible
individual_074,OLPOULAR2,carmen,leaf_base,cuneate,5,5,cuneada | cuneada | cuneada | cuneada | cuneada
individual_074,OLPOULAR2,carmen,venation,pinnate,5,5,pinnada | pinnada | pinnada | pinnada | pinnada
individual_074,OLPOULAR2,carmen,leaf_trichomes,absent,5,5,ausente | ausente | ausente | ausente | ausente
individual_074,OLPOULAR2,carmen,petiole_length,short,5,5,corto | corto | largo | largo | corto
individual_074,OLPOULAR2,carmen,petiole_features,terete,5,3,no claro | no claro | terete | terete | terete
individual_074,OLPOULAR2,carmen,stem_type,herbaceous,5,1,no visible | no claro | no visible | no visible | herbaceo
individual_074,OLPOULAR2,carmen,stem_trichomes,__missing__,5,0,no visible | no visible | no visible | no visible | no claro
individual_074,OLPOULAR2,carmen,stem_texture,ridged,5,1,no visible | no visible | no visible | no visible | estriada
individual_074,OLPOULAR2,carmen,stipules,present,5,1,no claro | no claro | no claro | no claro | presentes
individual_074,OLPOULAR2,carmen,latex,__missing__,5,0,no visible | no visible | no visible | no observado | no observado
individual_074,OLPOULAR2,carmen,pulvinus,absent,5,1,no visible | no visible | no claro | no visible | ausente
individual_074,OLPOULAR2,carmen,tendrils,absent,5,5,ausentes | ausentes | ausentes | ausentes | ausentes
individual_074,OLPOULAR2,carmen,damage,present,5,5,presente | presente | presente | presente | presente
individual_075,BVSOROAF8,carmen,leaf_relative_position,alternate,5,5,alterna | alterna | alterna | alterna | alterna
individual_075,BVSOROAF8,carmen,leaf_spacing,distal,5,5,distales | distales | distales | distales | distales
individual_075,BVSOROAF8,carmen,leaf_complexity_type,simple,5,5,simple | simple | simple | simple | simple
individual_075,BVSOROAF8,carmen,compound_leaf_type,__missing__,5,0,N/A | N/A | N/A | N/A | N/A
individual_075,BVSOROAF8,carmen,leaflet_arrangement,__missing__,5,0,N/A | N/A | N/A | N/A | N/A
individual_075,BVSOROAF8,carmen,leaf_margin,toothed,5,5,dentado | dentado | dentado | dentado | dentado
individual_075,BVSOROAF8,carmen,leaf_shape,lanceolate,5,5,lanceolada | lanceolada | obovada | obovada | lanceolada
individual_075,BVSOROAF8,carmen,leaf_apex,acuminate,5,5,acuminado | acuminado | acuminado | acuminado | acuminado
individual_075,BVSOROAF8,carmen,leaf_base,cuneate,5,5,cuneada | cuneada | cuneada | cuneada | cuneada
individual_075,BVSOROAF8,carmen,venation,pinnate,5,5,pinnada | pinnada | pinnada | pinnada | pinnada
individual_075,BVSOROAF8,carmen,leaf_trichomes,absent,5,5,ausente | ausente | ausente | ausente | ausente
individual_075,BVSOROAF8,carmen,petiole_length,short,5,4,corto | corto | no visible | corto | corto
individual_075,BVSOROAF8,carmen,petiole_features,terete,5,3,terete | no claro | no visible | terete | terete
individual_075,BVSOROAF8,carmen,stem_type,herbaceous,5,5,herbaceo | herbaceo | herbaceo | herbaceo | herbaceo
individual_075,BVSOROAF8,carmen,stem_trichomes,absent,5,4,ausente | no claro | ausente | ausente | ausente
individual_075,BVSOROAF8,carmen,stem_texture,smooth,5,5,lisa | lisa | lisa | lisa | lisa
individual_075,BVSOROAF8,carmen,stipules,present,5,1,presentes | no visible | no visible | no claro | no claro
individual_075,BVSOROAF8,carmen,latex,__missing__,5,0,no observado | no observado | no observado | no observado | no observado
individual_075,BVSOROAF8,carmen,pulvinus,absent,5,3,ausente | no claro | no visible | ausente | ausente
individual_075,BVSOROAF8,carmen,tendrils,absent,5,5,ausentes | ausentes | ausentes | ausentes | ausentes
individual_075,BVSOROAF8,carmen,damage,present,5,5,presente | presente | presente | presente | presente
individual_076,CHTROPRA2,carmen,leaf_relative_position,alternate,5,5,alterna | alterna | alterna | alterna | alterna
individual_076,CHTROPRA2,carmen,leaf_spacing,distal,5,5,distales | distales | distales | distales | distales
individual_076,CHTROPRA2,carmen,leaf_complexity_type,simple,5,5,simple | simple | simple | simple | simple
individual_076,CHTROPRA2,carmen,compound_leaf_type,__missing__,5,0,N/A | N/A | N/A | N/A | N/A
individual_076,CHTROPRA2,carmen,leaflet_arrangement,__missing__,5,0,N/A | N/A | N/A | N/A | N/A
individual_076,CHTROPRA2,carmen,leaf_margin,toothed,5,5,dentado | dentado crenado | dentado crenado | dentado crenado | dentado crenado
individual_076,CHTROPRA2,carmen,leaf_shape,oblong,5,5,oblonga | lanceolada | obovada | oblonga | obovada
individual_076,CHTROPRA2,carmen,leaf_apex,acuminate,5,4,acuminado | acuminado | acuminado | acuminado | no visible
individual_076,CHTROPRA2,carmen,leaf_base,cuneate,5,5,cuneada | cuneada | cuneada | cuneada | redondeada
individual_076,CHTROPRA2,carmen,venation,pinnate,5,5,pinnada | pinnada | pinnada | pinnada | pinnada
individual_076,CHTROPRA2,carmen,leaf_trichomes,absent,5,5,ausente | ausente | ausente | ausente | ausente
individual_076,CHTROPRA2,carmen,petiole_length,short,5,5,corto | corto | corto | corto | corto
individual_076,CHTROPRA2,carmen,petiole_features,terete,5,5,terete | terete | terete | terete | terete
individual_076,CHTROPRA2,carmen,stem_type,herbaceous,5,5,herbaceo | herbaceo | herbaceo | herbaceo | herbaceo
individual_076,CHTROPRA2,carmen,stem_trichomes,absent,5,4,no claro | ausente | ausente | ausente | ausente
individual_076,CHTROPRA2,carmen,stem_texture,lenticellate,5,3,no claro | lenticelado | no claro | lenticelado | lenticelado
individual_076,CHTROPRA2,carmen,stipules,__missing__,5,0,no claro | no claro | no claro | no claro | no visible
individual_076,CHTROPRA2,carmen,latex,__missing__,5,0,no visible | no observado | no observado | no observado | no observado
individual_076,CHTROPRA2,carmen,pulvinus,absent,5,4,no claro | ausente | ausente | ausente | ausente
individual_076,CHTROPRA2,carmen,tendrils,absent,5,5,ausentes | ausentes | ausentes | ausentes | ausentes
individual_076,CHTROPRA2,carmen,damage,present,5,5,ausente | presente | presente | presente | presente
individual_077,SRVIROSE4,carmen,leaf_relative_position,alternate,5,5,alterna | alterna | alterna | alterna | alterna
individual_077,SRVIROSE4,carmen,leaf_spacing,distal,5,5,distales | distales | distales | distales | distales
individual_077,SRVIROSE4,carmen,leaf_complexity_type,simple,5,5,simple | simple | simple | simple | simple
individual_077,SRVIROSE4,carmen,compound_leaf_type,__missing__,5,0,N/A | N/A | N/A | N/A | N/A
individual_077,SRVIROSE4,carmen,leaflet_arrangement,__missing__,5,0,N/A | N/A | N/A | N/A | N/A
individual_077,SRVIROSE4,carmen,leaf_margin,entire,5,5,entero | entero | entero | entero | entero
individual_077,SRVIROSE4,carmen,leaf_shape,lanceolate,5,4,lanceolada | lanceolada | lanceolada | lanceolada | no claro
individual_077,SRVIROSE4,carmen,leaf_apex,acuminate,5,4,acuminado | agudo | acuminado | acuminado | no visible
individual_077,SRVIROSE4,carmen,leaf_base,cuneate,5,5,cuneada | cuneada | cuneada | cuneada | cuneada
individual_077,SRVIROSE4,carmen,venation,pinnate,5,5,pinnada | pinnada | pinnada | pinnada | pinnada
individual_077,SRVIROSE4,carmen,leaf_trichomes,absent,5,5,ausente | ausente | ausente | ausente | ausente
individual_077,SRVIROSE4,carmen,petiole_length,short,5,5,corto | corto | corto | corto | corto
individual_077,SRVIROSE4,carmen,petiole_features,terete,5,5,terete | terete | terete | terete | terete
individual_077,SRVIROSE4,carmen,stem_type,herbaceous,5,5,Herbaceo | Herbaceo | Herbaceo | Herbaceo | Herbaceo
individual_077,SRVIROSE4,carmen,stem_trichomes,present,5,1,no claro | no claro | no claro | no claro | presente
individual_077,SRVIROSE4,carmen,stem_texture,lenticellate,5,3,lenticelado | no claro | lenticelado | lenticelado | no claro
individual_077,SRVIROSE4,carmen,stipules,present,5,5,presentes | presentes | presentes | presentes | presentes
individual_077,SRVIROSE4,carmen,latex,__missing__,5,0,no observado | no observado | no observado | no observado | no observado
individual_077,SRVIROSE4,carmen,pulvinus,absent,5,5,ausente | ausente | ausente | ausente | ausente
individual_077,SRVIROSE4,carmen,tendrils,absent,5,5,ausentes | ausentes | ausentes | ausentes | ausentes
individual_077,SRVIROSE4,carmen,damage,present,5,5,presente | presente | presente | presente | presente
individual_078,BAR0299,carmen,leaf_relative_position,opposite,5,5,opuesta | opuesta | opuesta | opuesta | opuesta
individual_078,BAR0299,carmen,leaf_spacing,distal,5,5,distales | distales | distales | distales | distales
individual_078,BAR0299,carmen,leaf_complexity_type,simple,5,5,simple | simple | simple | simple | simple
individual_078,BAR0299,carmen,compound_leaf_type,__missing__,5,0,N/A | N/A | N/A | N/A | N/A
individual_078,BAR0299,carmen,leaflet_arrangement,__missing__,5,0,N/A | N/A | N/A | N/A | N/A
individual_078,BAR0299,carmen,leaf_margin,__missing__,5,0,entero ondulada | entero ondulada | entero ondulada | entero ondulada | entero ondulada
individual_078,BAR0299,carmen,leaf_shape,lanceolate,5,5,lanceolada | lanceolada | lanceolada | lanceolada | lanceolada
individual_078,BAR0299,carmen,leaf_apex,acute,5,5,agudo | agudo | agudo | agudo | agudo
individual_078,BAR0299,carmen,leaf_base,rounded,5,5,redondeada | redondeada | redondeada | redondeada | redondeada
individual_078,BAR0299,carmen,venation,pinnate,5,5,pinnada | pinnada | pinnada | pinnada | pinnada
individual_078,BAR0299,carmen,leaf_trichomes,absent,5,5,ausente | ausente | ausente | ausente | ausente
individual_078,BAR0299,carmen,petiole_length,short,5,5,corto | corto | corto | corto | corto
individual_078,BAR0299,carmen,petiole_features,terete,5,5,terete | terete | terete | terete | terete
individual_078,BAR0299,carmen,stem_type,woody,5,5,leñoso | leñoso | leñoso | leñoso | leñoso
individual_078,BAR0299,carmen,stem_trichomes,absent,5,4,ausente | ausente | ausente | ausente | no claro
individual_078,BAR0299,carmen,stem_texture,smooth,5,4,lisa | no claro | estriada | lisa | estriada
individual_078,BAR0299,carmen,stipules,present,5,4,no claro | presentes | presentes | presentes | presentes
individual_078,BAR0299,carmen,latex,__missing__,5,0,no observado | no observado | no observado | no observado | no observado
individual_078,BAR0299,carmen,pulvinus,absent,5,5,ausente | ausente | ausente | ausente | ausente
individual_078,BAR0299,carmen,tendrils,absent,5,5,ausentes | ausentes | ausentes | ausentes | ausentes
individual_078,BAR0299,carmen,damage,present,5,5,presente | presente | presente | presente | presente
individual_079,SRMYRCAGA3,carmen,leaf_relative_position,opposite,5,4,opuesta | opuesta | no claro | opuesta | opuesta
individual_079,SRMYRCAGA3,carmen,leaf_spacing,distal,5,5,distales | distales | distales | distales | distales
individual_079,SRMYRCAGA3,carmen,leaf_complexity_type,simple,5,5,simple | simple | simple | simple | simple
individual_079,SRMYRCAGA3,carmen,compound_leaf_type,__missing__,5,0,N/A | N/A | N/A | N/A | N/A
individual_079,SRMYRCAGA3,carmen,leaflet_arrangement,__missing__,5,0,N/A | N/A | N/A | N/A | N/A
individual_079,SRMYRCAGA3,carmen,leaf_margin,entire,5,5,entero | entero | entero | entero | entero
individual_079,SRMYRCAGA3,carmen,leaf_shape,lanceolate,5,5,lanceolada | lanceolada | lanceolada | lanceolada | lanceolada
individual_079,SRMYRCAGA3,carmen,leaf_apex,acuminate,5,5,acuminado | acuminado | acuminado | acuminado | obtuso
individual_079,SRMYRCAGA3,carmen,leaf_base,cuneate,5,5,cuneada | cuneada | cuneada | cuneada | cuneada
individual_079,SRMYRCAGA3,carmen,venation,pinnate,5,5,pinnada | pinnada | pinnada | pinnada | pinnada
individual_079,SRMYRCAGA3,carmen,leaf_trichomes,absent,5,5,ausente | ausente | ausente | ausente | ausente
individual_079,SRMYRCAGA3,carmen,petiole_length,short,5,1,no claro | no claro | no claro | corto | no claro
individual_079,SRMYRCAGA3,carmen,petiole_features,terete,5,1,no claro | no claro | no claro | terete | no claro
individual_079,SRMYRCAGA3,carmen,stem_type,herbaceous,5,5,Herbaceo | Herbaceo | leñoso | herbaceo | herbaceo
individual_079,SRMYRCAGA3,carmen,stem_trichomes,absent,5,3,ausente | ausente | no claro | no claro | ausente
individual_079,SRMYRCAGA3,carmen,stem_texture,smooth,5,2,lisa | no claro | no claro | no claro | lisa
individual_079,SRMYRCAGA3,carmen,stipules,present,5,1,no claro | presentes | no visible | no visible | no claro
individual_079,SRMYRCAGA3,carmen,latex,__missing__,5,0,no claro | no observado | no observado | no visible | no observado
individual_079,SRMYRCAGA3,carmen,pulvinus,absent,5,1,ausente | no visible | no visible | no claro | no claro
individual_079,SRMYRCAGA3,carmen,tendrils,absent,5,5,ausentes | ausentes | ausentes | ausentes | ausentes
individual_079,SRMYRCAGA3,carmen,damage,present,5,5,presente | presente | presente | presente | presente
individual_080,SROURASU5,carmen,leaf_relative_position,opposite,5,5,opuesta | opuesta | opuesta | opuesta | opuesta
individual_080,SROURASU5,carmen,leaf_spacing,distal,5,5,distales | distales | agrupada | distales | distales
individual_080,SROURASU5,carmen,leaf_complexity_type,simple,5,5,simple | simple | simple | simple | simple
individual_080,SROURASU5,carmen,compound_leaf_type,__missing__,5,0,N/A | N/A | N/A | N/A | N/A
individual_080,SROURASU5,carmen,leaflet_arrangement,__missing__,5,0,N/A | N/A | N/A | N/A | N/A
individual_080,SROURASU5,carmen,leaf_margin,entire,5,5,entero | entero | entero | entero | entero
individual_080,SROURASU5,carmen,leaf_shape,lanceolate,5,4,lanceolada | lanceolada | lanceolada | no visible | lanceolada
individual_080,SROURASU5,carmen,leaf_apex,acute,5,5,agudo | agudo | agudo | agudo | agudo
individual_080,SROURASU5,carmen,leaf_base,truncate,5,5,truncada | truncada | truncada | truncada | truncada
individual_080,SROURASU5,carmen,venation,pinnate,5,5,pinnada | pinnada | pinnada | pinnada | pinnada
individual_080,SROURASU5,carmen,leaf_trichomes,absent,5,4,ausente | ausente | ausente | ausente | no visible
individual_080,SROURASU5,carmen,petiole_length,sessile,5,3,ausente | ausente | no visible | ausente | no visible
individual_080,SROURASU5,carmen,petiole_features,__missing__,5,0,no visible | ausente | no visible | ausente | ausente
individual_080,SROURASU5,carmen,stem_type,herbaceous,5,4,herbaceo | herbaceo | no visible | herbaceo | herbaceo
individual_080,SROURASU5,carmen,stem_trichomes,absent,5,3,ausente | ausente | no visible | ausente | no claro
individual_080,SROURASU5,carmen,stem_texture,ridged,5,4,estriada | estriada | no visible | estriada | estriada
individual_080,SROURASU5,carmen,stipules,present,5,1,no claro | no claro | no claro | presentes | no claro
individual_080,SROURASU5,carmen,latex,__missing__,5,0,no observado | no observado | no visible | no observado | no observado
individual_080,SROURASU5,carmen,pulvinus,absent,5,2,no claro | no claro | no visible | ausente | ausente
individual_080,SROURASU5,carmen,tendrils,absent,5,4,ausentes | ausentes | no visible | ausentes | ausentes
individual_080,SROURASU5,carmen,damage,present,5,5,presente | presente | presente | presente | presente
individual_081,BVHEISAC9,carmen,leaf_relative_position,alternate,5,5,alterna | alterna | alterna | alterna | alterna
individual_081,BVHEISAC9,carmen,leaf_spacing,distal,5,5,distales | distales | distales | distales | distales
individual_081,BVHEISAC9,carmen,leaf_complexity_type,simple,5,5,simple | simple | simple | simple | simple
individual_081,BVHEISAC9,carmen,compound_leaf_type,__missing__,5,0,N/A | N/A | N/A | N/A | N/A
individual_081,BVHEISAC9,carmen,leaflet_arrangement,__missing__,5,0,N/A | N/A | N/A | N/A | N/A
individual_081,BVHEISAC9,carmen,leaf_margin,entire,5,5,entero | entero | entero | entero | entero
individual_081,BVHEISAC9,carmen,leaf_shape,elliptic,5,5,eliptica | eliptica | eliptica | eliptica | eliptica
individual_081,BVHEISAC9,carmen,leaf_apex,acuminate,5,5,agudo | acuminado | acuminado | acuminado | agudo
individual_081,BVHEISAC9,carmen,leaf_base,cuneate,5,5,cuneada | cuneada | cuneada | cuneada | cuneada
individual_081,BVHEISAC9,carmen,venation,pinnate,5,5,pinnada | pinnada | pinnada | pinnada | pinnada
individual_081,BVHEISAC9,carmen,leaf_trichomes,absent,5,5,ausente | ausente | ausente | ausente | ausente
individual_081,BVHEISAC9,carmen,petiole_length,short,5,4,corto | corto | corto | no visible | corto
individual_081,BVHEISAC9,carmen,petiole_features,terete,5,4,terete | terete | terete | no visible | terete
individual_081,BVHEISAC9,carmen,stem_type,herbaceous,5,4,herbaceo | herbaceo | herbaceo | no claro | herbaceo
individual_081,BVHEISAC9,carmen,stem_trichomes,absent,5,4,ausente | ausente | ausente | no visible | ausente
individual_081,BVHEISAC9,carmen,stem_texture,smooth,5,4,lisa | lisa | lisa | no visible | lisa
individual_081,BVHEISAC9,carmen,stipules,absent,5,4,ausentes | ausentes | ausentes | no visible | ausentes
individual_081,BVHEISAC9,carmen,latex,__missing__,5,0,no observado | no observado | no observado | no visible | no observado
individual_081,BVHEISAC9,carmen,pulvinus,absent,5,4,ausente | ausente | ausente | no visible | ausente
individual_081,BVHEISAC9,carmen,tendrils,absent,5,4,ausentes | ausentes | ausentes | no visible | ausentes
individual_081,BVHEISAC9,carmen,damage,absent,5,5,ausente | ausente | ausente | ausente | ausente
individual_082,SHPERAAR2,carmen,leaf_relative_position,opposite,5,4,no claro | opuesta | opuesta | verticilada | opuesta
individual_082,SHPERAAR2,carmen,leaf_spacing,clustered,5,5,agrupada | agrupada | agrupada | agrupada | distales
individual_082,SHPERAAR2,carmen,leaf_complexity_type,simple,5,5,simple | simple | simple | simple | simple
individual_082,SHPERAAR2,carmen,compound_leaf_type,__missing__,5,0,N/A | N/A | N/A | N/A | N/A
individual_082,SHPERAAR2,carmen,leaflet_arrangement,__missing__,5,0,N/A | N/A | N/A | N/A | N/A
individual_082,SHPERAAR2,carmen,leaf_margin,entire,5,5,entero | entero | entero | entero | entero
individual_082,SHPERAAR2,carmen,leaf_shape,lanceolate,5,5,lanceolada | lanceolada | lanceolada | obovada | lanceolada
individual_082,SHPERAAR2,carmen,leaf_apex,acute,5,5,agudo | agudo | agudo | agudo | agudo
individual_082,SHPERAAR2,carmen,leaf_base,cuneate,5,5,cuneada | cuneada | cuneada | cuneada | cuneada
individual_082,SHPERAAR2,carmen,venation,pinnate,5,5,pinnada | pinnada | pinnada | pinnada | pinnada
individual_082,SHPERAAR2,carmen,leaf_trichomes,absent,5,5,ausente | ausente | ausente | ausente | ausente
individual_082,SHPERAAR2,carmen,petiole_length,short,5,4,no visible | corto | corto | corto | corto
individual_082,SHPERAAR2,carmen,petiole_features,terete,5,3,no visible | semiterete | terete | terete | no claro
individual_082,SHPERAAR2,carmen,stem_type,herbaceous,5,5,herbaceo | herbaceo | herbaceo | herbaceo | herbaceo
individual_082,SHPERAAR2,carmen,stem_trichomes,absent,5,5,ausente | ausente | ausente | ausente | ausente
individual_082,SHPERAAR2,carmen,stem_texture,smooth,5,3,lisa | lisa | lisa | no visible | no claro
individual_082,SHPERAAR2,carmen,stipules,present,5,1,no visible | no claro | presentes | no claro | no visible
individual_082,SHPERAAR2,carmen,latex,__missing__,5,0,no observado | no observado | no observado | no observado | no observado
individual_082,SHPERAAR2,carmen,pulvinus,absent,5,3,no visible | ausente | ausente | ausente | no visible
individual_082,SHPERAAR2,carmen,tendrils,absent,5,5,ausentes | ausentes | ausentes | ausentes | ausentes
individual_082,SHPERAAR2,carmen,damage,absent,5,5,ausente | ausente | ausente | ausente | ausente
individual_083,MEPICRLA10,carmen,leaf_relative_position,alternate,5,5,alterna | alterna | verticilada | alterna | alterna
individual_083,MEPICRLA10,carmen,leaf_spacing,distal,5,5,distales | distales | agrupada | distales | distales
individual_083,MEPICRLA10,carmen,leaf_complexity_type,compound,5,5,compuesta | compuesta | compuesta | compuesta | compuesta
individual_083,MEPICRLA10,carmen,compound_leaf_type,odd-pinnate,5,5,imparipinnada | imparipinnada | imparipinnada | imparipinnada | imparipinnada
individual_083,MEPICRLA10,carmen,leaflet_arrangement,alternate,5,5,alterna | alterna | alterna | alterna | alterna
individual_083,MEPICRLA10,carmen,leaf_margin,entire,5,5,entero | entero | entero | entero | entero
individual_083,MEPICRLA10,carmen,leaf_shape,ovate,5,5,ovada | ovada | ovada | ovada | ovada
individual_083,MEPICRLA10,carmen,leaf_apex,acute,5,5,agudo | agudo | agudo | agudo | agudo
individual_083,MEPICRLA10,carmen,leaf_base,rounded,5,5,redondeada | redondeada | redondeada | redondeada | redondeada
individual_083,MEPICRLA10,carmen,venation,pinnate,5,5,pinnada | pinnada | pinnada | pinnada | pinnada
individual_083,MEPICRLA10,carmen,leaf_trichomes,absent,5,5,ausente | ausente | ausente | ausente | ausente
individual_083,MEPICRLA10,carmen,petiole_length,long,5,5,largo | largo | largo | largo | largo
individual_083,MEPICRLA10,carmen,petiole_features,terete,5,5,terete | terete | terete | terete | terete
individual_083,MEPICRLA10,carmen,stem_type,herbaceous,5,5,herbaceo | herbaceo | herbaceo | herbaceo | herbaceo
individual_083,MEPICRLA10,carmen,stem_trichomes,absent,5,3,ausente | no claro | no claro | ausente | ausente
individual_083,MEPICRLA10,carmen,stem_texture,lenticellate,5,3,lenticelado | lenticelado | no claro | no claro | lenticelado
individual_083,MEPICRLA10,carmen,stipules,present,5,1,no claro | no claro | no claro | no claro | presentes
individual_083,MEPICRLA10,carmen,latex,__missing__,5,0,no observado | no observado | no observado | no observado | no observado
individual_083,MEPICRLA10,carmen,pulvinus,present,5,5,presente  basal | presente  basal | presente  basal | presente  basal | presente  basal
individual_083,MEPICRLA10,carmen,tendrils,absent,5,5,ausentes | ausentes | ausentes | ausentes | ausentes
individual_083,MEPICRLA10,carmen,damage,present,5,5,presente | presente | presente | presente | presente
individual_084,PPPIPEAE3,carmen,leaf_relative_position,alternate,5,5,alterna | alterna | alterna | alterna | alterna
individual_084,PPPIPEAE3,carmen,leaf_spacing,distal,5,5,distales | distales | distales | distales | distales
individual_084,PPPIPEAE3,carmen,leaf_complexity_type,simple,5,5,simple | simple | simple | simple | simple
individual_084,PPPIPEAE3,carmen,compound_leaf_type,__missing__,5,0,N/A | N/A | N/A | N/A | N/A
individual_084,PPPIPEAE3,carmen,leaflet_arrangement,__missing__,5,0,N/A | N/A | N/A | N/A | N/A
individual_084,PPPIPEAE3,carmen,leaf_margin,entire,5,5,entero | entero | entero | entero | entero
individual_084,PPPIPEAE3,carmen,leaf_shape,lanceolate,5,5,lanceolada | lanceolada | lanceolada | lanceolada | lanceolada
individual_084,PPPIPEAE3,carmen,leaf_apex,acuminate,5,5,acuminado | acuminado | acuminado | acuminado | acuminado
individual_084,PPPIPEAE3,carmen,leaf_base,rounded,5,5,redondeada | redondeada | redondeada | redondeada | redondeada
individual_084,PPPIPEAE3,carmen,venation,pinnate,5,2,pinnada | pinnada | trinervia | trinervia | trinervia
individual_084,PPPIPEAE3,carmen,leaf_trichomes,absent,5,5,ausente | ausente | ausente | ausente | ausente
individual_084,PPPIPEAE3,carmen,petiole_length,short,5,5,corto | corto | corto | corto | corto
individual_084,PPPIPEAE3,carmen,petiole_features,terete,5,4,acanalado | no claro | terete | terete | terete
individual_084,PPPIPEAE3,carmen,stem_type,herbaceous,5,5,herbaceo | herbaceo | herbaceo | herbaceo | herbaceo
individual_084,PPPIPEAE3,carmen,stem_trichomes,absent,5,5,ausente | ausente | ausente | ausente | ausente
individual_084,PPPIPEAE3,carmen,stem_texture,smooth,5,4,no claro | lisa | lisa | lisa | lisa
individual_084,PPPIPEAE3,carmen,stipules,present,5,2,presentes | presentes | no claro | no claro | no claro
individual_084,PPPIPEAE3,carmen,latex,__missing__,5,0,no observado | no observado | no observado | no observado | no observado
individual_084,PPPIPEAE3,carmen,pulvinus,absent,5,5,ausente | ausente | ausente | ausente | ausente
individual_084,PPPIPEAE3,carmen,tendrils,absent,5,5,ausentes | ausentes | ausentes | presente | presente
individual_084,PPPIPEAE3,carmen,damage,present,5,5,presente | presente | presente | presente | presente
individual_085,SRCOCCP16,carmen,leaf_relative_position,alternate,6,6,alterna | verticilada | alterna | alterna | alterna | opuesta
individual_085,SRCOCCP16,carmen,leaf_spacing,distal,6,6,agrupada | agrupada | distales | distales | distales | distales
individual_085,SRCOCCP16,carmen,leaf_complexity_type,simple,6,6,simple | simple | simple | simple | simple | simple
individual_085,SRCOCCP16,carmen,compound_leaf_type,__missing__,6,0,N/A | N/A | N/A | N/A | N/A | N/A
individual_085,SRCOCCP16,carmen,leaflet_arrangement,__missing__,6,0,N/A | N/A | N/A | N/A | N/A | N/A
individual_085,SRCOCCP16,carmen,leaf_margin,entire,6,6,entero | entero | entero | entero | entero | entero
individual_085,SRCOCCP16,carmen,leaf_shape,obovate,6,5,obovada | obovada | obovada | obovada | no claro | lanceolada
individual_085,SRCOCCP16,carmen,leaf_apex,obtuse,6,5,obtuso | obtuso | obtuso | obtuso | no visible | acuminado
individual_085,SRCOCCP16,carmen,leaf_base,cuneate,6,6,redondeada | cuneada | cuneada | cuneada | cuneada | cuneada
individual_085,SRCOCCP16,carmen,venation,pinnate,6,6,pinnada | pinnada | pinnada | pinnada | pinnada | pinnada
individual_085,SRCOCCP16,carmen,leaf_trichomes,absent,6,6,ausente | ausente | ausente | ausente | ausente | ausente
individual_085,SRCOCCP16,carmen,petiole_length,short,6,6,corto | corto | corto | corto | corto | corto
individual_085,SRCOCCP16,carmen,petiole_features,grooved,6,5,acanalado | acanalado | acanalado | acanalado | acanalado | no claro
individual_085,SRCOCCP16,carmen,stem_type,herbaceous,6,6,herbaceo | herbaceo | herbaceo | herbaceo | herbaceo | herbaceo
individual_085,SRCOCCP16,carmen,stem_trichomes,absent,6,6,ausente | ausente | ausente | ausente | ausente | ausente
individual_085,SRCOCCP16,carmen,stem_texture,smooth,6,6,lisa | lisa | lisa | lisa | lisa | lisa
individual_085,SRCOCCP16,carmen,stipules,present,6,6,presentes | presentes | presentes | presentes | presentes | presentes
individual_085,SRCOCCP16,carmen,latex,__missing__,6,0,no observado | no observado | no observado | no observado | no observado | no observado
individual_085,SRCOCCP16,carmen,pulvinus,absent,6,6,ausente | ausente | ausente | ausente | ausente | ausente
individual_085,SRCOCCP16,carmen,tendrils,absent,6,6,ausentes | ausentes | ausentes | ausentes | ausentes | ausentes
individual_085,SRCOCCP16,carmen,damage,present,6,6,presente | presente | presente | presente | presente | presente
individual_086,CHARDIPE7,carmen,leaf_relative_position,whorled,5,5,verticilada | verticilada | opuesta | opuesta | verticilada
individual_086,CHARDIPE7,carmen,leaf_spacing,distal,5,5,agrupada | agrupada | distales | distales | distales
individual_086,CHARDIPE7,carmen,leaf_complexity_type,simple,5,5,simple | simple | simple | simple | simple
individual_086,CHARDIPE7,carmen,compound_leaf_type,__missing__,5,0,N/A | N/A | N/A | N/A | N/A
individual_086,CHARDIPE7,carmen,leaflet_arrangement,__missing__,5,0,N/A | N/A | N/A | N/A | N/A
individual_086,CHARDIPE7,carmen,leaf_margin,toothed,5,5,dentado serrado | dentado serrado | dentado serrado | dentado serrado | dentado serrado
individual_086,CHARDIPE7,carmen,leaf_shape,obovate,5,5,obovada | obovada | obovada | obovada | obovada
individual_086,CHARDIPE7,carmen,leaf_apex,acute,5,5,agudo | agudo | agudo | agudo | agudo
individual_086,CHARDIPE7,carmen,leaf_base,cuneate,5,5,cuneada | cuneada | cuneada | cuneada | cuneada
individual_086,CHARDIPE7,carmen,venation,pinnate,5,5,pinnada | pinnada | pinnada | pinnada | pinnada
individual_086,CHARDIPE7,carmen,leaf_trichomes,absent,5,5,ausente | ausente | ausente | ausente | ausente
individual_086,CHARDIPE7,carmen,petiole_length,short,5,3,corto | corto | no claro | no visible | corto
individual_086,CHARDIPE7,carmen,petiole_features,terete,5,1,no visible | no visible | no claro | no visible | terete
individual_086,CHARDIPE7,carmen,stem_type,herbaceous,5,2,no visible | no visible | herbaceo | no visible | herbaceo
individual_086,CHARDIPE7,carmen,stem_trichomes,absent,5,2,no visible | no visible | ausente | no visible | ausente
individual_086,CHARDIPE7,carmen,stem_texture,smooth,5,2,no visible | no visible | lisa | no visible | lisa
individual_086,CHARDIPE7,carmen,stipules,absent,5,2,no visible | no visible | no visible | ausentes | ausentes
individual_086,CHARDIPE7,carmen,latex,__missing__,5,0,no visible | no observado | no observado | no observado | no observado
individual_086,CHARDIPE7,carmen,pulvinus,absent,5,1,no visible | no visible | no visible | no visible | ausente
individual_086,CHARDIPE7,carmen,tendrils,absent,5,4,no visible | ausentes | ausentes | ausentes | ausentes
individual_086,CHARDIPE7,carmen,damage,present,5,5,presente | presente | presente | presente | presente
individual_087,PPSTYLTU5,carmen,leaf_relative_position,whorled,5,5,verticilada | verticilada | opuesta | verticilada | opuesta
individual_087,PPSTYLTU5,carmen,leaf_spacing,clustered,5,5,agrupada | agrupada | agrupada | agrupada | agrupada
individual_087,PPSTYLTU5,carmen,leaf_complexity_type,simple,5,5,simple | simple | simple | simple | simple
individual_087,PPSTYLTU5,carmen,compound_leaf_type,__missing__,5,0,N/A | N/A | N/A | N/A | N/A
individual_087,PPSTYLTU5,carmen,leaflet_arrangement,__missing__,5,0,N/A | N/A | N/A | N/A | N/A
individual_087,PPSTYLTU5,carmen,leaf_margin,entire,5,5,entero | entero | entero | entero | entero
individual_087,PPSTYLTU5,carmen,leaf_shape,lanceolate,5,5,lanceolada | lanceolada | lanceolada | lanceolada | lanceolada
individual_087,PPSTYLTU5,carmen,leaf_apex,acute,5,4,agudo | agudo | agudo | agudo | no visible
individual_087,PPSTYLTU5,carmen,leaf_base,cuneate,5,5,cuneada | cuneada | cuneada | cuneada | cuneada
individual_087,PPSTYLTU5,carmen,venation,pinnate,5,5,pinnada | pinnada | pinnada | pinnada | pinnada
individual_087,PPSTYLTU5,carmen,leaf_trichomes,absent,5,5,ausente | ausente | ausente | ausente | ausente
individual_087,PPSTYLTU5,carmen,petiole_length,short,5,5,corto | corto | corto | corto | corto
individual_087,PPSTYLTU5,carmen,petiole_features,terete,5,3,terete | semiterete | no claro | no claro | semiterete
individual_087,PPSTYLTU5,carmen,stem_type,herbaceous,5,5,herbaceo | herbaceo | herbaceo | herbaceo | herbaceo
individual_087,PPSTYLTU5,carmen,stem_trichomes,absent,5,4,ausente | ausente | ausente | no visible | ausente
individual_087,PPSTYLTU5,carmen,stem_texture,smooth,5,3,lisa | lisa | no claro | no visible | lisa
individual_087,PPSTYLTU5,carmen,stipules,present,5,1,no claro | no claro | no claro | no visible | presentes
individual_087,PPSTYLTU5,carmen,latex,__missing__,5,0,no observado | no observado | no observado | no visible | no observado
individual_087,PPSTYLTU5,carmen,pulvinus,absent,5,3,no visible | ausente | ausente | no claro | ausente
individual_087,PPSTYLTU5,carmen,tendrils,absent,5,5,ausentes | ausentes | ausentes | ausentes | ausentes
individual_087,PPSTYLTU5,carmen,damage,present,5,5,ausente | presente | presente | presente | presente
individual_088,ANROUPMO6,carmen,leaf_relative_position,opposite,5,4,opuesta | opuesta | alterna | no claro | alterna
individual_088,ANROUPMO6,carmen,leaf_spacing,distal,5,3,distales | no visible | distales | no visible | distales
individual_088,ANROUPMO6,carmen,leaf_complexity_type,compound,5,5,compuesta | compuesta | compuesta | compuesta | compuesta
individual_088,ANROUPMO6,carmen,compound_leaf_type,odd-pinnate,5,5,imparipinnada | imparipinnada | imparipinnada | imparipinnada | imparipinnada
individual_088,ANROUPMO6,carmen,leaflet_arrangement,alternate,5,5,alterna | alterna | alterna | alterna | alterna
individual_088,ANROUPMO6,carmen,leaf_margin,toothed,5,5,serrado | serrado | serrado | serrado | serrado
individual_088,ANROUPMO6,carmen,leaf_shape,lanceolate,5,5,lanceolada | lanceolada | lanceolada | lanceolada | lanceolada
individual_088,ANROUPMO6,carmen,leaf_apex,acute,5,5,agudo | agudo | agudo | agudo | agudo
individual_088,ANROUPMO6,carmen,leaf_base,__missing__,5,0,asimetrica cuneada | asimetrica cuneada | asimetrica cuneada | asimetrica cuneada | asimetrica cuneada
individual_088,ANROUPMO6,carmen,venation,pinnate,5,5,pinnada | pinnada | pinnada | pinnada | pinnada
individual_088,ANROUPMO6,carmen,leaf_trichomes,absent,5,5,ausente | ausente | ausente | ausente | ausente
individual_088,ANROUPMO6,carmen,petiole_length,long,5,4,largo | no visible | largo | largo | largo
individual_088,ANROUPMO6,carmen,petiole_features,terete,5,3,no claro | no visible | terete | terete | terete
individual_088,ANROUPMO6,carmen,stem_type,herbaceous,5,3,no visible | no visible | herbaceo | herbaceo | herbaceo
individual_088,ANROUPMO6,carmen,stem_trichomes,absent,5,2,no visible | no visible | ausente | no visible | presente
individual_088,ANROUPMO6,carmen,stem_texture,smooth,5,2,no visible | no visible | lisa | no visible | lisa
individual_088,ANROUPMO6,carmen,stipules,absent,5,1,no claro | no visible | no claro | no claro | ausentes
individual_088,ANROUPMO6,carmen,latex,__missing__,5,0,no observado | no observado | no observado | no observado | no observado
individual_088,ANROUPMO6,carmen,pulvinus,absent,5,2,no visible | no visible | ausente | no visible | ausente
individual_088,ANROUPMO6,carmen,tendrils,absent,5,5,ausentes | ausentes | ausentes | ausentes | ausentes
individual_088,ANROUPMO6,carmen,damage,present,5,5,presente | presente | presente | presente | ausente
individual_089,SRCASSEL5,carmen,leaf_relative_position,opposite,5,5,opuesta | opuesta | opuesta | opuesta | opuesta
individual_089,SRCASSEL5,carmen,leaf_spacing,distal,5,5,distales | distales | distales | distales | distales
individual_089,SRCASSEL5,carmen,leaf_complexity_type,simple,5,5,simple | simple | simple | simple | simple
individual_089,SRCASSEL5,carmen,compound_leaf_type,__missing__,5,0,N/A | N/A | N/A | N/A | N/A
individual_089,SRCASSEL5,carmen,leaflet_arrangement,__missing__,5,0,N/A | N/A | N/A | N/A | N/A
individual_089,SRCASSEL5,carmen,leaf_margin,entire,5,5,entero | entero | entero | entero | entero
individual_089,SRCASSEL5,carmen,leaf_shape,lanceolate,5,5,lanceolada | lanceolada | lanceolada | lanceolada | lanceolada
individual_089,SRCASSEL5,carmen,leaf_apex,acute,5,5,agudo | agudo | agudo | agudo | agudo
individual_089,SRCASSEL5,carmen,leaf_base,rounded,5,5,redondeada | redondeada | redondeada | redondeada | redondeada
individual_089,SRCASSEL5,carmen,venation,pinnate,5,5,pinnada | pinnada | pinnada | pinnada | pinnada
individual_089,SRCASSEL5,carmen,leaf_trichomes,absent,5,5,ausente | ausente | ausente | ausente | ausente
individual_089,SRCASSEL5,carmen,petiole_length,short,5,2,no visible | no visible | corto | no claro | corto
individual_089,SRCASSEL5,carmen,petiole_features,terete,5,1,no visible | no visible | no claro | no claro | terete
individual_089,SRCASSEL5,carmen,stem_type,woody,5,3,no visible | no visible | leñoso | leñoso | leñoso
individual_089,SRCASSEL5,carmen,stem_trichomes,absent,5,3,no visible | no visible | ausente | ausente | ausente
individual_089,SRCASSEL5,carmen,stem_texture,smooth,5,3,no visible | no visible | lisa | lisa | lisa
individual_089,SRCASSEL5,carmen,stipules,present,5,1,no visible | no visible | no claro | no claro | presentes
individual_089,SRCASSEL5,carmen,latex,__missing__,5,0,no visible | no observado | no observado | no visible | no observado
individual_089,SRCASSEL5,carmen,pulvinus,absent,5,1,no visible | no visible | no claro | no claro | ausente
individual_089,SRCASSEL5,carmen,tendrils,absent,5,5,ausentes | ausentes | ausentes | ausentes | ausentes
individual_089,SRCASSEL5,carmen,damage,present,5,5,presente | presente | presente | presente | presente
individual_090,MEALIBED3,carmen,leaf_relative_position,opposite,5,5,opuesta | opuesta | verticilada | verticilada | opuesta
individual_090,MEALIBED3,carmen,leaf_spacing,clustered,5,5,distales | distales | agrupada | agrupada | agrupada
individual_090,MEALIBED3,carmen,leaf_complexity_type,simple,5,5,simple | simple | simple | simple | simple
individual_090,MEALIBED3,carmen,compound_leaf_type,__missing__,5,0,N/A | N/A | N/A | N/A | N/A
individual_090,MEALIBED3,carmen,leaflet_arrangement,__missing__,5,0,N/A | N/A | N/A | N/A | N/A
individual_090,MEALIBED3,carmen,leaf_margin,entire,5,5,entero | entero | entero | entero | entero
individual_090,MEALIBED3,carmen,leaf_shape,other,5,5,linear | linear | linear | linear | linear
individual_090,MEALIBED3,carmen,leaf_apex,acute,5,4,agudo | agudo | agudo | agudo | no claro
individual_090,MEALIBED3,carmen,leaf_base,cuneate,5,5,cuneada | cuneada | cuneada | cuneada | cuneada
individual_090,MEALIBED3,carmen,venation,pinnate,5,5,pinnada | pinnada | pinnada | pinnada | pinnada
individual_090,MEALIBED3,carmen,leaf_trichomes,absent,5,5,ausente | ausente | ausente | ausente | ausente
individual_090,MEALIBED3,carmen,petiole_length,short,5,4,corto | corto | no claro | corto | corto
individual_090,MEALIBED3,carmen,petiole_features,terete,5,3,acanalado | no claro | no claro | terete | semiterete
individual_090,MEALIBED3,carmen,stem_type,woody,5,3,no visible | no claro | herbaceo | leñoso | leñoso
individual_090,MEALIBED3,carmen,stem_trichomes,absent,5,1,no visible | no claro | no claro | ausente | no visible
individual_090,MEALIBED3,carmen,stem_texture,smooth,5,2,no visible | lisa | no claro | lisa | no visible
individual_090,MEALIBED3,carmen,stipules,present,5,2,no claro | presentes | no claro | no claro | presentes
individual_090,MEALIBED3,carmen,latex,__missing__,5,0,no observado | no observado | no claro | no observado | no observado
individual_090,MEALIBED3,carmen,pulvinus,absent,5,2,no visible | no claro | no claro | ausente | ausente
individual_090,MEALIBED3,carmen,tendrils,absent,5,4,ausentes | ausentes | no claro | ausentes | ausentes
individual_090,MEALIBED3,carmen,damage,present,5,5,presente | presente | presente | presente | presente
individual_091,OLALSEBL3,carmen,leaf_relative_position,whorled,5,5,verticilada | verticilada | verticilada | verticilada | verticilada
individual_091,OLALSEBL3,carmen,leaf_spacing,clustered,5,5,agrupada | agrupada | agrupada | agrupada | agrupada
individual_091,OLALSEBL3,carmen,leaf_complexity_type,simple,5,5,simple | simple | simple | simple | simple
individual_091,OLALSEBL3,carmen,compound_leaf_type,__missing__,5,0,N/A | N/A | N/A | N/A | N/A
individual_091,OLALSEBL3,carmen,leaflet_arrangement,__missing__,5,0,N/A | N/A | N/A | N/A | N/A
individual_091,OLALSEBL3,carmen,leaf_margin,entire,5,5,entero | entero | entero | entero | entero
individual_091,OLALSEBL3,carmen,leaf_shape,oblanceolate,5,5,oblanceolada. | oblanceolada. | oblanceolada. | oblanceolada. | oblanceolada.
individual_091,OLALSEBL3,carmen,leaf_apex,acuminate,5,5,acuminado | acuminado | acuminado | acuminado | acuminado
individual_091,OLALSEBL3,carmen,leaf_base,cuneate,5,5,cuneada | cuneada | cuneada | cuneada | cuneada
individual_091,OLALSEBL3,carmen,venation,pinnate,5,5,pinnada | pinnada | pinnada | pinnada | pinnada
individual_091,OLALSEBL3,carmen,leaf_trichomes,absent,5,5,ausente | ausente | ausente | ausente | ausente
individual_091,OLALSEBL3,carmen,petiole_length,short,5,4,no claro | corto | corto | corto | corto
individual_091,OLALSEBL3,carmen,petiole_features,__missing__,5,0,no claro | no claro | no claro | no claro | no claro
individual_091,OLALSEBL3,carmen,stem_type,woody,5,2,no visible | no visible | leñoso | no visible | leñoso
individual_091,OLALSEBL3,carmen,stem_trichomes,absent,5,2,no visible | no visible | ausente | no visible | ausente
individual_091,OLALSEBL3,carmen,stem_texture,lenticellate,5,2,no visible | no visible | lenticelado | no visible | lenticelado
individual_091,OLALSEBL3,carmen,stipules,absent,5,1,no claro | no claro | no claro | no claro | ausentes
individual_091,OLALSEBL3,carmen,latex,__missing__,5,0,no visible | no observado | no visible | no observado | no observado
individual_091,OLALSEBL3,carmen,pulvinus,absent,5,1,no visible | no visible | no claro | no visible | ausente
individual_091,OLALSEBL3,carmen,tendrils,absent,5,5,ausentes | ausentes | ausentes | ausentes | ausentes
individual_091,OLALSEBL3,carmen,damage,present,5,5,presente | presente | presente | ausente | presente
individual_092,ANAMAICO4,carmen,leaf_relative_position,opposite,5,5,opuesta | opuesta | opuesta | opuesta | opuesta
individual_092,ANAMAICO4,carmen,leaf_spacing,distal,5,5,distales | distales | distales | agrupada | agrupada
individual_092,ANAMAICO4,carmen,leaf_complexity_type,simple,5,5,simple | simple | simple | simple | simple
individual_092,ANAMAICO4,carmen,compound_leaf_type,__missing__,5,0,N/A | N/A | N/A | N/A | N/A
individual_092,ANAMAICO4,carmen,leaflet_arrangement,__missing__,5,0,N/A | N/A | N/A | N/A | N/A
individual_092,ANAMAICO4,carmen,leaf_margin,entire,5,5,entero | entero | entero | entero | entero
individual_092,ANAMAICO4,carmen,leaf_shape,obovate,5,5,obovada | obovada | obovada | obovada | obovada
individual_092,ANAMAICO4,carmen,leaf_apex,acute,5,5,agudo | agudo | agudo | agudo | agudo
individual_092,ANAMAICO4,carmen,leaf_base,cuneate,5,5,cuneada | cuneada | cuneada | cuneada | cuneada
individual_092,ANAMAICO4,carmen,venation,pinnate,5,5,pinnada | pinnada | pinnada | pinnada | pinnada
individual_092,ANAMAICO4,carmen,leaf_trichomes,absent,5,5,ausente | ausente | ausente | ausente | ausente
individual_092,ANAMAICO4,carmen,petiole_length,short,5,5,corto | corto | corto | corto | corto
individual_092,ANAMAICO4,carmen,petiole_features,terete,5,4,terete | terete | terete | no claro | terete
individual_092,ANAMAICO4,carmen,stem_type,woody,5,5,leñoso | leñoso | leñoso | leñoso | leñoso
individual_092,ANAMAICO4,carmen,stem_trichomes,present,5,1,no claro | no claro | no claro | no claro | presente
individual_092,ANAMAICO4,carmen,stem_texture,ridged,5,5,estriada | estriada | estriada | estriada | estriada
individual_092,ANAMAICO4,carmen,stipules,present,5,5,presentes | presentes | presentes | presentes | presentes
individual_092,ANAMAICO4,carmen,latex,__missing__,5,0,no observado | no observado | no observado | no observado | no observado
individual_092,ANAMAICO4,carmen,pulvinus,absent,5,3,ausente | ausente | no visible | no claro | ausente
individual_092,ANAMAICO4,carmen,tendrils,absent,5,5,ausentes | ausentes | ausentes | ausentes | ausentes
individual_092,ANAMAICO4,carmen,damage,present,5,5,presente | presente | presente | presente | presente
individual_093,SRCHIOAL9,carmen,leaf_relative_position,opposite,5,5,opuesta | opuesta | opuesta | opuesta | opuesta
individual_093,SRCHIOAL9,carmen,leaf_spacing,distal,5,4,no visible | distales | distales | distales | distales
individual_093,SRCHIOAL9,carmen,leaf_complexity_type,simple,5,5,simple | simple | simple | simple | simple
individual_093,SRCHIOAL9,carmen,compound_leaf_type,__missing__,5,0,N/A | N/A | N/A | N/A | N/A
individual_093,SRCHIOAL9,carmen,leaflet_arrangement,__missing__,5,0,N/A | N/A | N/A | N/A | N/A
individual_093,SRCHIOAL9,carmen,leaf_margin,entire,5,5,entero | entero | entero | entero | entero
individual_093,SRCHIOAL9,carmen,leaf_shape,elliptic,5,5,eliptica | eliptica | eliptica | eliptica | eliptica
individual_093,SRCHIOAL9,carmen,leaf_apex,acute,5,4,agudo | agudo | agudo | agudo | no claro
individual_093,SRCHIOAL9,carmen,leaf_base,cuneate,5,5,cuneada | cuneada | cuneada | cuneada | cuneada
individual_093,SRCHIOAL9,carmen,venation,pinnate,5,5,pinnada | pinnada | pinnada | pinnada | pinnada
individual_093,SRCHIOAL9,carmen,leaf_trichomes,absent,5,5,ausente | ausente | ausente | ausente | ausente
individual_093,SRCHIOAL9,carmen,petiole_length,short,5,5,corto | corto | corto | corto | corto
individual_093,SRCHIOAL9,carmen,petiole_features,grooved,5,4,acanalado | acanalado | acanalado | no claro | acanalado
individual_093,SRCHIOAL9,carmen,stem_type,herbaceous,5,3,no visible | herbaceo | herbaceo | no claro | herbaceo
individual_093,SRCHIOAL9,carmen,stem_trichomes,present,5,4,no visible | presente | presente | presente | ausente
individual_093,SRCHIOAL9,carmen,stem_texture,smooth,5,4,no visible | lisa | lisa | lisa | lisa
individual_093,SRCHIOAL9,carmen,stipules,present,5,4,presentes | presentes | presentes | presentes | no visible
individual_093,SRCHIOAL9,carmen,latex,__missing__,5,0,no observado | no observado | no observado | no observado | no observado
individual_093,SRCHIOAL9,carmen,pulvinus,absent,5,4,no claro | ausente | ausente | ausente | ausente
individual_093,SRCHIOAL9,carmen,tendrils,absent,5,5,ausentes | ausentes | ausentes | ausentes | ausentes
individual_093,SRCHIOAL9,carmen,damage,present,5,5,presente | presente | presente | presente | ausente
individual_094,BVCOU2CU2,carmen,leaf_relative_position,opposite,5,5,opuesta | opuesta | opuesta | opuesta | opuesta
individual_094,BVCOU2CU2,carmen,leaf_spacing,distal,5,5,distales | distales | distales | distales | distales
individual_094,BVCOU2CU2,carmen,leaf_complexity_type,simple,5,5,simple | simple | simple | simple | simple
individual_094,BVCOU2CU2,carmen,compound_leaf_type,__missing__,5,0,N/A | N/A | N/A | N/A | N/A
individual_094,BVCOU2CU2,carmen,leaflet_arrangement,__missing__,5,0,N/A | N/A | N/A | N/A | N/A
individual_094,BVCOU2CU2,carmen,leaf_margin,entire,5,5,entero | entero | entero | entero | entero
individual_094,BVCOU2CU2,carmen,leaf_shape,elliptic,5,5,eliptica | eliptica | eliptica | eliptica | eliptica
individual_094,BVCOU2CU2,carmen,leaf_apex,acute,5,4,agudo | obtuso | agudo | obtuso | no visible
individual_094,BVCOU2CU2,carmen,leaf_base,cordate,5,5,cordada | truncada | redondeada | cordada | truncada
individual_094,BVCOU2CU2,carmen,venation,pinnate,5,5,pinnada | pinnada | pinnada | pinnada | pinnada
individual_094,BVCOU2CU2,carmen,leaf_trichomes,absent,5,5,ausente | ausente | ausente | ausente | ausente
individual_094,BVCOU2CU2,carmen,petiole_length,__missing__,5,0,no visible | no visible | no visible | no visible | no visible
individual_094,BVCOU2CU2,carmen,petiole_features,__missing__,5,0,no visible | no visible | no visible | no visible | no visible
individual_094,BVCOU2CU2,carmen,stem_type,herbaceous,5,4,herbaceo | herbaceo | no visible | herbaceo | herbaceo
individual_094,BVCOU2CU2,carmen,stem_trichomes,absent,5,4,ausente | ausente | no visible | ausente | ausente
individual_094,BVCOU2CU2,carmen,stem_texture,smooth,5,4,lisa | lisa | no visible | lisa | lenticelado
individual_094,BVCOU2CU2,carmen,stipules,present,5,2,presentes | presentes | no visible | no claro | no claro
individual_094,BVCOU2CU2,carmen,latex,__missing__,5,0,no observado | no observado | no observado | no observado | no observado
individual_094,BVCOU2CU2,carmen,pulvinus,__missing__,5,0,no visible | no visible | no visible | no visible | no visible
individual_094,BVCOU2CU2,carmen,tendrils,absent,5,5,ausentes | ausentes | ausentes | ausentes | ausentes
individual_094,BVCOU2CU2,carmen,damage,absent,5,5,ausente | ausente | ausente | presente | presente
individual_095,PPFARAOC3,carmen,leaf_relative_position,opposite,5,5,opuesta | opuesta | opuesta | verticilada | opuesta
individual_095,PPFARAOC3,carmen,leaf_spacing,distal,5,5,distales | distales | distales | distales | distales
individual_095,PPFARAOC3,carmen,leaf_complexity_type,simple,5,5,simple | simple | simple | simple | simple
individual_095,PPFARAOC3,carmen,compound_leaf_type,__missing__,5,0,N/A | N/A | N/A | N/A | N/A
individual_095,PPFARAOC3,carmen,leaflet_arrangement,__missing__,5,0,N/A | N/A | N/A | N/A | N/A
individual_095,PPFARAOC3,carmen,leaf_margin,entire,5,5,entero | entero | entero | entero | entero
individual_095,PPFARAOC3,carmen,leaf_shape,lanceolate,5,5,lanceolada | lanceolada | lanceolada | lanceolada | lanceolada
individual_095,PPFARAOC3,carmen,leaf_apex,acute,5,4,no claro | obtuso | agudo | agudo | agudo
individual_095,PPFARAOC3,carmen,leaf_base,cuneate,5,5,cuneada | cuneada | cuneada | cuneada | cuneada
individual_095,PPFARAOC3,carmen,venation,pinnate,5,5,pinnada | pinnada | pinnada | pinnada | pinnada
individual_095,PPFARAOC3,carmen,leaf_trichomes,absent,5,3,no claro | no claro | ausente | ausente | ausente
individual_095,PPFARAOC3,carmen,petiole_length,short,5,5,corto | corto | corto | corto | corto
individual_095,PPFARAOC3,carmen,petiole_features,terete,5,3,no claro | no claro | terete | terete | terete
individual_095,PPFARAOC3,carmen,stem_type,herbaceous,5,4,herbaceo | no visible | herbaceo | herbaceo | herbaceo
individual_095,PPFARAOC3,carmen,stem_trichomes,absent,5,3,no claro | no visible | ausente | ausente | ausente
individual_095,PPFARAOC3,carmen,stem_texture,smooth,5,3,no claro | no visible | lisa | lisa | lisa
individual_095,PPFARAOC3,carmen,stipules,present,5,3,no claro | no claro | presentes | presentes | presentes
individual_095,PPFARAOC3,carmen,latex,__missing__,5,0,no visible | no visible | no observado | no observado | no observado
individual_095,PPFARAOC3,carmen,pulvinus,absent,5,3,no claro | no visible | ausente | ausente | ausente
individual_095,PPFARAOC3,carmen,tendrils,absent,5,5,ausentes | ausentes | ausentes | ausentes | ausentes
individual_095,PPFARAOC3,carmen,damage,absent,5,5,ausente | ausente | presente | ausente | ausente
individual_096,SRPSYCC12,carmen,leaf_relative_position,opposite,5,5,opuesta | opuesta | verticilada | opuesta | verticilada
individual_096,SRPSYCC12,carmen,leaf_spacing,distal,5,5,distales | distales | agrupada | distales | agrupada
individual_096,SRPSYCC12,carmen,leaf_complexity_type,simple,5,5,simple | simple | simple | simple | simple
individual_096,SRPSYCC12,carmen,compound_leaf_type,__missing__,5,0,N/A | N/A | N/A | N/A | N/A
individual_096,SRPSYCC12,carmen,leaflet_arrangement,__missing__,5,0,N/A | N/A | N/A | N/A | N/A
individual_096,SRPSYCC12,carmen,leaf_margin,entire,5,5,entero | entero | entero | entero | entero
individual_096,SRPSYCC12,carmen,leaf_shape,elliptic,5,5,eliptica | eliptica | eliptica | eliptica | eliptica
individual_096,SRPSYCC12,carmen,leaf_apex,acute,5,5,agudo | agudo | agudo | agudo | agudo
individual_096,SRPSYCC12,carmen,leaf_base,cuneate,5,5,cuneada | cuneada | cuneada | cuneada | cuneada
individual_096,SRPSYCC12,carmen,venation,pinnate,5,5,pinnada | pinnada | pinnada | pinnada | pinnada
individual_096,SRPSYCC12,carmen,leaf_trichomes,absent,5,4,no claro | ausente | ausente | ausente | ausente
individual_096,SRPSYCC12,carmen,petiole_length,short,5,2,no claro | corto | no visible | no claro | corto
individual_096,SRPSYCC12,carmen,petiole_features,__missing__,5,0,no claro | no claro | no claro | no claro | no claro
individual_096,SRPSYCC12,carmen,stem_type,woody,5,2,leñoso | herbaceo | no visible | no visible | no visible
individual_096,SRPSYCC12,carmen,stem_trichomes,__missing__,5,0,no claro | no claro | no visible | no visible | no visible
individual_096,SRPSYCC12,carmen,stem_texture,smooth,5,1,no claro | lisa | no visible | no visible | no visible
individual_096,SRPSYCC12,carmen,stipules,present,5,1,no claro | no visible | no visible | presentes | no visible
individual_096,SRPSYCC12,carmen,latex,__missing__,5,0,no visible | no visible | no visible | no observado | no observado
individual_096,SRPSYCC12,carmen,pulvinus,absent,5,1,no claro | ausente | no visible | no visible | no visible
individual_096,SRPSYCC12,carmen,tendrils,absent,5,5,ausentes | ausentes | ausentes | ausentes | ausentes
individual_096,SRPSYCC12,carmen,damage,present,5,5,presente | presente | presente | presente | presente
individual_097,MEPOSOLA5,carmen,leaf_relative_position,opposite,5,5,opuesta | opuesta | opuesta | verticilada | opuesta
individual_097,MEPOSOLA5,carmen,leaf_spacing,distal,5,5,distales | distales | distales | agrupada | distales
individual_097,MEPOSOLA5,carmen,leaf_complexity_type,simple,5,5,simple | simple | simple | simple | simple
individual_097,MEPOSOLA5,carmen,compound_leaf_type,__missing__,5,0,N/A | N/A | N/A | N/A | N/A
individual_097,MEPOSOLA5,carmen,leaflet_arrangement,__missing__,5,0,N/A | N/A | N/A | N/A | N/A
individual_097,MEPOSOLA5,carmen,leaf_margin,entire,5,5,entero | entero | entero | entero | entero
individual_097,MEPOSOLA5,carmen,leaf_shape,elliptic,5,5,oblanceolada. | eliptica | eliptica | eliptica | oblanceolada.
individual_097,MEPOSOLA5,carmen,leaf_apex,acute,5,5,agudo | agudo | agudo | agudo | obtuso
individual_097,MEPOSOLA5,carmen,leaf_base,cuneate,5,5,cuneada | cuneada | cuneada | cuneada | cuneada
individual_097,MEPOSOLA5,carmen,venation,pinnate,5,5,pinnada | pinnada | pinnada | pinnada | pinnada
individual_097,MEPOSOLA5,carmen,leaf_trichomes,absent,5,5,ausente | ausente | ausente | ausente | ausente
individual_097,MEPOSOLA5,carmen,petiole_length,short,5,2,corto | no claro | no claro | no claro | corto
individual_097,MEPOSOLA5,carmen,petiole_features,terete,5,2,terete | no claro | no visible | no claro | terete
individual_097,MEPOSOLA5,carmen,stem_type,herbaceous,5,3,herbaceo | herbaceo | no visible | no visible | herbaceo
individual_097,MEPOSOLA5,carmen,stem_trichomes,absent,5,2,ausente | no claro | no visible | no visible | ausente
individual_097,MEPOSOLA5,carmen,stem_texture,smooth,5,3,lisa | lisa | no visible | no visible | lisa
individual_097,MEPOSOLA5,carmen,stipules,present,5,2,no claro | presentes | no claro | no claro | presentes
individual_097,MEPOSOLA5,carmen,latex,__missing__,5,0,no observado | no observado | no observado | no observado | no observado
individual_097,MEPOSOLA5,carmen,pulvinus,absent,5,1,no claro | no claro | no visible | no visible | ausente
individual_097,MEPOSOLA5,carmen,tendrils,absent,5,5,ausentes | ausentes | ausentes | ausentes | ausentes
individual_097,MEPOSOLA5,carmen,damage,absent,5,5,ausente | ausente | ausente | ausente | ausente
individual_098,MEPSYCHO6,carmen,leaf_relative_position,whorled,5,5,verticilada | verticilada | verticilada | opuesta | verticilada
individual_098,MEPSYCHO6,carmen,leaf_spacing,clustered,5,5,agrupada | agrupada | agrupada | agrupada | agrupada
individual_098,MEPSYCHO6,carmen,leaf_complexity_type,simple,5,5,simple | simple | simple | simple | simple
individual_098,MEPSYCHO6,carmen,compound_leaf_type,__missing__,5,0,N/A | N/A | N/A | N/A | N/A
individual_098,MEPSYCHO6,carmen,leaflet_arrangement,__missing__,5,0,N/A | N/A | N/A | N/A | N/A
individual_098,MEPSYCHO6,carmen,leaf_margin,entire,5,5,entero | entero | entero | entero | entero
individual_098,MEPSYCHO6,carmen,leaf_shape,elliptic,5,5,eliptica | eliptica | eliptica | eliptica | eliptica
individual_098,MEPSYCHO6,carmen,leaf_apex,acute,5,5,agudo | agudo | agudo | agudo | agudo
individual_098,MEPSYCHO6,carmen,leaf_base,truncate,5,3,no claro | no claro | truncada | truncada | truncada
individual_098,MEPSYCHO6,carmen,venation,pinnate,5,5,pinnada | pinnada | pinnada | pinnada | pinnada
individual_098,MEPSYCHO6,carmen,leaf_trichomes,absent,5,4,no visible | ausente | ausente | ausente | ausente
individual_098,MEPSYCHO6,carmen,petiole_length,__missing__,5,0,no visible | no visible | no visible | no visible | no visible
individual_098,MEPSYCHO6,carmen,petiole_features,__missing__,5,0,no visible | no visible | no visible | no visible | no visible
individual_098,MEPSYCHO6,carmen,stem_type,woody,5,3,no visible | herbaceo | no visible | leñoso | leñoso
individual_098,MEPSYCHO6,carmen,stem_trichomes,absent,5,3,no visible | ausente | no visible | ausente | ausente
individual_098,MEPSYCHO6,carmen,stem_texture,smooth,5,3,no visible | lisa | no visible | lisa | lisa
individual_098,MEPSYCHO6,carmen,stipules,absent,5,2,no visible | no visible | no visible | ausentes | ausentes
individual_098,MEPSYCHO6,carmen,latex,__missing__,5,0,no visible | no observado | no observado | no observado | no observado
individual_098,MEPSYCHO6,carmen,pulvinus,absent,5,1,no visible | no visible | no visible | ausente | no visible
individual_098,MEPSYCHO6,carmen,tendrils,absent,5,5,ausentes | ausentes | ausentes | ausentes | ausentes
individual_098,MEPSYCHO6,carmen,damage,present,5,5,presente | presente | presente | presente | presente
individual_099,PEA0168,carmen,leaf_relative_position,whorled,4,3,verticilada | verticilada | verticilada | no visible
individual_099,PEA0168,carmen,leaf_spacing,clustered,4,3,agrupada | agrupada | agrupada | no visible
individual_099,PEA0168,carmen,leaf_complexity_type,simple,4,3,simple | simple | simple | no visible
individual_099,PEA0168,carmen,compound_leaf_type,__missing__,4,0,N/A | N/A | N/A | N/A
individual_099,PEA0168,carmen,leaflet_arrangement,__missing__,4,0,N/A | N/A | N/A | N/A
individual_099,PEA0168,carmen,leaf_margin,entire,4,3,entero | entero | entero | no visible
individual_099,PEA0168,carmen,leaf_shape,elliptic,4,3,eliptica | eliptica | eliptica | no visible
individual_099,PEA0168,carmen,leaf_apex,acuminate,4,3,acuminado | acuminado | acuminado | no visible
individual_099,PEA0168,carmen,leaf_base,cuneate,4,3,cuneada | cuneada | cuneada | no visible
individual_099,PEA0168,carmen,venation,pinnate,4,3,pinnada | pinnada | pinnada | no visible
individual_099,PEA0168,carmen,leaf_trichomes,absent,4,3,ausente | ausente | ausente | no visible
individual_099,PEA0168,carmen,petiole_length,__missing__,4,0,no visible | no visible | no visible | no visible
individual_099,PEA0168,carmen,petiole_features,__missing__,4,0,no visible | no visible | no visible | no visible
individual_099,PEA0168,carmen,stem_type,woody,4,4,leñoso | leñoso | leñoso | leñoso
individual_099,PEA0168,carmen,stem_trichomes,absent,4,3,ausente | ausente | no claro | ausente
individual_099,PEA0168,carmen,stem_texture,smooth,4,4,lisa | lisa | lisa | lenticelado
individual_099,PEA0168,carmen,stipules,absent,4,1,no claro | ausentes | no visible | no visible
individual_099,PEA0168,carmen,latex,__missing__,4,0,no observado | no observado | no observado | no visible
individual_099,PEA0168,carmen,pulvinus,__missing__,4,0,no visible | no visible | no visible | no visible
individual_099,PEA0168,carmen,tendrils,absent,4,4,ausentes | ausentes | ausentes | ausentes
individual_099,PEA0168,carmen,damage,present,4,3,presente | ausente | presente | no visible
individual_100,ANPSYCER1,carmen,leaf_relative_position,opposite,4,4,opuesta | opuesta | opuesta | opuesta
individual_100,ANPSYCER1,carmen,leaf_spacing,distal,4,4,distales | distales | distales | agrupada
individual_100,ANPSYCER1,carmen,leaf_complexity_type,simple,4,4,simple | simple | simple | simple
individual_100,ANPSYCER1,carmen,compound_leaf_type,__missing__,4,0,N/A | N/A | N/A | N/A
individual_100,ANPSYCER1,carmen,leaflet_arrangement,__missing__,4,0,N/A | N/A | N/A | N/A
individual_100,ANPSYCER1,carmen,leaf_margin,entire,4,4,entero | entero | entero | entero
individual_100,ANPSYCER1,carmen,leaf_shape,lanceolate,4,4,lanceolada | lanceolada | lanceolada | lanceolada
individual_100,ANPSYCER1,carmen,leaf_apex,acute,4,4,agudo | agudo | agudo | agudo
individual_100,ANPSYCER1,carmen,leaf_base,cuneate,4,4,cuneada | cuneada | cuneada | cuneada
individual_100,ANPSYCER1,carmen,venation,pinnate,4,4,pinnada | pinnada | pinnada | pinnada
individual_100,ANPSYCER1,carmen,leaf_trichomes,absent,4,4,ausente | ausente | ausente | ausente
individual_100,ANPSYCER1,carmen,petiole_length,short,4,2,no claro | corto | no claro | corto
individual_100,ANPSYCER1,carmen,petiole_features,terete,4,1,no claro | terete | no claro | no claro
individual_100,ANPSYCER1,carmen,stem_type,herbaceous,4,2,herbaceo | herbaceo | no visible | no visible
individual_100,ANPSYCER1,carmen,stem_trichomes,absent,4,2,ausente | ausente | no visible | no visible
individual_100,ANPSYCER1,carmen,stem_texture,smooth,4,1,no claro | lisa | no visible | no visible
individual_100,ANPSYCER1,carmen,stipules,__missing__,4,0,no claro | no claro | no claro | no claro
individual_100,ANPSYCER1,carmen,latex,__missing__,4,0,no visible | no observado | no visible | no observado
individual_100,ANPSYCER1,carmen,pulvinus,absent,4,1,no visible | ausente | no visible | no visible
individual_100,ANPSYCER1,carmen,tendrils,absent,4,4,ausentes | ausentes | ausentes | ausentes
individual_100,ANPSYCER1,carmen,damage,absent,4,4,presente | ausente | ausente | ausente
individual_101,ANCASECO2,carmen,leaf_relative_position,alternate,5,5,alterna | alterna | alterna | alterna | alterna
individual_101,ANCASECO2,carmen,leaf_spacing,distal,5,5,distales | distales | distales | distales | distales
individual_101,ANCASECO2,carmen,leaf_complexity_type,simple,5,5,simple | simple | simple | simple | simple
individual_101,ANCASECO2,carmen,compound_leaf_type,__missing__,5,0,N/A | N/A | N/A | N/A | N/A
individual_101,ANCASECO2,carmen,leaflet_arrangement,__missing__,5,0,N/A | N/A | N/A | N/A | N/A
individual_101,ANCASECO2,carmen,leaf_margin,entire,5,5,entero | entero | entero | entero | entero
individual_101,ANCASECO2,carmen,leaf_shape,lanceolate,5,5,lanceolada | lanceolada | lanceolada | lanceolada | lanceolada
individual_101,ANCASECO2,carmen,leaf_apex,acute,5,5,agudo | agudo | agudo | agudo | agudo
individual_101,ANCASECO2,carmen,leaf_base,cuneate,5,5,cuneada | cuneada | cuneada | cuneada | cuneada
individual_101,ANCASECO2,carmen,venation,pinnate,5,5,pinnada | pinnada | pinnada | pinnada | pinnada
individual_101,ANCASECO2,carmen,leaf_trichomes,absent,5,5,ausente | ausente | ausente | ausente | ausente
individual_101,ANCASECO2,carmen,petiole_length,short,5,5,corto | corto | corto | corto | corto
individual_101,ANCASECO2,carmen,petiole_features,terete,5,5,terete | terete | terete | terete | terete
individual_101,ANCASECO2,carmen,stem_type,woody,5,5,leñoso | leñoso | leñoso | leñoso | leñoso
individual_101,ANCASECO2,carmen,stem_trichomes,absent,5,4,ausente | ausente | ausente | ausente | no claro
individual_101,ANCASECO2,carmen,stem_texture,smooth,5,5,lisa | lisa | lisa | lisa | lisa
individual_101,ANCASECO2,carmen,stipules,present,5,3,presentes | no claro | no claro | presentes | presentes
individual_101,ANCASECO2,carmen,latex,__missing__,5,0,no observado | no observado | no observado | no observado | no observado
individual_101,ANCASECO2,carmen,pulvinus,absent,5,5,ausente | ausente | ausente | ausente | ausente
individual_101,ANCASECO2,carmen,tendrils,absent,5,5,ausentes | ausentes | ausentes | ausentes | ausentes
individual_101,ANCASECO2,carmen,damage,present,5,5,presente | presente | presente | presente | presente
individual_102,CHCUPASY3,carmen,leaf_relative_position,alternate,5,5,alterna | verticilada | alterna | verticilada | alterna
individual_102,CHCUPASY3,carmen,leaf_spacing,distal,5,5,distales | distales | distales | distales | distales
individual_102,CHCUPASY3,carmen,leaf_complexity_type,simple,5,5,simple | compuesta | simple | simple | simple
individual_102,CHCUPASY3,carmen,compound_leaf_type,odd-pinnate,5,1,N/A | imparipinnada | N/A | N/A | N/A
individual_102,CHCUPASY3,carmen,leaflet_arrangement,alternate,5,1,N/A | alterna | N/A | N/A | N/A
individual_102,CHCUPASY3,carmen,leaf_margin,entire,5,5,entero | entero | entero | entero | entero
individual_102,CHCUPASY3,carmen,leaf_shape,obovate,5,5,obovada | obovada | obovada | eliptica | eliptica
individual_102,CHCUPASY3,carmen,leaf_apex,acuminate,5,5,agudo | acuminado | acuminado | acuminado | acuminado
individual_102,CHCUPASY3,carmen,leaf_base,cuneate,5,5,cuneada | cuneada | cuneada | cuneada | cuneada
individual_102,CHCUPASY3,carmen,venation,pinnate,5,5,pinnada | pinnada | pinnada | pinnada | pinnada
individual_102,CHCUPASY3,carmen,leaf_trichomes,absent,5,2,no claro | no claro | no visible | ausente | ausente
individual_102,CHCUPASY3,carmen,petiole_length,short,5,2,no visible | no visible | no visible | corto | corto
individual_102,CHCUPASY3,carmen,petiole_features,terete,5,2,no visible | no visible | no visible | terete | terete
individual_102,CHCUPASY3,carmen,stem_type,woody,5,5,leñoso | leñoso | leñoso | leñoso | herbaceo
individual_102,CHCUPASY3,carmen,stem_trichomes,absent,5,2,no claro | no claro | no visible | ausente | presente
individual_102,CHCUPASY3,carmen,stem_texture,smooth,5,5,lisa | lisa | lisa | lisa | lisa
individual_102,CHCUPASY3,carmen,stipules,absent,5,1,no visible | no visible | no visible | ausentes | no claro
individual_102,CHCUPASY3,carmen,latex,__missing__,5,0,no observado | no observado | no observado | no observado | no observado
individual_102,CHCUPASY3,carmen,pulvinus,absent,5,2,no visible | no visible | no visible | ausente | ausente
individual_102,CHCUPASY3,carmen,tendrils,absent,5,3,no visible | ausentes | no visible | ausentes | ausentes
individual_102,CHCUPASY3,carmen,damage,present,5,5,presente | presente | presente | presente | presente
individual_103,OLPAULBR1,carmen,leaf_relative_position,whorled,5,5,verticilada | verticilada | verticilada | opuesta | verticilada
individual_103,OLPAULBR1,carmen,leaf_spacing,clustered,5,5,agrupada | agrupada | agrupada | distales | agrupada
individual_103,OLPAULBR1,carmen,leaf_complexity_type,compound,5,5,compuesta | compuesta | compuesta | compuesta | simple
individual_103,OLPAULBR1,carmen,compound_leaf_type,odd-pinnate,5,4,imparipinnada | imparipinnada | imparipinnada | imparipinnada | N/A
individual_103,OLPAULBR1,carmen,leaflet_arrangement,opposite,5,4,opuesto | opuesto | opuesto | opuesto | N/A
individual_103,OLPAULBR1,carmen,leaf_margin,toothed,5,5,dentado serrado | dentado serrado | dentado | dentado | dentado
individual_103,OLPAULBR1,carmen,leaf_shape,elliptic,5,5,eliptica | eliptica | eliptica | eliptica | eliptica
individual_103,OLPAULBR1,carmen,leaf_apex,acute,5,5,agudo | agudo | agudo | agudo | agudo
individual_103,OLPAULBR1,carmen,leaf_base,cuneate,5,5,cuneada | cuneada | cuneada | cuneada | cuneada
individual_103,OLPAULBR1,carmen,venation,pinnate,5,5,pinnada | pinnada | pinnada | pinnada | pinnada
individual_103,OLPAULBR1,carmen,leaf_trichomes,absent,5,3,no claro | no claro | ausente | ausente | ausente
individual_103,OLPAULBR1,carmen,petiole_length,long,5,5,largo | largo | largo | largo | largo
individual_103,OLPAULBR1,carmen,petiole_features,winged,5,5,alado | alado | alado | alado | alado
individual_103,OLPAULBR1,carmen,stem_type,herbaceous,5,1,no visible | no visible | no visible | herbaceo | no visible
individual_103,OLPAULBR1,carmen,stem_trichomes,__missing__,5,0,no visible | no visible | no visible | no claro | no visible
individual_103,OLPAULBR1,carmen,stem_texture,smooth,5,1,no visible | no visible | no visible | lisa | no visible
individual_103,OLPAULBR1,carmen,stipules,__missing__,5,0,no visible | no claro | no claro | no claro | no visible
individual_103,OLPAULBR1,carmen,latex,__missing__,5,0,no visible | no observado | no observado | no observado | no observado
individual_103,OLPAULBR1,carmen,pulvinus,absent,5,3,ausente | no visible | no visible | ausente | ausente
individual_103,OLPAULBR1,carmen,tendrils,absent,5,5,ausentes | ausentes | ausentes | ausentes | ausentes
individual_103,OLPAULBR1,carmen,damage,present,5,5,presente | presente | presente | presente | presente
individual_104,MESERJME1,carmen,leaf_relative_position,opposite,5,2,opuesta | no visible | no visible | alterna | no visible
individual_104,MESERJME1,carmen,leaf_spacing,distal,5,2,distales | no visible | no visible | agrupada | no visible
individual_104,MESERJME1,carmen,leaf_complexity_type,compound,5,5,simple | compuesta | compuesta | compuesta | compuesta
individual_104,MESERJME1,carmen,compound_leaf_type,odd-pinnate,5,3,N/A | imparipinnada | imparipinnada | no visible | imparipinnada
individual_104,MESERJME1,carmen,leaflet_arrangement,opposite,5,3,N/A | opuesto | opuesto | no visible | opuesto
individual_104,MESERJME1,carmen,leaf_margin,toothed,5,5,crenado | lobada | crenado | crenado | crenado
individual_104,MESERJME1,carmen,leaf_shape,elliptic,5,3,no claro | eliptica | eliptica | no visible | eliptica
individual_104,MESERJME1,carmen,leaf_apex,acute,5,4,agudo | agudo | agudo | no visible | acuminado
individual_104,MESERJME1,carmen,leaf_base,cuneate,5,4,cordada | cuneada | cuneada | no visible | cuneada
individual_104,MESERJME1,carmen,venation,pinnate,5,3,no claro | pinnada | pinnada | no visible | pinnada
individual_104,MESERJME1,carmen,leaf_trichomes,absent,5,5,ausente | ausente | ausente | ausente | ausente
individual_104,MESERJME1,carmen,petiole_length,long,5,2,largo | no visible | no claro | largo | no visible
individual_104,MESERJME1,carmen,petiole_features,terete,5,2,terete | no visible | no visible | terete | no visible
individual_104,MESERJME1,carmen,stem_type,herbaceous,5,2,herbaceo | no visible | no visible | herbaceo | no visible
individual_104,MESERJME1,carmen,stem_trichomes,absent,5,2,ausente | no visible | no visible | ausente | no visible
individual_104,MESERJME1,carmen,stem_texture,smooth,5,2,lisa | no visible | no visible | lisa | no visible
individual_104,MESERJME1,carmen,stipules,absent,5,1,no claro | no visible | no visible | ausentes | no visible
individual_104,MESERJME1,carmen,latex,absent,5,1,ausente | no visible | no visible | no observado | no observado
individual_104,MESERJME1,carmen,pulvinus,present,5,2,no claro | no visible | no visible | presente  basal | presente  basal
individual_104,MESERJME1,carmen,tendrils,absent,5,2,ausentes | no visible | no visible | ausentes | no claro
individual_104,MESERJME1,carmen,damage,present,5,3,presente | presente | presente | no visible | no claro
individual_105,BVCHR2AR5,carmen,leaf_relative_position,alternate,5,5,alterna | alterna | alterna | alterna | alterna
individual_105,BVCHR2AR5,carmen,leaf_spacing,distal,5,5,distales | distales | distales | distales | distales
individual_105,BVCHR2AR5,carmen,leaf_complexity_type,simple,5,5,simple | simple | simple | simple | simple
individual_105,BVCHR2AR5,carmen,compound_leaf_type,__missing__,5,0,N/A | N/A | N/A | N/A | N/A
individual_105,BVCHR2AR5,carmen,leaflet_arrangement,__missing__,5,0,N/A | N/A | N/A | N/A | N/A
individual_105,BVCHR2AR5,carmen,leaf_margin,entire,5,5,entero | entero | entero | entero | entero
individual_105,BVCHR2AR5,carmen,leaf_shape,elliptic,5,5,eliptica | eliptica | eliptica | eliptica | eliptica
individual_105,BVCHR2AR5,carmen,leaf_apex,acuminate,5,5,acuminado | acuminado | acuminado | acuminado | acuminado
individual_105,BVCHR2AR5,carmen,leaf_base,cuneate,5,5,cuneada | cuneada | cuneada | cuneada | cuneada
individual_105,BVCHR2AR5,carmen,venation,pinnate,5,5,pinnada | pinnada | pinnada | pinnada | pinnada
individual_105,BVCHR2AR5,carmen,leaf_trichomes,absent,5,5,ausente | ausente | ausente | ausente | ausente
individual_105,BVCHR2AR5,carmen,petiole_length,short,5,5,corto | corto | corto | corto | corto
individual_105,BVCHR2AR5,carmen,petiole_features,terete,5,5,terete | terete | terete | terete | acanalado
individual_105,BVCHR2AR5,carmen,stem_type,woody,5,5,leñoso | leñoso | leñoso | leñoso | leñoso
individual_105,BVCHR2AR5,carmen,stem_trichomes,absent,5,4,ausente | ausente | ausente | ausente | no claro
individual_105,BVCHR2AR5,carmen,stem_texture,smooth,5,5,lisa | lisa | lisa | lisa | lisa
individual_105,BVCHR2AR5,carmen,stipules,present,5,5,presentes | presentes | presentes | presentes | presentes
individual_105,BVCHR2AR5,carmen,latex,absent,5,1,no observado | no observado | ausente | no observado | no observado
individual_105,BVCHR2AR5,carmen,pulvinus,absent,5,5,ausente | ausente | ausente | ausente | ausente
individual_105,BVCHR2AR5,carmen,tendrils,absent,5,5,ausentes | ausentes | ausentes | ausentes | ausentes
individual_105,BVCHR2AR5,carmen,damage,present,5,5,ausente | ausente | presente | presente | presente
individual_106,SHMANIBI9,carmen,leaf_relative_position,alternate,5,5,alterna | opuesta | alterna | alterna | alterna
individual_106,SHMANIBI9,carmen,leaf_spacing,distal,5,5,distales | distales | distales | distales | distales
individual_106,SHMANIBI9,carmen,leaf_complexity_type,simple,5,5,simple | simple | simple | simple | simple
individual_106,SHMANIBI9,carmen,compound_leaf_type,__missing__,5,0,N/A | N/A | N/A | N/A | N/A
individual_106,SHMANIBI9,carmen,leaflet_arrangement,__missing__,5,0,N/A | N/A | N/A | N/A | N/A
individual_106,SHMANIBI9,carmen,leaf_margin,entire,5,5,entero | entero | entero | entero | entero
individual_106,SHMANIBI9,carmen,leaf_shape,obovate,5,4,obovada | obovada | obovada | obovada | no visible
individual_106,SHMANIBI9,carmen,leaf_apex,acute,5,4,agudo | agudo | agudo | agudo | no visible
individual_106,SHMANIBI9,carmen,leaf_base,cuneate,5,5,cuneada | cuneada | cuneada | cuneada | cuneada
individual_106,SHMANIBI9,carmen,venation,pinnate,5,5,pinnada | pinnada | pinnada | pinnada | pinnada
individual_106,SHMANIBI9,carmen,leaf_trichomes,absent,5,5,ausente | ausente | ausente | ausente | ausente
individual_106,SHMANIBI9,carmen,petiole_length,short,5,5,corto | corto | corto | corto | corto
individual_106,SHMANIBI9,carmen,petiole_features,terete,5,4,no claro | terete | terete | terete | terete
individual_106,SHMANIBI9,carmen,stem_type,herbaceous,5,5,herbaceo | herbaceo | herbaceo | herbaceo | herbaceo
individual_106,SHMANIBI9,carmen,stem_trichomes,absent,5,5,ausente | ausente | ausente | ausente | ausente
individual_106,SHMANIBI9,carmen,stem_texture,lenticellate,5,5,lenticelado | lenticelado | lenticelado | lenticelado | lenticelado
individual_106,SHMANIBI9,carmen,stipules,present,5,5,presentes | presentes | presentes | presentes | presentes
individual_106,SHMANIBI9,carmen,latex,__missing__,5,0,no observado | no observado | no observado | no observado | no observado
individual_106,SHMANIBI9,carmen,pulvinus,absent,5,5,ausente | ausente | ausente | ausente | ausente
individual_106,SHMANIBI9,carmen,tendrils,absent,5,5,ausentes | ausentes | ausentes | ausentes | ausentes
individual_106,SHMANIBI9,carmen,damage,present,5,5,presente | presente | presente | presente | presente
individual_107,BAR0401,carmen,leaf_relative_position,alternate,5,4,verticilada | alterna | alterna | alterna | no claro
individual_107,BAR0401,carmen,leaf_spacing,clustered,5,5,agrupada | agrupada | agrupada | agrupada | agrupada
individual_107,BAR0401,carmen,leaf_complexity_type,simple,5,5,simple | simple | simple | simple | simple
individual_107,BAR0401,carmen,compound_leaf_type,__missing__,5,0,N/A | N/A | N/A | N/A | N/A
individual_107,BAR0401,carmen,leaflet_arrangement,__missing__,5,0,N/A | N/A | N/A | N/A | N/A
individual_107,BAR0401,carmen,leaf_margin,__missing__,5,0,entero ondulada | entero ondulada | entero ondulada | entero ondulada | entero ondulada
individual_107,BAR0401,carmen,leaf_shape,other,5,5,linear | linear | linear | linear | linear
individual_107,BAR0401,carmen,leaf_apex,acuminate,5,5,acuminado | acuminado | acuminado | acuminado | acuminado
individual_107,BAR0401,carmen,leaf_base,cuneate,5,5,cuneada | cuneada | cuneada | cuneada | cuneada
individual_107,BAR0401,carmen,venation,pinnate,5,5,pinnada | pinnada | pinnada | pinnada | pinnada
individual_107,BAR0401,carmen,leaf_trichomes,absent,5,5,ausente | ausente | ausente | ausente | ausente
individual_107,BAR0401,carmen,petiole_length,short,5,5,corto | largo | largo | corto | corto
individual_107,BAR0401,carmen,petiole_features,terete,5,2,no claro | terete | no claro | terete | no claro
individual_107,BAR0401,carmen,stem_type,herbaceous,5,3,herbaceo | herbaceo | no claro | herbaceo | no claro
individual_107,BAR0401,carmen,stem_trichomes,absent,5,1,no claro | no claro | no claro | ausente | no visible
individual_107,BAR0401,carmen,stem_texture,smooth,5,1,no claro | no claro | no claro | lisa | no visible
individual_107,BAR0401,carmen,stipules,present,5,1,no claro | no claro | no claro | presentes | no visible
individual_107,BAR0401,carmen,latex,__missing__,5,0,no observado | no visible | no visible | no observado | no visible
individual_107,BAR0401,carmen,pulvinus,absent,5,3,no claro | ausente | ausente | ausente | no visible
individual_107,BAR0401,carmen,tendrils,absent,5,5,ausentes | ausentes | ausentes | ausentes | ausentes
individual_107,BAR0401,carmen,damage,present,5,5,presente | presente | ausente | presente | presente
individual_108,ANSIPAGU5,carmen,leaf_relative_position,opposite,5,4,opuesta | no claro | opuesta | opuesta | opuesta
individual_108,ANSIPAGU5,carmen,leaf_spacing,distal,5,5,distales | distales | distales | distales | distales
individual_108,ANSIPAGU5,carmen,leaf_complexity_type,simple,5,5,simple | simple | simple | simple | simple
individual_108,ANSIPAGU5,carmen,compound_leaf_type,__missing__,5,0,N/A | N/A | N/A | N/A | N/A
individual_108,ANSIPAGU5,carmen,leaflet_arrangement,__missing__,5,0,N/A | N/A | N/A | N/A | N/A
individual_108,ANSIPAGU5,carmen,leaf_margin,entire,5,5,entero | entero | entero | entero | entero
individual_108,ANSIPAGU5,carmen,leaf_shape,oblong,5,5,oblonga | oblonga | oblonga | oblonga | oblonga
individual_108,ANSIPAGU5,carmen,leaf_apex,acuminate,5,5,acuminado | acuminado | acuminado | acuminado | acuminado
individual_108,ANSIPAGU5,carmen,leaf_base,cuneate,5,5,cuneada | cuneada | cuneada | cuneada | cuneada
individual_108,ANSIPAGU5,carmen,venation,pinnate,5,5,pinnada | pinnada | pinnada | pinnada | pinnada
individual_108,ANSIPAGU5,carmen,leaf_trichomes,absent,5,5,ausente | ausente | ausente | ausente | ausente
individual_108,ANSIPAGU5,carmen,petiole_length,short,5,2,no claro | no claro | corto | corto | no claro
individual_108,ANSIPAGU5,carmen,petiole_features,grooved,5,1,no claro | no claro | acanalado | no claro | no claro
individual_108,ANSIPAGU5,carmen,stem_type,herbaceous,5,3,no claro | no claro | herbaceo | herbaceo | herbaceo
individual_108,ANSIPAGU5,carmen,stem_trichomes,__missing__,5,0,no visible | no claro | no claro | no claro | no claro
individual_108,ANSIPAGU5,carmen,stem_texture,smooth,5,1,no claro | no claro | lisa | no claro | no claro
individual_108,ANSIPAGU5,carmen,stipules,present,5,1,no visible | no claro | presentes | no claro | no visible
individual_108,ANSIPAGU5,carmen,latex,__missing__,5,0,no visible | no visible | no observado | no observado | no observado
individual_108,ANSIPAGU5,carmen,pulvinus,absent,5,2,no claro | no visible | ausente | ausente | no claro
individual_108,ANSIPAGU5,carmen,tendrils,absent,5,4,ausentes | no claro | ausentes | ausentes | ausentes
individual_108,ANSIPAGU5,carmen,damage,present,5,4,presente | no claro | presente | presente | presente
individual_109,SHSMILS14,carmen,leaf_relative_position,opposite,5,4,no claro | opuesta | verticilada | alterna | opuesta
individual_109,SHSMILS14,carmen,leaf_spacing,distal,5,5,distales | distales | distales | distales | distales
individual_109,SHSMILS14,carmen,leaf_complexity_type,simple,5,5,simple | simple | simple | simple | simple
individual_109,SHSMILS14,carmen,compound_leaf_type,__missing__,5,0,N/A | N/A | N/A | N/A | N/A
individual_109,SHSMILS14,carmen,leaflet_arrangement,__missing__,5,0,N/A | N/A | N/A | N/A | N/A
individual_109,SHSMILS14,carmen,leaf_margin,entire,5,5,entero | entero | entero | entero | entero
individual_109,SHSMILS14,carmen,leaf_shape,lanceolate,5,5,lanceolada | lanceolada | lanceolada | lanceolada | lanceolada
individual_109,SHSMILS14,carmen,leaf_apex,acute,5,4,agudo | agudo | agudo | agudo | no visible
individual_109,SHSMILS14,carmen,leaf_base,cuneate,5,5,cuneada | cuneada | cuneada | cuneada | cuneada
individual_109,SHSMILS14,carmen,venation,parallel,5,5,paralela | paralela | paralela | paralela | paralela
individual_109,SHSMILS14,carmen,leaf_trichomes,absent,5,5,ausente | ausente | ausente | ausente | ausente
individual_109,SHSMILS14,carmen,petiole_length,long,5,4,no claro | largo | largo | largo | largo
individual_109,SHSMILS14,carmen,petiole_features,grooved,5,5,acanalado | acanalado | acanalado | acanalado | acanalado
individual_109,SHSMILS14,carmen,stem_type,herbaceous,5,5,herbaceo | herbaceo | herbaceo | herbaceo | herbaceo
individual_109,SHSMILS14,carmen,stem_trichomes,__missing__,5,0,no claro | no claro | no claro | no claro | no visible
individual_109,SHSMILS14,carmen,stem_texture,smooth,5,3,no claro | no claro | lisa | lisa | lisa
individual_109,SHSMILS14,carmen,stipules,absent,5,2,no claro | ausentes | no visible | no visible | ausentes
individual_109,SHSMILS14,carmen,latex,__missing__,5,0,no observado | no observado | no visible | no observado | no observado
individual_109,SHSMILS14,carmen,pulvinus,present,5,4,no claro | presente  basal | presente  basal | presente  basal | presente  basal
individual_109,SHSMILS14,carmen,tendrils,absent,5,5,ausentes | ausentes | ausentes | ausentes | ausentes
individual_109,SHSMILS14,carmen,damage,present,5,5,presente | presente | presente | ausente | ausente
individual_110,OLPOURBI4,carmen,leaf_relative_position,opposite,5,5,verticilada | opuesta | verticilada | opuesta | opuesta
individual_110,OLPOURBI4,carmen,leaf_spacing,clustered,5,5,agrupada | agrupada | agrupada | distales | distales
individual_110,OLPOURBI4,carmen,leaf_complexity_type,simple,5,5,simple | simple | simple | simple | simple
individual_110,OLPOURBI4,carmen,compound_leaf_type,__missing__,5,0,N/A | N/A | N/A | N/A | N/A
individual_110,OLPOURBI4,carmen,leaflet_arrangement,__missing__,5,0,N/A | N/A | N/A | N/A | N/A
individual_110,OLPOURBI4,carmen,leaf_margin,toothed,5,4,serrado | serrado | serrado | no claro | entero
individual_110,OLPOURBI4,carmen,leaf_shape,elliptic,5,3,eliptica | eliptica | eliptica | no claro | no visible
individual_110,OLPOURBI4,carmen,leaf_apex,acute,5,3,agudo | agudo | agudo | no visible | no visible
individual_110,OLPOURBI4,carmen,leaf_base,cuneate,5,5,cuneada | cuneada | cuneada | cuneada | cuneada
individual_110,OLPOURBI4,carmen,venation,pinnate,5,4,pinnada | pinnada | pinnada | no claro | pinnada
individual_110,OLPOURBI4,carmen,leaf_trichomes,absent,5,5,ausente | ausente | ausente | ausente | ausente
individual_110,OLPOURBI4,carmen,petiole_length,long,5,5,largo | largo | largo | largo | largo
individual_110,OLPOURBI4,carmen,petiole_features,grooved,5,5,acanalado | acanalado | acanalado | terete | terete
individual_110,OLPOURBI4,carmen,stem_type,woody,5,2,no visible | no visible | no visible | leñoso | leñoso
individual_110,OLPOURBI4,carmen,stem_trichomes,absent,5,2,no visible | no visible | no visible | ausente | ausente
individual_110,OLPOURBI4,carmen,stem_texture,__missing__,5,0,no visible | no visible | no claro | no claro | no claro
individual_110,OLPOURBI4,carmen,stipules,present,5,3,no claro | presentes | no claro | presentes | presentes
individual_110,OLPOURBI4,carmen,latex,__missing__,5,0,no observado | no observado | no observado | no observado | no observado
individual_110,OLPOURBI4,carmen,pulvinus,absent,5,5,ausente | ausente | ausente | ausente | ausente
individual_110,OLPOURBI4,carmen,tendrils,absent,5,5,ausentes | ausentes | ausentes | ausentes | ausentes
individual_110,OLPOURBI4,carmen,damage,present,5,5,presente | presente | presente | presente | presente
individual_111,BVPETRAS9,carmen,leaf_relative_position,opposite,5,5,opuesta | opuesta | verticilada | verticilada | opuesta
individual_111,BVPETRAS9,carmen,leaf_spacing,clustered,5,4,no visible | distales | agrupada | agrupada | agrupada
individual_111,BVPETRAS9,carmen,leaf_complexity_type,simple,5,5,simple | simple | simple | simple | simple
individual_111,BVPETRAS9,carmen,compound_leaf_type,__missing__,5,0,N/A | N/A | N/A | N/A | N/A
individual_111,BVPETRAS9,carmen,leaflet_arrangement,__missing__,5,0,N/A | N/A | N/A | N/A | N/A
individual_111,BVPETRAS9,carmen,leaf_margin,__missing__,5,0,entero ondulada | entero ondulada | entero ondulada | entero ondulada | entero ondulada
individual_111,BVPETRAS9,carmen,leaf_shape,lanceolate,5,5,lanceolada | lanceolada | lanceolada | lanceolada | lanceolada
individual_111,BVPETRAS9,carmen,leaf_apex,acute,5,5,agudo | agudo | agudo | agudo | agudo
individual_111,BVPETRAS9,carmen,leaf_base,cuneate,5,5,cuneada | cuneada | cuneada | cuneada | cuneada
individual_111,BVPETRAS9,carmen,venation,pinnate,5,5,pinnada | pinnada | pinnada | pinnada | pinnada
individual_111,BVPETRAS9,carmen,leaf_trichomes,absent,5,5,ausente | ausente | ausente | ausente | ausente
individual_111,BVPETRAS9,carmen,petiole_length,long,5,1,largo | no claro | no visible | no visible | no visible
individual_111,BVPETRAS9,carmen,petiole_features,__missing__,5,0,no claro | no claro | no visible | no visible | no visible
individual_111,BVPETRAS9,carmen,stem_type,herbaceous,5,1,no visible | no claro | no visible | no visible | herbaceo
individual_111,BVPETRAS9,carmen,stem_trichomes,__missing__,5,0,no visible | no claro | no visible | no visible | no claro
individual_111,BVPETRAS9,carmen,stem_texture,__missing__,5,0,no visible | no claro | no visible | no visible | no claro
individual_111,BVPETRAS9,carmen,stipules,__missing__,5,0,no claro | no claro | no claro | no claro | no claro
individual_111,BVPETRAS9,carmen,latex,__missing__,5,0,no observado | no visible | no observado | no visible | no observado
individual_111,BVPETRAS9,carmen,pulvinus,__missing__,5,0,no visible | no claro | no visible | no visible | no visible
individual_111,BVPETRAS9,carmen,tendrils,absent,5,5,ausentes | ausentes | ausentes | ausentes | ausentes
individual_111,BVPETRAS9,carmen,damage,present,5,5,presente | presente | presente | presente | presente
individual_112,PEA0040,carmen,leaf_relative_position,whorled,5,5,verticilada | verticilada | verticilada | verticilada | verticilada
individual_112,PEA0040,carmen,leaf_spacing,clustered,5,5,agrupada | agrupada | agrupada | agrupada | agrupada
individual_112,PEA0040,carmen,leaf_complexity_type,simple,5,5,simple | simple | simple | simple | simple
individual_112,PEA0040,carmen,compound_leaf_type,__missing__,5,0,N/A | N/A | N/A | N/A | N/A
individual_112,PEA0040,carmen,leaflet_arrangement,__missing__,5,0,N/A | N/A | N/A | N/A | N/A
individual_112,PEA0040,carmen,leaf_margin,toothed,5,4,serrado | serrado | serrado | serrado | no claro
individual_112,PEA0040,carmen,leaf_shape,elliptic,5,4,eliptica | eliptica | eliptica | eliptica | no claro
individual_112,PEA0040,carmen,leaf_apex,acute,5,5,agudo | agudo | agudo | agudo | agudo
individual_112,PEA0040,carmen,leaf_base,cuneate,5,5,cuneada | cuneada | cuneada | cuneada | cuneada
individual_112,PEA0040,carmen,venation,pinnate,5,4,pinnada | pinnada | pinnada | pinnada | no claro
individual_112,PEA0040,carmen,leaf_trichomes,absent,5,5,ausente | ausente | ausente | ausente | ausente
individual_112,PEA0040,carmen,petiole_length,__missing__,5,0,no visible | no visible | no visible | no visible | no visible
individual_112,PEA0040,carmen,petiole_features,__missing__,5,0,no visible | no visible | no visible | no visible | no visible
individual_112,PEA0040,carmen,stem_type,herbaceous,5,5,herbaceo | herbaceo | herbaceo | herbaceo | herbaceo
individual_112,PEA0040,carmen,stem_trichomes,absent,5,1,no claro | no claro | no claro | no claro | ausente
individual_112,PEA0040,carmen,stem_texture,smooth,5,2,lisa | no claro | no claro | no claro | lenticelado
individual_112,PEA0040,carmen,stipules,__missing__,5,0,no visible | no visible | no visible | no claro | no claro
individual_112,PEA0040,carmen,latex,__missing__,5,0,no observado | no observado | no observado | no visible | no observado
individual_112,PEA0040,carmen,pulvinus,__missing__,5,0,no visible | no visible | no visible | no visible | no visible
individual_112,PEA0040,carmen,tendrils,absent,5,5,ausentes | ausentes | ausentes | ausentes | ausentes
individual_112,PEA0040,carmen,damage,present,5,5,presente | presente | presente | presente | ausente
individual_113,BAR0450,carmen,leaf_relative_position,opposite,5,5,opuesta | opuesta | opuesta | opuesta | opuesta
individual_113,BAR0450,carmen,leaf_spacing,distal,5,5,distales | distales | distales | distales | distales
individual_113,BAR0450,carmen,leaf_complexity_type,simple,5,5,simple | simple | simple | simple | simple
individual_113,BAR0450,carmen,compound_leaf_type,__missing__,5,0,N/A | N/A | N/A | N/A | N/A
individual_113,BAR0450,carmen,leaflet_arrangement,__missing__,5,0,N/A | N/A | N/A | N/A | N/A
individual_113,BAR0450,carmen,leaf_margin,entire,5,5,entero | entero | entero | entero | entero
individual_113,BAR0450,carmen,leaf_shape,elliptic,5,5,eliptica | eliptica | eliptica | eliptica | eliptica
individual_113,BAR0450,carmen,leaf_apex,acuminate,5,3,agudo | acuminado | no claro | no claro | acuminado
individual_113,BAR0450,carmen,leaf_base,cuneate,5,5,cuneada | cuneada | cuneada | cuneada | cuneada
individual_113,BAR0450,carmen,venation,pinnate,5,5,pinnada | pinnada | pinnada | pinnada | pinnada
individual_113,BAR0450,carmen,leaf_trichomes,absent,5,5,ausente | ausente | ausente | ausente | ausente
individual_113,BAR0450,carmen,petiole_length,__missing__,5,0,no visible | no visible | no visible | no visible | no visible
individual_113,BAR0450,carmen,petiole_features,__missing__,5,0,no visible | no visible | no visible | no visible | no visible
individual_113,BAR0450,carmen,stem_type,woody,5,5,leñoso | leñoso | leñoso | leñoso | leñoso
individual_113,BAR0450,carmen,stem_trichomes,absent,5,5,ausente | ausente | ausente | ausente | ausente
individual_113,BAR0450,carmen,stem_texture,lenticellate,5,5,lisa | lenticelado | lenticelado | lenticelado | lenticelado
individual_113,BAR0450,carmen,stipules,absent,5,5,ausentes | ausentes | ausentes | ausentes | ausentes
individual_113,BAR0450,carmen,latex,__missing__,5,0,no observado | no observado | no observado | no observado | no visible
individual_113,BAR0450,carmen,pulvinus,__missing__,5,0,no visible | no visible | no visible | no visible | no visible
individual_113,BAR0450,carmen,tendrils,absent,5,5,ausentes | ausentes | ausentes | ausentes | ausentes
individual_113,BAR0450,carmen,damage,present,5,5,presente | presente | presente | presente | presente
individual_114,SHVOCHFE2,carmen,leaf_relative_position,opposite,5,5,opuesta | opuesta | opuesta | opuesta | opuesta
individual_114,SHVOCHFE2,carmen,leaf_spacing,distal,5,5,distales | distales | distales | distales | distales
individual_114,SHVOCHFE2,carmen,leaf_complexity_type,simple,5,5,simple | simple | simple | simple | simple
individual_114,SHVOCHFE2,carmen,compound_leaf_type,__missing__,5,0,N/A | N/A | N/A | N/A | N/A
individual_114,SHVOCHFE2,carmen,leaflet_arrangement,__missing__,5,0,N/A | N/A | N/A | N/A | N/A
individual_114,SHVOCHFE2,carmen,leaf_margin,entire,5,5,entero | entero | entero | entero | entero
individual_114,SHVOCHFE2,carmen,leaf_shape,other,5,5,linear | linear | linear | linear | linear
individual_114,SHVOCHFE2,carmen,leaf_apex,acuminate,5,4,acuminado | acuminado | acuminado | acuminado | no claro
individual_114,SHVOCHFE2,carmen,leaf_base,cuneate,5,5,cuneada | cuneada | cuneada | cuneada | cuneada
individual_114,SHVOCHFE2,carmen,venation,pinnate,5,5,pinnada | pinnada | pinnada | pinnada | pinnada
individual_114,SHVOCHFE2,carmen,leaf_trichomes,absent,5,5,ausente | ausente | ausente | ausente | ausente
individual_114,SHVOCHFE2,carmen,petiole_length,short,5,1,no claro | no visible | no visible | no visible | Corto
individual_114,SHVOCHFE2,carmen,petiole_features,terete,5,1,no claro | no visible | no visible | no visible | terete
individual_114,SHVOCHFE2,carmen,stem_type,herbaceous,5,5,herbaceo | herbaceo | herbaceo | herbaceo | herbaceo
individual_114,SHVOCHFE2,carmen,stem_trichomes,__missing__,5,0,no claro | no claro | no claro | no claro | no claro
individual_114,SHVOCHFE2,carmen,stem_texture,ridged,5,2,no claro | estriada | no claro | no claro | estriada
individual_114,SHVOCHFE2,carmen,stipules,present,5,5,presentes | presentes | presentes | presentes | presentes
individual_114,SHVOCHFE2,carmen,latex,__missing__,5,0,no visible | no observado | no observado | no observado | no observado
individual_114,SHVOCHFE2,carmen,pulvinus,absent,5,1,no visible | no visible | no visible | no visible | ausente
individual_114,SHVOCHFE2,carmen,tendrils,absent,5,5,ausentes | ausentes | ausentes | ausentes | ausentes
individual_114,SHVOCHFE2,carmen,damage,present,5,5,presente | presente | presente | presente | presente
